NAME,geometry,geoid,DR_COUNT,EM_COUNT,ihProgramDeclared,paProgramDeclared,femaDeclarationString_EM,femaDeclarationString_DR,POPUNI_23,PRED0_E_23,PRED0_M_23,PRED0_PE_23,PRED0_PM_23,PRED12_E_23,PRED12_M_23,PRED12_PE_23,PRED12_PM_23,PRED3_E_23,PRED3_M_23,PRED3_PE_23,PRED3_PM_23,COAST_CTY,PCT3_23,PCT3_LB_23,PCT3_UB_23,PCT3_ST_23,PCT3_ST_LB_23,PCT3_ST_UB_23,HRCN_PCT3_23,HRCN_PCT3_LB_23,HRCN_PCT3_UB_23,POPESTIMATE2024,Total_Pop_E_23,Total_Pop_M_23,HSE_Units_E_23,HSE_Units_M_23,HSE_Occ_E_23,HSE_Occ_M_23,HSE_Occ_PE_23,HSE_Occ_PM_23,Own_E_23,Own_M_23,Own_PE_23,Own_PM_23,Rent_E_23,Rent_M_23,Rent_PE_23,Rent_PM_23,DEP_Ratio_E_23,DEP_Ratio_M_23,HHLD_SSI_E_23,HHLD_SSI_M_23,HHLD_SSI_PE_23,HHLD_SSI_PM_23,HHLD_Cash_Assist_E_23,HHLD_Cash_Assist_M_23,HHLD_Cash_Assist_PE_23,HHLD_Cash_Assist_PM_23,HHLD_SNAP_E_23,HHLD_SNAP_M_23,HHLD_SNAP_PE_23,HHLD_SNAP_PM_23,HHLD_ASSIST_or_SNAP_PE_23,HHLD_ASSIST_or_SNAP_PM_23,Under_18_E_23,Under_18_M_23,Under_18_PE_23,Under_18_PM_23,65_plus_E_23,65_plus_M_23,65_plus_PE_23,65_plus_PM_23,Disability_E_23,Disability_M_23,Disability_PE_23,Disability_PM_23,ENG_LVW_E_23,ENG_LVW_M_23,ENG_LVW_PE_23,ENG_LVW_PM_23,RURAL_POP_DEC_2020,TOTAL_POP_DEC_2020,HOUSEHOLDS_DEC_2020,MULTIGEN_DEC_2020,ALAND,RURAL_POP_P_DEC_2020,MULTIGEN_P_DEC_2020,POP_DENSITY_DEC_2020,RURAL_POP_PF_DEC_2020,SAEMHI_PT_23,SAEMHI_MOE_23,SAEPOVALL_PT_23,SAEPOVALL_MOE_23,SAEPOVRTALL_PT_23,SAEPOVRTALL_MOE_23,SAEPOVU_ALL_23,UNEMP_PE_M01_24,UNEMP_M01_24,LABOR_FORCE_M01_24,UNEMP_PE_M02_24,UNEMP_M02_24,LABOR_FORCE_M02_24,UNEMP_PE_M03_24,UNEMP_M03_24,LABOR_FORCE_M03_24,UNEMP_PE_M04_24,UNEMP_M04_24,LABOR_FORCE_M04_24,UNEMP_PE_M05_24,UNEMP_M05_24,LABOR_FORCE_M05_24,UNEMP_PE_M06_24,UNEMP_M06_24,LABOR_FORCE_M06_24,UNEMP_PE_M07_24,UNEMP_M07_24,LABOR_FORCE_M07_24,UNEMP_PE_M08_24,UNEMP_M08_24,LABOR_FORCE_M08_24,UNEMP_PE_M09_24,UNEMP_M09_24,LABOR_FORCE_M09_24,UNEMP_PE_M10_24,UNEMP_M10_24,LABOR_FORCE_M10_24,UNEMP_PE_M11_24,UNEMP_M11_24,LABOR_FORCE_M11_24,UNEMP_PE_M12_24,UNEMP_M12_24,LABOR_FORCE_M12_24,UNEMP_PE_M01_25,UNEMP_M01_25,LABOR_FORCE_M01_25,UNEMP_PE_M02_25,UNEMP_M02_25,LABOR_FORCE_M02_25,UNEMP_PE_M03_25,UNEMP_M03_25,LABOR_FORCE_M03_25,UNEMP_PE_M04_25,UNEMP_M04_25,LABOR_FORCE_M04_25,UNEMP_PE_M05_25,UNEMP_M05_25,LABOR_FORCE_M05_25,UNEMP_PE_M06_25,UNEMP_M06_25,LABOR_FORCE_M06_25,HSE_Occ_PF_23,Own_PF_23,Rent_PF_23,PRED0_PF_23,PRED12_PF_23,PRED3_PF_23,DEP_Ratio_F_23,HHLD_SSI_PF_23,HHLD_Cash_Assist_PF_23,HHLD_SNAP_PF_23,HHLD_ASSIST_or_SNAP_PF_23,Under_18_PF_23,65_plus_PF_23,Disability_PF_23,ENG_LVW_PF_23,MAX_OUTAGE,total_customers,Run Start Time,MAX_OUTAGE_RUN_START_TIME,MAX_PERCENTAGE_OUT,Wind_Swath_Mode,Wind_Swath_Max,totPrecip,femaDeclarationString_IA,incidentType,disasterNumber,damagedStateAbbreviation,utilitiesOut,accessFunctionalNeeds,destroyed,validReg,ihpReferral,haReferral,onaReferral,ihpEligible,haEligible,onaEligible,habitabilityRepairsRequired,haMax,ihOwners,haEligibleOwners,onaEligibleOwners,haMaxOwners,validReg_Prop,haEligible_Prop,onaEligible_Prop,ihOwners_P,haEligible_Owners_P,onaEligible_Owners_P,haMax_Owners_P
"Alachua County, Florida","POLYGON ((-82.658554 29.830144, -82.641377 29.827423, -82.63083 29.84247, -82.630646 29.842782, -82.619357 29.85922, -82.608466 29.852927, -82.586792 29.867668, -82.592553 29.887515, -82.575876 29.894865, -82.578786 29.915362, -82.529705 29.940881, -82.525368 29.94496, -82.484248 29.939625, -82.472129 29.926547, -82.448948 29.931515, -82.426292 29.921807, -82.418728 29.923093, -82.406629 29.914054, -82.398771 29.887319, -82.373893 29.879292, -82.334558 29.87845, -82.314176 29.867604, -82.305027 29.853171, -82.283874 29.845257, -82.272563 29.843011, -82.24245 29.852459, -82.233514 29.845297, -82.190271 29.848087, -82.173204 29.836976, -82.1471 29.838728, -82.13853 29.835959, -82.123923 29.823686, -82.124054 29.805289, -82.109123 29.783085, -82.079348 29.776005, -82.082095 29.763572, -82.057931 29.747822, -82.055625 29.718232, -82.050291 29.709735, -82.056071 29.656846, -82.055337 29.59482, -82.056104 29.50802, -82.055899 29.471232, -82.055643 29.441847, -82.080943 29.440386, -82.099886 29.418664, -82.105688 29.435966, -82.109795 29.435379, -82.134505 29.435041, -82.148519 29.417178, -82.167122 29.427051, -82.193626 29.420935, -82.207237 29.42727, -82.216878 29.45504, -82.211661 29.466056, -82.188795 29.454425, -82.211449 29.484067, -82.24389 29.484271, -82.287204 29.484331, -82.40662 29.485048, -82.412932 29.485092, -82.496247 29.485499, -82.523096 29.479266, -82.556766 29.480055, -82.556511 29.511982, -82.557106 29.537466, -82.639496 29.536144, -82.656331 29.53562, -82.656301 29.564811, -82.657043 29.726635, -82.658554 29.830144))",12001,1,1,1,1,EM-3615-FL,DR-4828-FL,269665,100308,10123,37.2,3.75,115980,10399,43.01,3.86,53377,8069,19.79,2.99,No,31.17,15.65,53.05,20.15,7.46,47.76,32.36,16.09,53.76,291782,281751,0,125702,238,112776,1105,89.7,0.9,60974,1226,54.1,1.1,51802,1488,45.9,1.1,48.8,0.1,4346,549,3.9,0.5,2448,491,2.2,0.4,9970,933,8.8,0.8,10.0,0.9,50339,55,17.9,0.1,42114,3,14.9,0.1,32413,1570,11.6,0.6,9005,907,3.4,0.3,64720,278468,112723,3775,2267912994.0,23.2,3.3,318.01,1,61843,4465,49524,5780,18.5,2.2,267829,3.5,5021,141522,3.4,4900,142598,3.7,5252,141393,3.2,4572,144184,3.6,5011,140576,4.3,6017,140713,4.2,5915,140950,4.3,5978,140618,3.6,5312,145670,3.9,5601,145256,4.0,5821,144313,3.4,4902,142580,4.1,5828,143750,4.1,5923,144747,4.1,5978,145529,3.8,5570,146165,4.1,5920,142694,4.7,6616,142021,0,-1,1,0,0,0,-1,-1,-1,-1,-1,-1,-1,-1,-1,89495,141425,2024-09-27 06:00:00+00:00,2024-09-27 06:00:00+00:00,63.3,50,50,2.1,DR-4828-FL,Hurricane,4828.0,FL,2939,0,5,8246,5985,4836,5304,2881,452,2877,722,1,3624,352,1171,1,7.3,0.4,2.6,43.9,77.9,40.7,100.0
"Baker County, Florida","POLYGON ((-82.459581 30.584264, -82.4189159951919 30.5817349193742, -82.374877 30.578996, -82.287373 30.573451, -82.258129 30.571552, -82.24987 30.570856, -82.214867 30.568584, -82.2148461613534 30.5685089992323, -82.214413 30.56695, -82.218607 30.564395, -82.223053 30.563202, -82.227282 30.561033, -82.231944 30.556262, -82.235631 30.544877, -82.235848 30.537178, -82.23498 30.533057, -82.23078 30.526749, -82.229427 30.520814, -82.230405 30.51733, -82.226961 30.510271, -82.225054 30.50782, -82.218541 30.504177, -82.212879 30.498741, -82.206472 30.491867, -82.201443 30.485154, -82.200965 30.474427, -82.204641 30.468857, -82.207735 30.460492, -82.207549 30.456916, -82.206067 30.455495, -82.20485 30.451828, -82.204002 30.444495, -82.206513 30.437069, -82.209897 30.432806, -82.210318 30.424577, -82.204177 30.401316, -82.192966 30.378765, -82.189873 30.375924, -82.183823 30.373698, -82.180043 30.36861, -82.1719966251191 30.3603310272083, -82.171533 30.359854, -82.170079 30.358914, -82.165217 30.35802, -82.161782 30.357836, -82.158134 30.359898, -82.143306 30.363378, -82.116408 30.36732, -82.104857 30.368305, -82.102523 30.367809, -82.101439 30.366541, -82.101821 30.365321, -82.1001429509055 30.3642462652382, -82.094709 30.360766, -82.081128 30.358791, -82.068554 30.359169, -82.060055 30.360313, -82.05009 30.362323, -82.0499665504695 30.3623762347418, -82.049702 30.292389, -82.049236 30.273432, -82.049411 30.186933, -82.049425 30.143136, -82.142578 30.143117, -82.287015 30.141734, -82.443667 30.138086, -82.458364 30.136449, -82.457073 30.442757, -82.4597924203985 30.5842766709258, -82.459581 30.584264))",12003,1,0,1,1,,DR-4828-FL,27462,11209,1830,40.82,6.66,10867,1906,39.57,6.94,5386,1582,19.61,5.76,Yes,29.72,5.34,68.31,17.91,1.49,68.65,0.0,0.0,0.0,29325,28186,0,10013,30,9012,295,90.0,2.9,7498,423,83.2,3.8,1514,350,16.8,3.8,64.6,1.6,705,243,7.8,2.7,82,56,0.9,0.6,1652,348,18.3,3.8,18.6,3.8,6814,39,24.2,0.1,4253,163,15.1,0.6,3812,556,15.1,2.2,224,133,0.8,0.5,17378,28259,9087,596,1515738965.0,61.5,6.6,48.29,2,69399,6956,3328,833,12.5,3.1,26712,3.1,366,11991,3.0,364,12000,3.0,364,12068,2.8,337,12081,3.0,369,12142,3.5,426,12280,3.5,436,12304,3.6,437,12289,3.2,395,12289,3.4,419,12238,3.6,439,12181,3.2,387,12158,3.8,463,12214,3.8,467,12148,3.6,443,12174,3.5,429,12173,3.7,446,12182,4.0,494,12243,0,1,-1,0,0,0,0,0,-1,1,1,1,-1,0,-1,11299,17134,2024-09-27 11:00:00+00:00,2024-09-27 11:00:00+00:00,65.9,50,50,1.5,DR-4828-FL,Hurricane,4828.0,FL,388,0,0,979,641,539,570,358,79,357,112,0,612,73,220,0,10.9,0.9,4.0,62.5,92.4,61.6,0.0
"Bay County, Florida","POLYGON ((-85.995732 30.274656, -85.995528 30.281311, -85.994712 30.311702, -85.992736 30.38932, -85.981834 30.39219, -85.965585 30.410279, -85.940246 30.408622, -85.921516 30.41583, -85.907638 30.405819, -85.883984 30.410253, -85.870358 30.419764, -85.8535 30.440623, -85.688072 30.438859, -85.548601 30.437303, -85.487988 30.437017, -85.487266 30.471399, -85.486424 30.56323, -85.485651 30.567569, -85.434782 30.56756, -85.383948 30.566856, -85.385789 30.480488, -85.389656 30.248992, -85.389679 30.200973, -85.391296 30.027635, -85.388427 29.928371, -85.3886762139845 29.9243546048056, -85.3886855748733 29.9243626833052, -85.405052 29.938487, -85.425956 29.949888, -85.4476600584369 29.9559789889468, -85.460488 29.959579, -85.469425 29.957788, -85.487764 29.961227, -85.509148 29.971466, -85.541176 29.995791, -85.571907 30.02644, -85.58139 30.037783, -85.588242 30.055543, -85.601178 30.056342, -85.618254 30.065481, -85.6310514902991 30.0707517019581, -85.637285 30.073319, -85.653251 30.077839, -85.69681 30.09689, -85.730054 30.118153, -85.74993 30.136537, -85.7587568903498 30.1433812616321, -85.772285918576 30.1538715028314, -85.775405 30.15629, -85.7903921452868 30.1655089314422, -85.811219 30.17832, -85.8200745796342 30.1832558816596, -85.8313137587657 30.1895203228859, -85.8666545333212 30.2092183989203, -85.878138 30.215619, -85.8953009924425 30.2242676628059, -85.9197727119432 30.2365992915093, -85.9226 30.238024, -85.9358884806809 30.2436523211552, -85.9959294103157 30.2690825898638, -85.995732 30.274656))",12005,1,1,0,1,EM-3615-FL,DR-4828-FL,188961,65265,6860,34.54,3.63,87317,6989,46.21,3.7,36379,5378,19.25,2.85,Yes,26.83,13.8,48.44,14.92,5.97,41.79,27.74,14.04,48.97,199718,181368,0,106209,61,76118,1106,71.7,1.0,51976,1279,68.3,1.4,24142,1105,31.7,1.4,64.6,0.1,3702,567,4.9,0.7,1877,404,2.5,0.5,9623,728,12.6,0.9,13.6,1.0,38149,0,21.0,0.0,33065,14,18.2,0.1,32100,1589,18.2,0.9,6653,807,3.9,0.5,24897,175216,70134,3274,1964821464.0,14.2,4.7,230.97,1,70859,3141,22023,3525,11.8,1.9,187105,3.6,3233,89448,3.3,2965,90313,3.1,2815,92202,2.8,2607,92307,3.0,2771,93113,3.4,3232,94627,3.6,3416,94750,3.5,3299,94425,3.3,3123,93391,3.3,3070,92493,3.5,3173,91491,3.2,2936,91402,4.0,3660,92190,3.9,3534,91782,3.4,3170,92313,3.4,3151,92363,3.4,3130,92254,3.9,3614,92697,-1,1,-1,0,0,0,1,0,0,0,0,-1,1,1,-1,1114,125980,2024-09-27 06:15:00+00:00,2024-09-27 06:15:00+00:00,0.9,34,34,5.9,,,,,0,0,0,0,0,0,0,0,0,0,0,0,0,0,0,0,0.0,0.0,0.0,0.0,0.0,0.0,0.0
"Bradford County, Florida","POLYGON ((-82.415652 29.926326, -82.362818 29.934237, -82.358025 29.933574, -82.345363 29.950161, -82.342569 29.961086, -82.307409 29.956156, -82.273999 29.998323, -82.259971 30.02809, -82.225638 30.034264, -82.184015 30.066846, -82.169681 30.099412, -82.14734 30.109985, -82.137909 30.127354, -82.142578 30.143117, -82.049425 30.143136, -82.049389 30.110447, -82.049201 30.055904, -82.047737 29.993716, -82.047987 29.91024, -82.047415 29.864887, -82.046649 29.795152, -82.046112 29.747129, -82.049244 29.71867, -82.055625 29.718232, -82.057931 29.747822, -82.082095 29.763572, -82.079348 29.776005, -82.109123 29.783085, -82.124054 29.805289, -82.123923 29.823686, -82.13853 29.835959, -82.1471 29.838728, -82.173204 29.836976, -82.190271 29.848087, -82.233514 29.845297, -82.24245 29.852459, -82.272563 29.843011, -82.283874 29.845257, -82.305027 29.853171, -82.314176 29.867604, -82.334558 29.87845, -82.373893 29.879292, -82.398771 29.887319, -82.406629 29.914054, -82.418728 29.923093, -82.415652 29.926326))",12007,1,1,1,1,EM-3615-FL,DR-4828-FL,25524,7218,1448,28.28,5.67,12559,1531,49.2,6.0,5747,1309,22.52,5.13,No,50.34,18.73,78.81,42.53,10.45,80.59,0.0,0.0,0.0,28075,27888,0,10826,30,9104,367,84.1,3.4,6451,451,70.9,4.4,2653,429,29.1,4.4,62.9,1.7,829,221,9.1,2.4,253,125,2.8,1.3,1646,333,18.1,3.5,19.4,3.6,5712,98,20.5,0.4,5055,170,18.1,0.6,4502,602,18.7,2.5,200,156,0.8,0.6,20024,28303,9462,583,761368539.0,70.7,6.2,96.28,2,59468,6234,3871,901,15.4,3.6,25142,3.5,359,10289,3.6,370,10366,3.6,371,10359,3.1,320,10255,3.5,356,10221,4.1,424,10271,4.1,420,10284,4.0,414,10373,3.8,393,10468,3.8,395,10399,3.9,406,10322,3.6,369,10248,4.3,452,10405,4.1,423,10346,3.8,398,10349,3.8,394,10329,3.9,404,10286,4.6,473,10300,-1,1,-1,-1,0,0,0,1,0,1,1,-1,1,1,-1,9072,20147,2024-09-27 09:00:00+00:00,2024-09-27 09:00:00+00:00,45.0,50,50,1.3,DR-4828-FL,Hurricane,4828.0,FL,239,0,1,886,667,569,611,392,131,392,171,0,517,107,239,0,9.7,1.4,4.3,58.4,81.7,61.0,0.0
"Calhoun County, Florida","POLYGON ((-85.389656 30.248992, -85.385789 30.480488, -85.383948 30.566856, -85.171891 30.564336, -85.165147 30.60486, -85.167713 30.608026, -85.013167 30.6061, -84.932519 30.606393, -84.944318 30.581694, -84.965418 30.580194, -84.962218 30.563594, -84.992279 30.519315, -84.999916 30.472418, -84.987441 30.464901, -85.001534 30.449781, -84.981229 30.444129, -85.000777 30.437243, -85.031882 30.422648, -85.014572 30.394269, -85.026242 30.375589, -85.040199 30.372089, -85.027898 30.360843, -85.04277 30.352466, -85.045328 30.324745, -85.034133 30.313681, -85.047564 30.312791, -85.057253 30.301301, -85.052777 30.287406, -85.063951 30.270863, -85.059092 30.263229, -85.076768 30.250989, -85.081336 30.228531, -85.092076 30.227568, -85.102962 30.211726, -85.11823 30.210491, -85.11566 30.199976, -85.191279 30.2008, -85.208163 30.200922, -85.383066 30.201339, -85.389679 30.200973, -85.389656 30.248992))",12013,1,1,0,1,EM-3615-FL,DR-4828-FL,12159,3297,786,27.12,6.46,5674,828,46.67,6.81,3188,706,26.22,5.81,Yes,74.61,37.05,91.18,76.11,28.36,94.02,0.0,0.0,0.0,13278,13593,0,5663,20,4625,225,81.7,3.9,3556,243,76.9,4.6,1069,229,23.1,4.6,60.8,2.3,474,153,10.2,3.2,80,53,1.7,1.2,1042,203,22.5,4.1,23.3,4.1,2713,110,20.0,0.8,2428,62,17.9,0.5,2849,375,24.1,3.2,196,98,1.5,0.8,13648,13648,4784,238,1469394597.0,100.0,5.0,24.06,3,47523,5489,2713,520,22.9,4.4,11870,3.5,173,4964,3.4,171,4966,3.4,173,5093,3.3,167,5065,3.6,181,5076,4.1,208,5125,4.3,211,4957,4.0,203,5062,3.7,192,5136,3.8,193,5143,3.9,201,5090,3.3,167,5058,4.1,209,5149,4.1,211,5133,3.7,193,5157,3.7,190,5174,3.6,188,5179,4.3,222,5165,-1,1,-1,-1,0,0,-1,1,0,1,1,-1,1,1,-1,615,10759,2024-09-27 12:15:00+00:00,2024-09-27 12:15:00+00:00,5.7,34,34,7.9,,,,,0,0,0,0,0,0,0,0,0,0,0,0,0,0,0,0,0.0,0.0,0.0,0.0,0.0,0.0,0.0
"Charlotte County, Florida","POLYGON ((-82.35266 26.945936, -82.337275 26.94588, -82.323284 26.945675, -82.304261 26.945642, -82.288996 26.945506, -82.263651 26.94533, -82.255521 26.945264, -82.255297 27.000336, -82.255183 27.031137, -82.252252 27.032985, -82.204768 27.03284, -82.203442 27.032843, -82.1944 27.032826, -82.177185 27.032789, -82.15616 27.032732, -82.15082 27.032704, -82.13893 27.032627, -82.118728 27.032503, -82.076404 27.03212, -82.067588 27.032079, -82.057506 27.032119, -82.040198 27.03195, -81.999648 27.031705, -81.99154 27.032075, -81.991139 27.032228, -81.983242 27.03525, -81.958556 27.035049, -81.771689 27.033911, -81.562624 27.033835, -81.562531 27.033687, -81.565748 26.769601, -81.661695 26.769609, -81.805526 26.769745, -81.878528 26.769934, -81.879008 26.769937, -81.89214 26.769967, -81.931333 26.770051, -82.03816 26.770367, -82.061068 26.770423, -82.0620292851376 26.7704391019286, -82.061401 26.774279, -82.061401 26.789228, -82.055076 26.802452, -82.0561164765319 26.8095265166069, -82.057951 26.822, -82.058526 26.838674, -82.056801 26.858797, -82.059101 26.876621, -82.0615828015751 26.8785300015059, -82.066575 26.88237, -82.090723 26.888694, -82.093023 26.906518, -82.0925712304766 26.9091379489612, -82.090148 26.923191, -82.083249 26.927791, -82.067725 26.927791, -82.0669411361139 26.9282614001404, -82.061976 26.931241, -82.061401 26.938715, -82.0616627832629 26.9404600699941, -82.063126 26.950214, -82.076349 26.958263, -82.0823642508795 26.9581536248852, -82.107972 26.957688, -82.1130393549983 26.9557880861627, -82.117171 26.954239, -82.124645 26.945615, -82.137294 26.926066, -82.162017 26.925491, -82.1672262204231 26.9238879484917, -82.169491 26.923191, -82.175241 26.916867, -82.172941 26.897319, -82.156267 26.851898, -82.147068 26.789803, -82.151093 26.783479, -82.172941 26.778879, -82.17869 26.772555, -82.191112 26.7703354182162, -82.221492 26.781754, -82.261346 26.788862, -82.2716991509411 26.7895164213546, -82.289086 26.827784, -82.301736 26.841588, -82.314004999635 26.8580069710019, -82.329889999998 26.8792650497439, -82.3407353024991 26.8937787601172, -82.351649 26.908384, -82.3757372343028 26.9460410197591, -82.35266 26.945936))",12015,1,1,1,1,EM-3615-FL,DR-4828-FL,204260,53703,7223,26.29,3.54,97732,7881,47.85,3.86,52825,6736,25.86,3.3,Yes,72.7,51.52,84.18,73.13,46.26,86.56,72.94,52.05,86.64,212122,195083,0,114821,127,87376,1263,76.1,1.1,72670,1145,83.2,1.0,14706,990,16.8,1.0,109.5,0.3,3448,459,3.9,0.5,1885,428,2.2,0.5,6413,554,7.3,0.6,8.4,0.7,23070,0,11.8,0.0,78873,113,40.4,0.1,40057,1800,21.0,0.9,5966,777,3.1,0.4,12145,186847,85846,2507,1764084561.0,6.5,2.9,274.32,1,71381,3822,18491,2963,9.1,1.5,202247,4.0,3061,76860,3.9,3007,77783,3.6,2797,78131,3.5,2713,77603,3.7,2847,77531,4.1,3190,77495,4.7,3627,77522,4.5,3507,77313,4.5,3485,77393,4.6,3510,77012,4.6,3510,76795,4.1,3125,77116,4.8,3757,78066,4.7,3697,77963,4.2,3305,77962,4.4,3418,77771,4.4,3393,77459,5.0,3826,77232,-1,1,-1,-1,0,1,1,-1,0,-1,-1,-1,1,1,-1,21898,137611,2024-09-27 03:00:00+00:00,2024-09-27 03:00:00+00:00,15.9,34,34,3.9,DR-4828-FL,Hurricane,4828.0,FL,1569,0,3,7251,6249,5055,5919,4560,1430,4556,2485,6,4849,1240,3195,6,8.3,1.6,5.2,66.9,86.7,70.1,100.0
"Citrus County, Florida","POLYGON ((-82.755421 29.001865, -82.728082 29.014823, -82.712039 29.030834, -82.689814 29.033962, -82.675472 29.026196, -82.652692 29.023035, -82.612653 29.009271, -82.602131 29.013451, -82.593616 29.030039, -82.576974 29.028065, -82.565931 29.034809, -82.556737 29.033605, -82.535591 29.044855, -82.534922 29.040866, -82.508131 29.037479, -82.472923 29.051203, -82.464326 29.045191, -82.458566 29.04765, -82.418226 29.01305, -82.401415 29.018606, -82.393503 29.008006, -82.366411 29.002616, -82.349612 28.988672, -82.320274 28.973146, -82.315836 28.973271, -82.3154 28.970504, -82.313255 28.96928, -82.312254 28.966645, -82.311697 28.960391, -82.297091 28.948354, -82.276092 28.904674, -82.242235 28.876425, -82.231952 28.856582, -82.221373 28.851829, -82.183637 28.823626, -82.169779 28.796715, -82.169289 28.791929, -82.186898 28.779501, -82.183229 28.763849, -82.210702 28.754063, -82.241926 28.723782, -82.249207 28.717393, -82.248603 28.701494, -82.263052 28.667634, -82.268422 28.666915, -82.32269 28.666853, -82.359878 28.665954, -82.417785 28.665898, -82.418353 28.694859, -82.451416 28.694813, -82.507397 28.694671, -82.552402 28.694642, -82.552629 28.694635, -82.6689175088669 28.694076625066, -82.668722 28.695658, -82.712373 28.720921, -82.698281 28.75701, -82.7144190056715 28.8040371098197, -82.730245 28.850155, -82.688864 28.905609, -82.6946037186202 28.9170208325861, -82.702618 28.932955, -82.708793 28.935979, -82.723861 28.953506, -82.7280480604485 28.9606186866426, -82.735754 28.973709, -82.737872 28.995703, -82.758906169124 28.9932767295988, -82.755421 29.001865))",12017,1,1,1,1,EM-3615-FL,DR-4828-FL,165976,40257,5678,24.25,3.42,81103,6201,48.86,3.74,44616,5393,26.88,3.25,Yes,77.87,58.36,86.98,82.08,55.22,89.54,79.44,59.24,89.37,170174,158693,0,83417,76,69701,944,83.6,1.2,59129,1098,84.8,1.1,10572,779,15.2,1.1,104.7,0.2,4219,483,6.1,0.7,1733,386,2.5,0.6,8423,815,12.1,1.2,12.9,1.2,23508,0,14.8,0.0,57659,87,36.3,0.1,33577,1714,21.5,1.1,2770,468,1.8,0.3,38421,153843,69438,2380,1507201245.0,25.0,3.4,264.37,1,54447,3257,25675,3547,15.7,2.2,163929,5.0,2674,53451,4.8,2581,53311,4.5,2435,53792,4.3,2291,53547,4.6,2439,53603,5.1,2796,54429,5.8,3090,53700,5.4,2948,54588,5.3,2878,54425,5.3,2866,54214,5.2,2767,53422,4.7,2533,53454,5.8,3118,54056,5.7,3075,53859,5.1,2740,53891,5.2,2807,54126,5.2,2784,53920,5.8,3168,54424,-1,1,-1,-1,1,1,1,1,0,0,0,-1,1,1,-1,34878,110218,2024-09-27 06:45:00+00:00,2024-09-27 06:45:00+00:00,31.6,50,64,1.9,DR-4828-FL,Hurricane,4828.0,FL,1108,0,3,5433,4456,3528,4214,3222,994,3222,1934,5,3701,864,2314,5,7.8,1.4,4.6,68.1,86.9,71.8,100.0
"Clay County, Florida","POLYGON ((-82.049411 30.186933, -81.9204 30.186941, -81.890725 30.187539, -81.868048 30.188018, -81.837585 30.188624, -81.825991 30.188748, -81.825865 30.18875, -81.80406 30.189118, -81.798227 30.188998, -81.764308 30.189339, -81.739472 30.189329, -81.73349 30.193466, -81.725203 30.191008, -81.711348 30.191193, -81.703442 30.189034, -81.702036 30.191424, -81.679626 30.190495, -81.690516 30.17194, -81.692116 30.14474, -81.690446 30.139805, -81.680215 30.12124, -81.680073 30.086621, -81.690458 30.042834, -81.688876 30.028566, -81.685403 30.020601, -81.678243 30.012233, -81.658017 30.000124, -81.624812 29.981572, -81.605575 29.964686, -81.599341 29.9381, -81.608356 29.915695, -81.599013 29.875422, -81.583457 29.844556, -81.581207 29.840176, -81.797218 29.836649, -81.797232 29.83665, -81.821872 29.82634, -81.861994 29.800187, -81.89068 29.79821, -81.919525 29.786869, -81.924906 29.774832, -81.939427 29.747497, -81.982559 29.745777, -82.00707 29.73949, -82.028917 29.718681, -82.049244 29.71867, -82.046112 29.747129, -82.046649 29.795152, -82.047415 29.864887, -82.047987 29.91024, -82.047737 29.993716, -82.049201 30.055904, -82.049389 30.110447, -82.049425 30.143136, -82.049411 30.186933))",12019,1,0,0,1,,DR-4828-FL,232025,91365,8249,39.38,3.56,103607,8372,44.65,3.61,37053,6338,15.97,2.73,Yes,8.43,4.13,26.24,4.48,1.49,16.42,9.93,3.08,26.71,236760,223436,0,87165,83,81757,536,93.8,0.6,62335,1064,76.2,1.3,19422,1096,23.8,1.3,66.0,0.2,2890,534,3.5,0.7,1491,350,1.8,0.4,7072,864,8.7,1.1,9.7,1.1,51316,140,23.0,0.1,37541,7,16.8,0.1,29417,1396,13.4,0.6,6651,899,3.1,0.4,31483,218245,78939,4840,1565900894.0,14.4,6.1,360.98,1,82249,4929,18198,3221,7.9,1.4,229775,3.3,3772,113435,3.2,3663,113510,3.2,3656,114115,2.9,3367,114231,3.1,3567,114624,3.6,4220,115915,3.7,4347,116149,3.6,4202,115952,3.4,3935,116116,3.5,4012,115667,3.6,4086,114989,3.2,3662,114901,3.8,4416,115393,3.8,4403,114790,3.6,4113,114934,3.5,4001,114982,3.6,4117,114979,4.1,4764,115635,1,1,-1,1,0,-1,1,-1,-1,-1,-1,1,0,0,-1,36385,105041,2024-09-27 11:15:00+00:00,2024-09-27 11:15:00+00:00,34.6,50,50,1.1,,,,,0,0,0,0,0,0,0,0,0,0,0,0,0,0,0,0,0.0,0.0,0.0,0.0,0.0,0.0,0.0
"Collier County, Florida","POLYGON ((-81.8458335535129 26.3303779735441, -81.84105 26.33035, -81.819119 26.330424, -81.819019 26.316245, -81.805169 26.316288, -81.804973 26.316288, -81.789135 26.316281, -81.788111 26.316428, -81.754404 26.316753, -81.746167 26.316896, -81.722405 26.317081, -81.706262 26.317208, -81.690494 26.317334, -81.670527 26.317501, -81.6579 26.317563, -81.658064 26.332368, -81.659506 26.421077, -81.56252 26.422619, -81.562743 26.454395, -81.563763 26.513331, -81.544425 26.513506, -81.435118 26.515592, -81.271768 26.517069, -81.271932 26.422648, -81.268236 26.253069, -80.87971 26.259308, -80.879166 26.172879, -80.87256 26.001474, -80.872932 25.979434, -80.873096 25.805377, -81.4685612614122 25.803582260752, -81.4693208827686 25.8063391798615, -81.4696870212334 25.8076680183964, -81.4701847067891 25.8094742851733, -81.472239 25.81693, -81.514982 25.838641, -81.547894 25.849608, -81.582483 25.876712, -81.614735 25.893977, -81.623482 25.897158, -81.6400838739903 25.8977843817485, -81.644553 25.897953, -81.654493 25.893579, -81.663821 25.885605, -81.672633 25.856654, -81.678287 25.845301, -81.6848 25.847205, -81.68954 25.85271, -81.713172 25.897568, -81.717687 25.902039, -81.7185444082422 25.9025104422615, -81.7185450581318 25.9025107995984, -81.727086 25.907207, -81.73195 25.931506, -81.738118 25.942009, -81.745579 25.949643, -81.7461321943249 25.951087044052, -81.749724 25.960463, -81.7491082336369 25.9714783760514, -81.747834 25.994273, -81.750668 25.998425, -81.757463 26.000374, -81.762439 26.00607, -81.801663 26.088227, -81.8021298712419 26.0923955676482, -81.8061535586105 26.1283219890777, -81.8075071190473 26.14040756587, -81.808833 26.152246, -81.8097706970623 26.1556418040923, -81.81461 26.173167, -81.8156587900174 26.1893750962731, -81.81681 26.207166, -81.8184013091482 26.2193402354986, -81.820675 26.236735, -81.8244378378609 26.2541752871673, -81.8278820125125 26.2701386098508, -81.8317428813733 26.2880332585542, -81.8319370508097 26.2889332098291, -81.833142 26.294518, -81.8395963800058 26.3132901624388, -81.844555 26.327712, -81.8458335535129 26.3303779735441))",12021,1,1,1,1,EM-3615-FL,DR-4828-FL,402628,97329,11374,24.17,2.82,204166,12805,50.71,3.18,101133,11067,25.12,2.75,Yes,68.85,50.34,79.7,70.14,44.77,82.08,68.49,50.68,81.5,416233,387681,0,234732,160,160867,1898,68.5,0.8,122225,1918,76.0,0.9,38642,1607,24.0,0.9,99.9,0.1,5857,801,3.6,0.5,2299,445,1.4,0.3,9311,751,5.8,0.5,6.7,0.5,63637,17,16.4,0.1,130092,31,33.6,0.1,44165,1965,11.5,0.5,46293,2396,12.5,0.6,43673,375752,157921,6095,5172193058.0,11.6,3.9,188.16,1,91402,5119,41998,4000,10.5,1.0,399652,3.2,5882,186618,3.0,5677,187758,2.9,5485,188753,2.7,5144,188755,2.9,5502,187108,3.5,6524,184527,4.0,7336,184815,4.0,7393,184815,3.8,7051,184775,3.6,6649,184347,3.5,6498,184465,3.1,5679,185101,3.8,7051,187199,3.8,7108,186574,3.5,6475,186645,3.5,6493,185939,3.6,6577,184854,4.1,7567,183449,-1,1,-1,-1,1,1,1,-1,-1,-1,-1,-1,1,-1,1,26448,440577,2024-09-27 02:30:00+00:00,2024-09-27 02:30:00+00:00,6.0,34,34,2.3,DR-4828-FL,Hurricane,4828.0,FL,521,0,0,1529,1033,798,931,469,49,467,125,1,676,39,206,1,1.0,0.0,0.3,44.2,79.6,44.1,100.0
"Columbia County, Florida","POLYGON ((-82.791453 29.942105, -82.785989 29.952785, -82.762206 29.964377, -82.76154 29.98633, -82.793975 29.986202, -82.794374 30.057194, -82.79453 30.07386, -82.79477 30.1178, -82.794721 30.203453, -82.79467 30.27435, -82.79479 30.32017, -82.794594 30.337024, -82.788503 30.324013, -82.762994 30.330855, -82.746741 30.317426, -82.724638 30.333796, -82.71643 30.321242, -82.703126 30.332614, -82.681473 30.342805, -82.686744 30.352443, -82.662281 30.370351, -82.657814 30.391489, -82.647048 30.395129, -82.652749 30.42944, -82.670228 30.444356, -82.66512 30.453322, -82.680214 30.461012, -82.68201 30.471052, -82.697944 30.474744, -82.707897 30.506514, -82.716466 30.507378, -82.728622 30.525707, -82.714468 30.531892, -82.726583 30.559486, -82.706724 30.574274, -82.6895370493431 30.5977231320544, -82.689316 30.597711, -82.584002138186 30.5917854612315, -82.569278 30.590957, -82.565516 30.590614, -82.553199 30.589926, -82.545095 30.589353, -82.536272 30.588877, -82.524938 30.588181, -82.4597924203985 30.5842766709258, -82.457073 30.442757, -82.458364 30.136449, -82.457174 30.103472, -82.473423 30.095322, -82.498186 30.089026, -82.53186 30.061247, -82.534315 30.030558, -82.536566 30.025323, -82.560029 30.015817, -82.573116 30.010651, -82.575991 29.990857, -82.555357 29.964019, -82.530163 29.950263, -82.529705 29.940881, -82.578786 29.915362, -82.575876 29.894865, -82.592553 29.887515, -82.586792 29.867668, -82.608466 29.852927, -82.619357 29.85922, -82.630646 29.842782, -82.63083 29.84247, -82.641377 29.827423, -82.658554 29.830144, -82.703779 29.838166, -82.74007 29.865028, -82.758321 29.89874, -82.774296 29.911702, -82.769861 29.927813, -82.800477 29.932126, -82.791453 29.942105))",12023,1,1,1,1,EM-3615-FL,DR-4828-FL,69797,18973,3167,27.18,4.54,33217,3391,47.59,4.86,17607,2929,25.23,4.2,No,69.47,41.47,84.98,71.63,32.83,88.05,69.17,41.43,87.32,73977,70755,0,30066,37,26720,431,88.9,1.4,18938,668,70.9,2.3,7782,653,29.1,2.3,73.1,0.5,1830,332,6.8,1.2,957,351,3.6,1.3,5286,586,19.8,2.1,20.3,2.1,15746,64,22.3,0.1,14143,73,20.0,0.1,13440,997,20.2,1.5,1626,480,2.4,0.7,44364,69698,26424,1408,2065197086.0,63.7,5.3,87.41,2,58949,5424,11715,2317,17.0,3.4,68937,4.0,1121,27709,3.8,1066,27770,3.7,1042,27859,3.5,966,27839,3.7,1038,27759,4.4,1208,27743,4.4,1224,27711,4.4,1236,28042,4.1,1160,28231,4.1,1174,28342,4.3,1205,28075,4.0,1108,28044,4.4,1259,28299,4.4,1251,28240,4.2,1181,28229,4.1,1161,28165,4.2,1189,28272,4.7,1337,28392,0,1,-1,-1,0,1,1,1,0,1,1,0,1,1,-1,34768,49361,2024-09-27 16:45:00+00:00,2024-09-27 16:45:00+00:00,70.4,64,64,1.9,DR-4828-FL,Hurricane,4828.0,FL,2758,0,6,6961,5224,4221,4693,2821,716,2819,1046,1,4389,653,1826,1,26.1,2.7,10.6,63.1,91.2,64.8,100.0
"Desoto County, Florida","POLYGON ((-82.057516 27.076488, -82.056541 27.203876, -82.056497 27.207769, -82.055753 27.338264, -81.858854 27.336725, -81.829029 27.340122, -81.564062 27.340641, -81.56313 27.20965, -81.562624 27.033835, -81.771689 27.033911, -81.958556 27.035049, -81.983242 27.03525, -81.991139 27.032228, -81.99154 27.032075, -81.999648 27.031705, -82.040198 27.03195, -82.057506 27.032119, -82.057516 27.076488))",12027,1,0,1,0,,DR-4828-FL,33498,8889,1806,26.54,5.39,14445,1952,43.12,5.83,10164,1614,30.34,4.82,Yes,89.65,68.98,95.54,92.53,70.14,98.5,92.46,70.88,97.94,36744,34719,0,15713,66,12656,320,80.5,2.0,9025,381,71.3,3.1,3631,431,28.7,3.1,72.1,1.8,853,224,6.7,1.8,292,151,2.3,1.2,2855,407,22.6,3.1,23.2,3.0,6291,20,18.1,0.1,8254,207,23.8,0.6,6781,679,20.5,2.1,3240,559,9.8,1.7,16634,33976,11941,619,1649031786.0,49.0,5.2,53.36,1,54288,5208,6254,1462,18.8,4.4,33295,3.9,492,12533,3.8,485,12684,3.7,470,12798,3.4,428,12629,3.7,476,12759,4.3,544,12551,4.7,589,12531,4.5,564,12520,4.3,543,12638,4.2,530,12646,4.3,543,12555,3.9,486,12521,4.9,621,12758,4.8,615,12768,4.3,553,12737,4.1,527,12742,4.2,540,12884,4.8,610,12599,-1,1,-1,-1,0,1,1,0,0,1,1,-1,1,1,0,3279,30196,2024-09-26 22:00:00+00:00,2024-09-26 22:00:00+00:00,10.9,34,34,3.2,DR-4828-FL,Hurricane,4828.0,FL,47,0,0,160,136,114,127,64,16,64,28,0,86,13,39,0,1.3,0.1,0.5,53.8,81.2,60.9,0.0
"Dixie County, Florida","POLYGON ((-83.4123310535437 29.6670923746362, -83.398512 29.673935, -83.366398 29.665701, -83.351311 29.694292, -83.345676 29.74349, -83.32401 29.774598, -83.319462 29.778328, -83.318859 29.822623, -82.959199 29.825409, -82.920608 29.824143, -82.935355 29.809455, -82.920364 29.79465, -82.934999 29.786398, -82.949707 29.754409, -82.938538 29.744487, -82.955642 29.716265, -82.937199 29.70272, -82.952474 29.703915, -82.959077 29.67116, -82.951833 29.661864, -82.956989 29.638878, -82.973054 29.624281, -82.971718 29.608564, -82.954879 29.585605, -82.942264 29.593029, -82.937329 29.591196, -82.950048 29.55611, -82.977347 29.539893, -82.969401 29.522315, -82.981429 29.517642, -82.986891 29.46603, -82.999847 29.463253, -83.026074 29.420018, -83.022901 29.399257, -83.048634 29.379144, -83.065602 29.372664, -83.072051 29.353862, -83.060528 29.349457, -83.119523 29.317153, -83.13957 29.323985, -83.1660065925665 29.2888442763474, -83.169576 29.290355, -83.176736 29.31422, -83.17826 29.327916, -83.176852 29.329269, -83.175518 29.34469, -83.189581 29.363417, -83.200702 29.373855, -83.202446 29.394422, -83.218075 29.420492, -83.240509 29.433178, -83.263965 29.435806, -83.2666952071777 29.4346025935584, -83.272019 29.432256, -83.294747 29.437923, -83.307094 29.459651, -83.307828 29.468861, -83.311546 29.475666, -83.323214 29.476789, -83.33113 29.475594, -83.350067 29.489358, -83.356722 29.499901, -83.370288 29.499901, -83.379254 29.503558, -83.383973 29.512995, -83.400252 29.517242, -83.401552 29.523291, -83.39983 29.533042, -83.405256 29.578319, -83.405068 29.59557, -83.39948 29.612956, -83.404081 29.640798, -83.4123310535437 29.6670923746362))",12029,1,1,1,1,EM-3615-FL,DR-4828-FL,15869,4066,931,25.62,5.87,8060,993,50.79,6.26,3743,854,23.59,5.38,Yes,58.63,23.22,83.42,55.22,13.43,86.56,0.0,0.0,0.0,17614,16952,0,9365,24,6130,386,65.5,4.2,5139,385,83.8,3.7,991,238,16.2,3.7,71.9,3.4,909,277,14.8,4.3,145,82,2.4,1.3,1237,246,20.2,3.9,21.1,4.0,3085,156,18.2,0.9,4007,109,23.6,0.6,3659,378,23.8,2.5,233,129,1.4,0.8,16759,16759,6248,302,1826030990.0,100.0,4.8,23.77,3,50966,5956,3748,807,23.7,5.1,15785,4.3,251,5837,3.8,226,5879,3.7,222,5946,3.6,212,5954,3.8,225,5910,4.5,262,5847,4.6,268,5864,4.3,253,5935,4.2,249,5970,4.6,273,5977,4.7,275,5860,4.1,243,5867,4.8,286,5914,4.7,279,5937,4.3,255,5951,4.3,256,5953,4.4,262,5953,5.0,291,5830,-1,1,-1,-1,0,0,1,1,0,1,1,-1,1,1,-1,9730,13107,2024-09-27 11:15:00+00:00,2024-09-27 11:15:00+00:00,74.2,64,64,4.3,DR-4828-FL,Hurricane,4828.0,FL,887,0,37,2330,2073,1582,2014,1598,583,1594,778,30,1829,562,1327,30,38.0,9.5,26.0,78.5,96.4,83.2,100.0
"Duval County, Florida","POLYGON ((-82.049236 30.273432, -81.935495 30.373981, -81.83454 30.464325, -81.831212 30.467449, -81.809526 30.484537, -81.794918 30.505406, -81.781624 30.503336, -81.765316 30.518652, -81.763748 30.534916, -81.738424 30.534572, -81.73521 30.559031, -81.721883 30.571934, -81.704592 30.563643, -81.69756 30.569643, -81.669397 30.563301, -81.660113 30.551575, -81.660896 30.561646, -81.650522 30.57612, -81.645774 30.575607, -81.643591 30.579496, -81.605968 30.585512, -81.608717 30.574892, -81.610212 30.55438, -81.583239 30.564489, -81.588803 30.550468, -81.577218 30.538037, -81.550926 30.543027, -81.537209 30.524113, -81.521375 30.538801, -81.515382 30.565801, -81.499575 30.563793, -81.479939 30.533454, -81.459789 30.524731, -81.458952 30.524203, -81.450811 30.519238, -81.4427844968023 30.5099198266455, -81.447087 30.503679, -81.440108 30.497678, -81.42601 30.496739, -81.410809 30.482039, -81.407008 30.42204, -81.397422 30.400626, -81.3973905166244 30.3987467371484, -81.3970987415094 30.3813304936857, -81.396407 30.34004, -81.3943856850602 30.3246311048781, -81.3921650944006 30.3077030903909, -81.391606 30.303441, -81.3885375075328 30.2885537066006, -81.3866265973552 30.2792826131314, -81.385505 30.273841, -81.3854975937439 30.2738134492423, -81.3798792601458 30.252913638915, -81.388411 30.252841, -81.40061 30.252717, -81.430095 30.252243, -81.436929 30.252335, -81.436585 30.237046, -81.433923 30.115092, -81.433783 30.105536, -81.478979 30.104784, -81.504264 30.104348, -81.514381 30.104157, -81.538707 30.103748, -81.539009 30.119942, -81.567787 30.117789, -81.601212 30.130541, -81.623813 30.133641, -81.629184 30.131511, -81.641665 30.125522, -81.650514 30.121541, -81.680215 30.12124, -81.690446 30.139805, -81.692116 30.14474, -81.690516 30.17194, -81.679626 30.190495, -81.702036 30.191424, -81.703442 30.189034, -81.711348 30.191193, -81.725203 30.191008, -81.73349 30.193466, -81.739472 30.189329, -81.764308 30.189339, -81.798227 30.188998, -81.80406 30.189118, -81.825865 30.18875, -81.825991 30.188748, -81.837585 30.188624, -81.868048 30.188018, -81.890725 30.187539, -81.9204 30.186941, -82.049411 30.186933, -82.049236 30.273432))",12031,1,0,1,1,,DR-4828-FL,1019295,363792,28360,35.69,2.78,451174,29314,44.26,2.88,204329,23145,20.05,2.27,Yes,32.9,20.67,50.12,23.88,10.45,44.77,33.9,21.23,50.68,1055159,1007189,0,445946,228,405139,1956,90.8,0.4,235245,3431,58.1,0.7,169894,2886,41.9,0.7,60.0,0.1,20843,1316,5.1,0.3,12246,1074,3.0,0.3,57145,2235,14.1,0.5,15.1,0.5,226707,72,22.5,0.1,150870,85,15.0,0.1,131267,3513,13.4,0.4,56822,3233,6.0,0.3,26390,995567,399759,19092,1975183356.0,2.7,4.8,1305.45,1,69455,2572,146043,11186,14.5,1.1,1006859,3.5,17995,518164,3.4,17730,518851,3.3,17254,521292,3.1,16174,521912,3.3,17197,523893,3.9,20629,530043,4.1,21789,531867,4.0,21109,531056,3.6,19187,530974,3.6,18864,528374,3.6,18746,524629,3.2,17016,524500,3.8,20185,526472,3.8,20072,523712,3.6,18974,524687,3.6,18786,525113,3.7,19258,525237,4.2,22361,528219,1,-1,1,0,0,0,-1,0,0,1,1,1,-1,0,-1,133729,491976,2024-09-27 07:45:00+00:00,2024-09-27 07:45:00+00:00,27.2,50,50,0.9,DR-4828-FL,Hurricane,4828.0,FL,5130,0,8,13546,9604,7901,8476,4349,641,4345,1054,1,4348,395,1230,1,3.3,0.2,1.1,32.1,61.6,28.3,100.0
"Escambia County, Florida","POLYGON ((-87.6348379012602 30.86610753841, -87.629993 30.877657, -87.62946 30.880085, -87.624406 30.884666, -87.622068 30.885378, -87.620794 30.887464, -87.620928 30.889893, -87.622525 30.89365, -87.622209 30.897478, -87.620721 30.8989, -87.61602 30.901423, -87.614958 30.904196, -87.614216 30.908505, -87.611854 30.91451, -87.610207 30.916597, -87.608269 30.921869, -87.607818 30.924459, -87.602692 30.934245, -87.600699 30.937042, -87.598307 30.938761, -87.596898 30.941099, -87.592064 30.95146, -87.589196 30.964431, -87.590926 30.969381, -87.593055 30.972933, -87.59412 30.976301, -87.594173 30.977538, -87.592685 30.980106, -87.593404 30.982925, -87.596731 30.987576, -87.599181 30.995688, -87.598937 30.997422, -87.5988285301321 30.9974236243995, -87.571292 30.997836, -87.548555 30.997893, -87.519533 30.997552, -87.4983751577094 30.9978843841806, -87.4884216873106 30.9980407506029, -87.480258 30.998169, -87.479718 30.998164, -87.478721 30.99818, -87.466894 30.998145, -87.466842 30.998145, -87.461799 30.998168, -87.461654 30.998169, -87.458674 30.998353, -87.455721 30.998285, -87.449827 30.998239, -87.432309 30.998173, -87.425791 30.998058, -87.367862 30.99826, -87.364031 30.998187, -87.3638738154375 30.9981874892026, -87.355677 30.998213, -87.3478447959439 30.9982231144596, -87.333995 30.998241, -87.312206 30.998404, -87.304053 30.99816, -87.30159 30.998403, -87.291019 30.998322, -87.288929 30.998315, -87.265589 30.998237, -87.260565 30.998165, -87.259714 30.998142, -87.257985 30.998233, -87.257027 30.998164, -87.255617 30.998186, -87.255005 30.998255, -87.237711 30.996363, -87.224773 30.997139, -87.1747994126539 30.9986568122829, -87.1636519790466 30.9989953853682, -87.1636180186997 30.9989964168217, -87.204893 30.969878, -87.229973 30.967227, -87.255496 30.931591, -87.26721 30.934982, -87.286882 30.925441, -87.282179 30.9104, -87.290095 30.909395, -87.284486 30.887986, -87.298484 30.880434, -87.30153 30.863426, -87.313611 30.847266, -87.302532 30.842238, -87.293084 30.812349, -87.311883 30.78649, -87.310594 30.771944, -87.299614 30.766108, -87.312304 30.735071, -87.302661 30.71937, -87.269407 30.711687, -87.265786 30.689049, -87.268802 30.679334, -87.266702 30.670292, -87.264458 30.648683, -87.256743 30.634356, -87.259508 30.612049, -87.24378 30.597121, -87.23477 30.595813, -87.216531 30.563426, -87.209715 30.555266, -87.195302 30.54891, -87.194777 30.548889, -87.189888 30.5488, -87.179811 30.544754, -87.159333 30.539257, -87.145808 30.524148, -87.143104 30.519544, -87.121451 30.497419, -87.13357 30.467229, -87.141553 30.436484, -87.144718 30.42746, -87.148205 30.418997, -87.151906 30.412598, -87.182305 30.394773, -87.208887 30.381137, -87.213011 30.379021, -87.220181 30.375985, -87.233284 30.370331, -87.231429 30.343309, -87.192092 30.337771, -87.179021 30.33593, -87.153125 30.348375, -87.113927 30.351964, -87.094439 30.354462, -87.074408 30.358669, -87.032312 30.367806, -86.972699 30.381113, -86.918937 30.386514, -86.9188711680324 30.3707517001223, -87.155392 30.327748, -87.206254 30.320943, -87.267827 30.31548, -87.282787 30.318744, -87.295422 30.323503, -87.3070785318111 30.3207509245736, -87.319518 30.317814, -87.350486 30.313064, -87.419859 30.297128, -87.518324 30.280435, -87.51838 30.283901, -87.509407 30.292188, -87.466903 30.302264, -87.464143 30.311797, -87.485674 30.308937, -87.492851 30.311797, -87.493017900276 30.3121091821285, -87.496163 30.317992, -87.490642 30.323234, -87.4894771692616 30.3236480517148, -87.481257 30.32657, -87.464881 30.333298, -87.462982 30.333998, -87.459982 30.336298, -87.452282 30.344097, -87.450966 30.34626, -87.451983 30.360296, -87.451883 30.364996, -87.451383 30.367196, -87.449083 30.370396, -87.441828 30.376301, -87.438684 30.380794, -87.438684 30.382094, -87.440884 30.386694, -87.441184 30.388594, -87.440684 30.391494, -87.437284 30.395894, -87.434284 30.397494, -87.431784 30.403193, -87.4306821040119 30.4048458439822, -87.429584 30.406493, -87.426184 30.409193, -87.422684 30.410093, -87.419184 30.410193, -87.413184 30.408993, -87.408884 30.408793, -87.403485 30.410193, -87.401785 30.411393, -87.398784 30.415093, -87.395684 30.417592, -87.386385 30.420492, -87.3843547793814 30.4216251463918, -87.382085 30.422892, -87.371179 30.430485, -87.368201 30.433402, -87.367618221862 30.4345824899658, -87.366601 30.436643, -87.366949 30.440475, -87.36869 30.444625, -87.370778 30.446859, -87.3782711566831 30.4491860762371, -87.381185 30.450091, -87.391985 30.451591, -87.396886 30.450591, -87.399886 30.450991, -87.404685 30.45289, -87.407885 30.456389, -87.414685 30.457289, -87.425086 30.465589, -87.429586 30.470588, -87.430586 30.476588, -87.431586 30.477688, -87.434686 30.479188, -87.435585 30.480488, -87.4347673453837 30.4818722556028, -87.432986 30.484888, -87.430586 30.491087, -87.431186 30.495786, -87.438277 30.505348, -87.439698 30.506639, -87.443228 30.506772, -87.444722 30.507484, -87.447709 30.510448, -87.447789 30.511903, -87.447313 30.512619, -87.446507 30.513559, -87.44519 30.51397, -87.444952 30.514933, -87.446435 30.520296, -87.446594 30.527057, -87.435449 30.549129, -87.434972 30.549588, -87.43145 30.550252, -87.4279 30.554147, -87.426046 30.560061, -87.423372 30.561413, -87.422815 30.561367, -87.422418 30.560427, -87.420935 30.560656, -87.418657 30.561825, -87.41667 30.566294, -87.416961 30.567991, -87.418523 30.569549, -87.418364 30.570031, -87.416271 30.572436, -87.414523 30.573444, -87.412722 30.573215, -87.4124759417838 30.5738632937607, -87.4124693984337 30.5738805336364, -87.408747 30.583688, -87.406569 30.599915, -87.404608 30.603375, -87.401189 30.604383, -87.399281 30.605597, -87.39732 30.608714, -87.395038 30.615267, -87.395065 30.615886, -87.396442 30.616895, -87.396442 30.61772, -87.395671 30.623358, -87.394491 30.625178, -87.393787 30.626991, -87.3936 30.630865, -87.395953 30.643953, -87.397197 30.648101, -87.396189 30.650438, -87.397274 30.654335, -87.400189 30.657201, -87.400719 30.657132, -87.405886 30.666599, -87.40713 30.671779, -87.406573 30.674002, -87.40697 30.675148, -87.412751 30.678038, -87.419539 30.679964, -87.424895 30.683356, -87.430384 30.688627, -87.436032 30.68865, -87.439825 30.690461, -87.4401135092902 30.6907183886612, -87.442291 30.692661, -87.443591 30.694586, -87.449373 30.698894, -87.451415 30.699787, -87.456958 30.697541, -87.466348 30.700816, -87.467727 30.701664, -87.470407 30.705262, -87.474439 30.706567, -87.479589 30.712845, -87.479829 30.71493, -87.481235 30.716488, -87.487045 30.71848, -87.496781 30.720333, -87.497524 30.720103, -87.502326 30.72157, -87.505162 30.726292, -87.511738 30.733514, -87.523621 30.738285, -87.532615 30.743467, -87.535373 30.749753, -87.535424 30.754738, -87.536536 30.76136, -87.537093 30.762507, -87.542268 30.767481, -87.546168 30.771997, -87.545372 30.774082, -87.545052 30.778642, -87.552059 30.78623, -87.552962 30.786917, -87.554845 30.787101, -87.559491 30.790423, -87.560075 30.792234, -87.564216 30.796221, -87.568147 30.799063, -87.57205 30.800507, -87.576856 30.808138, -87.581876 30.812377, -87.587876 30.815011, -87.594303 30.816958, -87.600492 30.820601, -87.601636 30.825113, -87.603576 30.828597, -87.605782 30.831277, -87.610988 30.832605, -87.615928 30.834666, -87.615373 30.837004, -87.617287 30.840326, -87.624142 30.845685, -87.62608 30.846466, -87.627328 30.847933, -87.626502 30.851852, -87.625385 30.854327, -87.626233 30.857099, -87.62825 30.860102, -87.634943 30.865857, -87.6348379012602 30.86610753841))",12033,1,1,0,1,EM-3615-FL,DR-4828-FL,319568,112641,11115,35.25,3.48,141259,11368,44.2,3.56,65668,8838,20.55,2.77,Yes,36.62,20.61,56.55,26.86,10.45,53.73,36.98,21.23,57.19,331275,323275,0,147678,200,128292,1077,86.9,0.7,82106,1460,64.0,1.1,46186,1487,36.0,1.1,63.0,0.1,7185,818,5.6,0.6,2640,333,2.1,0.3,18861,1024,14.7,0.8,15.4,0.8,67902,94,21.0,0.1,57060,60,17.7,0.1,52807,1926,17.2,0.6,9919,1244,3.3,0.4,24549,321905,128160,5562,1701615126.0,7.6,4.3,489.96,1,70838,2829,43284,7696,14.0,2.5,309615,3.6,5286,147125,3.5,5132,147419,3.4,5137,149032,3.1,4651,149162,3.4,5015,149052,3.9,5873,150783,4.0,6066,151655,3.9,5933,150839,3.6,5455,150285,3.7,5560,149764,3.8,5649,148159,3.4,5028,147306,4.1,6091,149178,4.1,6059,148799,3.8,5712,149583,3.8,5624,149570,3.9,5816,148949,4.4,6586,149235,-1,0,0,0,0,0,-1,0,-1,1,1,-1,1,1,-1,6631,162996,2024-10-02 19:00:00+00:00,2024-10-02 19:00:00+00:00,4.1,0,0,0.4,,,,,0,0,0,0,0,0,0,0,0,0,0,0,0,0,0,0,0.0,0.0,0.0,0.0,0.0,0.0,0.0
"Franklin County, Florida","MULTIPOLYGON (((-84.669555 29.794712, -84.638657 29.8009, -84.598251 29.820491, -84.57686 29.836987, -84.564976 29.834925, -84.564976 29.8116621936965, -84.564976 29.81018, -84.583991 29.793681, -84.624396 29.77821, -84.658099512994 29.7736386802171, -84.662425 29.773052, -84.681439 29.783367, -84.669555 29.794712)), ((-85.222304 29.687732, -85.206226 29.711188, -85.168427 29.736574, -85.109401 29.776793, -85.079193 29.768617, -85.06867 29.784467, -85.040078 29.779346, -85.020534 29.807373, -85.021902 29.82354, -85.032573 29.83007, -85.041214 29.875852, -85.053757 29.910296, -85.02647 29.952836, -85.019359 29.949874, -85.025439 29.971399, -85.007626 30.013883, -84.978967 30.013794, -84.760975 30.011488, -84.54445 30.01103, -84.531218 30.007366, -84.51896 29.995129, -84.523992 29.981728, -84.51413 29.989076, -84.491511 29.987117, -84.467713 30.001853, -84.452486 29.971247, -84.426856 29.985914, -84.39411 29.982154, -84.358953 29.970683, -84.3424501935967 29.9703452750511, -84.339426 29.946007, -84.336511 29.942508, -84.333746 29.923721, -84.335953 29.912962, -84.343389 29.899539, -84.349066 29.896812, -84.378937 29.893112, -84.404958 29.901229, -84.423834 29.902996, -84.434287 29.906328, -84.443652 29.913785, -84.451705 29.929085, -84.470323 29.924524, -84.494562 29.913957, -84.511996 29.916574, -84.535873 29.910092, -84.57744 29.887828, -84.603303 29.876117, -84.613154 29.867984, -84.6150487834785 29.8668472605726, -84.647958 29.847104, -84.656318 29.837943, -84.65645 29.834277, -84.6600841658069 29.832808061313, -84.669728 29.82891, -84.683934 29.831327, -84.692053 29.829059, -84.730327 29.8069, -84.755595 29.78854, -84.762998 29.788846, -84.824197 29.758288, -84.837168 29.755926, -84.868271 29.742454, -84.881777 29.733882, -84.888031 29.722406, -84.892493 29.72266, -84.901781 29.735723, -84.890066 29.755802, -84.877111 29.772888, -84.893992 29.785176, -84.90413 29.786279, -84.91511 29.783303, -84.920917 29.772901, -84.93837 29.750211, -84.9458165889192 29.7455221387219, -84.946595 29.745032, -84.964007 29.742422, -84.968358099254 29.7286126154831, -84.968841 29.72708, -84.977004 29.721209, -84.993264 29.714961, -85.0030507835199 29.7140954036693, -85.037212 29.711074, -85.072123 29.719027, -85.101682 29.718748, -85.121473 29.715854, -85.1071746376608 29.6947007047738, -85.100408 29.68469, -85.074308 29.673981, -85.070046 29.64093, -85.012052 29.622439, -84.901531 29.667884, -84.798587 29.702074, -84.751792 29.738077, -84.70188 29.774187, -84.692619 29.763039, -84.776954 29.692191, -84.876731 29.655758, -84.948404 29.622598, -85.004452 29.598825, -85.045074 29.586991, -85.084231 29.615163, -85.14101 29.634038, -85.170707896496 29.6501496928731, -85.207300118934 29.67000169315, -85.221608 29.677764, -85.2253660989896 29.6781122880436, -85.222304 29.687732)))",12037,1,1,1,1,EM-3615-FL,DR-4828-FL,11587,3056,708,26.37,6.11,5450,774,47.04,6.68,3081,687,26.59,5.93,Yes,76.44,38.8,92.1,80.59,29.85,95.51,0.0,0.0,0.0,12979,12418,0,8476,22,4918,200,58.0,2.3,3798,266,77.2,4.6,1120,234,22.8,4.6,71.0,2.2,317,111,6.4,2.2,81,52,1.6,1.0,845,183,17.2,3.7,18.0,3.8,1901,96,15.3,0.8,3257,50,26.2,0.4,2334,292,21.5,2.7,321,149,2.7,1.2,12451,12451,4947,200,1411539848.0,100.0,4.0,22.85,3,55816,6878,1890,460,16.6,4.0,11419,4.1,182,4395,3.7,167,4463,3.5,158,4567,3.2,142,4439,3.2,146,4519,3.7,169,4540,4.1,188,4536,4.1,187,4565,4.1,185,4508,4.0,180,4485,4.0,176,4367,3.7,159,4294,4.5,198,4375,4.6,200,4394,3.8,169,4419,3.8,171,4463,3.8,170,4418,4.6,203,4458,-1,1,-1,-1,0,1,1,0,-1,1,1,-1,1,1,-1,3520,20616,2024-09-27 04:45:00+00:00,2024-09-27 04:45:00+00:00,17.1,50,50,10.0,DR-4828-FL,Hurricane,4828.0,FL,82,0,0,369,230,167,200,138,10,138,20,0,221,10,93,0,7.5,0.2,2.8,59.9,100.0,67.4,0.0
"Gadsden County, Florida","POLYGON ((-84.908119 30.619493, -84.88752 30.663792, -84.87492 30.671992, -84.859231 30.701238, -84.864693 30.711542, -84.8634606987134 30.7115052207476, -84.836448 30.710699, -84.7251551548901 30.7056334194176, -84.644932 30.701982, -84.606501 30.699855, -84.606364 30.699862, -84.5508035833097 30.6972892123549, -84.539483 30.696765, -84.535155 30.696513, -84.5258897248691 30.6959430501973, -84.474519 30.692783, -84.3807324332368 30.6899573482654, -84.3807060980397 30.6899565548245, -84.375012 30.689785, -84.2825636638089 30.6853075717496, -84.301153 30.680139, -84.298073 30.676832, -84.305324 30.670208, -84.29993 30.642624, -84.303969 30.634585, -84.322658 30.620609, -84.336224 30.596048, -84.371403 30.581107, -84.384083 30.55389, -84.384234 30.553827, -84.388303 30.526218, -84.404564 30.499116, -84.397406 30.485008, -84.407955 30.473094, -84.520177 30.451475, -84.530567 30.439802, -84.559462 30.434025, -84.591357 30.411751, -84.60692 30.416136, -84.647668 30.394612, -84.646408 30.388281, -84.680632 30.387973, -84.680525 30.417269, -84.714124 30.417199, -84.714097 30.460401, -84.781111 30.459794, -84.781787 30.516732, -84.815618 30.518491, -84.815816 30.533093, -84.882616 30.533094, -84.883318 30.58317, -84.883316 30.605589, -84.932519 30.606393, -84.908119 30.619493))",12039,1,1,0,1,EM-3615-FL,DR-4828-FL,42870,10119,1898,23.6,4.43,19056,2146,44.45,5.01,13695,1958,31.95,4.57,No,93.3,77.66,96.65,98.5,80.59,99.99,95.88,79.44,98.62,44151,43642,0,19100,39,16485,376,86.3,2.0,12023,498,72.9,2.6,4462,444,27.1,2.6,71.4,0.1,1512,312,9.2,1.9,321,127,1.9,0.8,4102,447,24.9,2.7,25.6,2.6,9691,15,22.2,0.1,8485,17,19.4,0.1,8037,608,19.6,1.5,1778,402,4.3,1.0,35285,43826,16806,1106,1337405282.0,80.5,6.6,84.87,2,51288,4523,9149,1593,21.5,3.7,42643,4.1,713,17296,3.9,675,17440,3.8,654,17391,3.6,627,17487,4.1,705,17113,4.6,806,17485,4.8,841,17469,4.6,809,17405,4.5,797,17876,4.3,773,17978,4.3,772,17849,3.9,676,17492,4.4,782,17680,4.5,801,17743,4.2,754,17768,4.2,746,17757,4.4,771,17378,4.9,866,17595,-1,1,-1,-1,0,1,1,1,0,1,1,0,1,1,-1,5149,21789,2024-09-27 10:30:00+00:00,2024-09-27 10:30:00+00:00,23.6,34,50,7.5,,,,,0,0,0,0,0,0,0,0,0,0,0,0,0,0,0,0,0.0,0.0,0.0,0.0,0.0,0.0,0.0
"Gilchrist County, Florida","POLYGON ((-82.973054 29.624281, -82.956989 29.638878, -82.951833 29.661864, -82.959077 29.67116, -82.952474 29.703915, -82.937199 29.70272, -82.955642 29.716265, -82.938538 29.744487, -82.949707 29.754409, -82.934999 29.786398, -82.920364 29.79465, -82.935355 29.809455, -82.920608 29.824143, -82.893371 29.826839, -82.890246 29.845129, -82.875616 29.866527, -82.879802 29.886847, -82.863266 29.91105, -82.832 29.912659, -82.800477 29.932126, -82.769861 29.927813, -82.774296 29.911702, -82.758321 29.89874, -82.74007 29.865028, -82.703779 29.838166, -82.658554 29.830144, -82.657043 29.726635, -82.656301 29.564811, -82.756458 29.562467, -82.756868 29.57768, -82.772965 29.581383, -82.774801 29.584872, -82.7926 29.58468, -82.82324 29.58423, -82.856518 29.584243, -82.87337 29.5912, -82.925576 29.590837, -82.930428 29.590971, -82.937329 29.591196, -82.942264 29.593029, -82.954879 29.585605, -82.971718 29.608564, -82.973054 29.624281))",12041,1,1,1,1,EM-3615-FL,DR-4828-FL,18764,4498,1061,23.97,5.65,9395,1122,50.07,5.98,4871,947,25.96,5.05,No,73.34,40.33,89.11,74.62,31.34,92.53,0.0,0.0,0.0,20233,18494,0,7697,51,6913,212,89.8,2.6,5787,249,83.7,3.1,1126,227,16.3,3.1,69.6,1.4,393,128,5.7,1.9,105,67,1.5,1.0,1155,253,16.7,3.7,17.4,3.8,3851,66,20.8,0.4,3737,65,20.2,0.4,3560,463,20.3,2.6,401,129,2.3,0.7,17864,17864,6551,376,905705571.0,100.0,5.7,51.08,3,56884,7104,2503,566,13.5,3.1,18519,3.2,258,8064,3.3,270,8141,3.4,270,8058,3.0,246,8205,3.3,268,8033,3.9,310,8049,4.1,328,8075,4.0,321,8035,3.5,292,8337,3.5,290,8301,3.6,296,8249,3.2,258,8137,4.0,326,8216,3.8,315,8256,3.5,294,8283,3.4,285,8303,3.6,294,8127,4.0,328,8105,0,1,-1,-1,0,1,1,0,-1,1,1,-1,1,1,-1,11171,14329,2024-09-27 13:45:00+00:00,2024-09-27 13:45:00+00:00,78.0,64,64,2.8,DR-4828-FL,Hurricane,4828.0,FL,488,0,2,1365,1044,842,942,536,141,536,185,2,1078,133,440,2,19.7,2.0,7.8,79.0,94.3,82.1,100.0
"Gulf County, Florida","POLYGON ((-85.416548 29.842628, -85.413575 29.85294, -85.405815 29.865817, -85.387047 29.878546, -85.387484107344 29.8516140243121, -85.387586 29.845336, -85.388774 29.817501, -85.386397 29.788627, -85.378079 29.753554, -85.3669257357402 29.712877057931, -85.366195 29.710212, -85.356687 29.696793, -85.34005 29.691632, -85.323412 29.697826, -85.305998 29.725202, -85.301331 29.797117, -85.302591 29.808094, -85.304877 29.811096, -85.3050893540433 29.811202355525, -85.31142 29.814373, -85.314547 29.822279, -85.314783 29.830575, -85.312911 29.832273, -85.317464 29.838894, -85.325008 29.844966, -85.332289 29.845905, -85.336654 29.849295, -85.347044 29.871981, -85.363731 29.898915, -85.38473 29.920949, -85.3886762139845 29.9243546048056, -85.388427 29.928371, -85.391296 30.027635, -85.389679 30.200973, -85.383066 30.201339, -85.208163 30.200922, -85.191279 30.2008, -85.11566 30.199976, -85.133629 30.181779, -85.139855 30.163499, -85.133203 30.145749, -85.144904 30.123149, -85.130182 30.119414, -85.149077 30.110495, -85.144928 30.099401, -85.154015 30.092043, -85.136849 30.086136, -85.135254 30.04327, -85.113691 30.023173, -85.085238 30.01469, -85.071919 30.004796, -85.054002 30.00128, -85.050625 29.990988, -85.029525 29.986823, -85.025439 29.971399, -85.019359 29.949874, -85.02647 29.952836, -85.053757 29.910296, -85.041214 29.875852, -85.032573 29.83007, -85.021902 29.82354, -85.020534 29.807373, -85.040078 29.779346, -85.06867 29.784467, -85.079193 29.768617, -85.109401 29.776793, -85.168427 29.736574, -85.206226 29.711188, -85.222304 29.687732, -85.2253660989896 29.6781122880436, -85.259719 29.681296, -85.29074 29.684081, -85.319215 29.681494, -85.343619 29.672004, -85.347711 29.66719, -85.352615 29.659787, -85.369419 29.681048, -85.380303 29.698485, -85.397871 29.740498, -85.413983 29.799865, -85.417971 29.828855, -85.416548 29.842628))",12045,1,1,1,1,EM-3615-FL,DR-4828-FL,13985,3744,840,26.77,6.01,6754,902,48.29,6.45,3487,785,24.93,5.61,Yes,67.63,29.8,87.97,67.16,19.4,91.04,67.12,30.82,90.74,15876,14772,0,9142,55,5800,334,63.4,3.6,4655,314,80.3,3.7,1145,238,19.7,3.7,62.1,2.2,289,123,5.0,2.1,99,62,1.7,1.1,794,175,13.7,3.0,13.9,2.9,2189,92,14.8,0.6,3469,77,23.5,0.5,2579,357,21.1,2.9,263,177,1.8,1.2,14192,14192,5571,242,1433472643.0,100.0,4.3,25.64,3,66806,4885,2065,502,14.9,3.6,13835,3.3,216,6614,3.1,207,6716,3.1,211,6888,2.7,184,6838,3.0,209,6919,3.1,218,7010,3.5,245,7033,3.5,240,6927,3.5,235,6787,3.3,225,6741,3.3,222,6663,3.1,205,6683,3.7,250,6734,3.8,261,6786,3.6,243,6805,3.5,244,6885,3.5,240,6935,3.9,277,7020,-1,1,-1,-1,0,0,0,0,0,0,0,-1,1,1,-1,2952,17784,2024-09-27 09:30:00+00:00,2024-09-27 09:30:00+00:00,16.6,34,34,9.8,DR-4828-FL,Hurricane,4828.0,FL,11,0,0,58,35,31,31,13,3,13,4,0,29,2,9,0,1.0,0.1,0.2,50.0,66.7,69.2,0.0
"Hamilton County, Florida","POLYGON ((-83.27172279078 30.6321812869432, -83.187454 30.627215, -83.174474 30.626436, -83.1724160043374 30.6263342401496, -83.163371 30.625887, -83.156232 30.625496, -83.1366140447318 30.623976460785, -83.131431 30.623575, -83.0559626094486 30.6192425885535, -83.0557139891585 30.6192283160166, -82.9399180790312 30.6125808239629, -82.878831 30.609074, -82.877311 30.609016, -82.698947 30.598263, -82.698663 30.598224, -82.6895370493431 30.5977231320544, -82.706724 30.574274, -82.726583 30.559486, -82.714468 30.531892, -82.728622 30.525707, -82.716466 30.507378, -82.707897 30.506514, -82.697944 30.474744, -82.68201 30.471052, -82.680214 30.461012, -82.66512 30.453322, -82.670228 30.444356, -82.652749 30.42944, -82.647048 30.395129, -82.657814 30.391489, -82.662281 30.370351, -82.686744 30.352443, -82.681473 30.342805, -82.703126 30.332614, -82.71643 30.321242, -82.724638 30.333796, -82.746741 30.317426, -82.762994 30.330855, -82.788503 30.324013, -82.794594 30.337024, -82.832122 30.346765, -82.844246 30.340904, -82.85708 30.358324, -82.885671 30.367454, -82.893394 30.373885, -82.888943 30.386094, -82.908074 30.380335, -82.937702 30.398258, -82.948775 30.401002, -82.952138 30.409322, -83.003031 30.431787, -83.007557 30.422787, -83.034304 30.43085, -83.075674 30.425481, -83.078706 30.438116, -83.096468 30.436232, -83.122103 30.43261, -83.134548 30.419156, -83.15545 30.416824, -83.170969 30.385225, -83.180043 30.410202, -83.207287 30.413919, -83.221868 30.42341, -83.217659 30.455857, -83.243611 30.482243, -83.246106 30.512457, -83.239784 30.520296, -83.260807 30.552821, -83.256619 30.5862, -83.27172279078 30.6321812869432))",12047,1,1,1,1,EM-3615-FL,DR-4828-FL,12001,3182,693,26.51,5.77,5217,760,43.47,6.33,3602,675,30.01,5.62,No,88.86,63.1,95.95,88.05,62.68,98.5,0.0,0.0,0.0,14334,13445,0,5638,23,4360,202,77.3,3.6,3265,205,74.9,3.9,1095,187,25.1,3.9,67.2,1.3,408,128,9.4,2.9,204,97,4.7,2.2,1401,219,32.1,4.6,32.4,4.6,2769,39,20.6,0.3,2634,62,19.6,0.5,2021,285,18.6,2.6,386,150,3.0,1.2,14004,14004,4690,285,1332018549.0,100.0,6.1,27.23,3,49260,5593,2603,631,21.9,5.3,11879,4.5,177,3965,4.5,180,4044,4.3,177,4133,3.9,159,4107,4.1,170,4135,5.0,206,4130,5.3,213,4041,5.2,213,4135,4.9,205,4167,5.2,217,4193,5.0,207,4107,4.7,192,4103,5.7,234,4141,5.6,231,4156,5.2,221,4217,5.2,219,4189,4.9,206,4186,5.6,233,4182,-1,1,-1,-1,0,1,1,1,0,1,1,-1,1,1,-1,9568,9802,2024-09-27 19:15:00+00:00,2024-09-27 19:15:00+00:00,97.6,64,64,3.2,DR-4828-FL,Hurricane,4828.0,FL,829,0,23,2182,1949,1554,1880,1515,385,1514,542,8,1551,370,1129,8,50.0,8.8,34.7,71.1,96.1,74.6,100.0
"Hernando County, Florida","POLYGON ((-82.680396 28.457194, -82.67241 28.464746, -82.665055 28.484434, -82.66447 28.488788, -82.66639 28.49733, -82.670146 28.500769, -82.669416 28.519879, -82.66804 28.528199, -82.663705 28.530193, -82.6626702026892 28.5323510047754, -82.656694 28.544814, -82.661729 28.549743, -82.66165 28.554143, -82.65705 28.568028, -82.6559453841335 28.5766801920668, -82.654138 28.590837, -82.663864050997 28.6062807960119, -82.664055 28.606584, -82.6694032190384 28.6272530267155, -82.674665 28.647588, -82.6689175088669 28.694076625066, -82.552629 28.694635, -82.552402 28.694642, -82.507397 28.694671, -82.451416 28.694813, -82.418353 28.694859, -82.417785 28.665898, -82.359878 28.665954, -82.32269 28.666853, -82.268422 28.666915, -82.263052 28.667634, -82.274849 28.657201, -82.257102 28.648963, -82.260795 28.637287, -82.22165 28.593239, -82.217253 28.580305, -82.165153 28.564109, -82.155316 28.572738, -82.138025 28.565516, -82.130688 28.546384, -82.109423 28.543838, -82.096614 28.524738, -82.070343 28.531919, -82.054469 28.521367, -82.054694 28.478397, -82.178276 28.478496, -82.249212 28.478818, -82.253293 28.478491, -82.25331 28.456782, -82.253439 28.434824, -82.281206 28.43479, -82.302823 28.434897, -82.459181 28.433687, -82.461889 28.433776, -82.484968 28.433698, -82.485112 28.433697, -82.508465 28.433708, -82.546129 28.433819, -82.551281 28.433848, -82.567828 28.43385, -82.600636 28.43391, -82.602149 28.433904, -82.639965 28.433842, -82.678742838493 28.4334559859077, -82.677839 28.434367, -82.674787 28.441956, -82.680396 28.457194))",12053,1,1,1,1,EM-3615-FL,DR-4828-FL,211676,61342,7626,28.98,3.6,102325,8046,48.34,3.8,48009,6512,22.68,3.08,Yes,51.66,31.55,70.38,44.77,20.89,71.63,52.39,32.19,71.91,218150,201512,0,90991,68,80544,897,88.5,1.0,65905,1106,81.8,1.1,14639,885,18.2,1.1,82.2,0.2,5197,629,6.5,0.8,2269,397,2.8,0.5,10500,916,13.0,1.1,13.7,1.1,37366,64,18.5,0.1,53527,88,26.6,0.1,38870,1714,19.5,0.9,7643,878,4.0,0.5,39016,194515,79773,3892,1224979323.0,20.1,4.9,411.27,1,64092,2573,25371,4177,12.1,2.0,210407,3.9,3507,90125,3.8,3437,90372,3.7,3354,90551,3.4,3122,90559,3.7,3340,90514,4.2,3838,91622,4.5,4104,91600,4.5,4102,91610,4.2,3878,91850,4.3,3892,91432,4.2,3862,91016,3.8,3452,90862,4.5,4081,91585,4.5,4078,91247,4.1,3751,91144,4.1,3714,91314,4.1,3731,91103,4.7,4290,91662,-1,1,-1,-1,0,0,1,1,0,1,0,-1,1,1,-1,20658,105525,2024-09-27 04:30:00+00:00,2024-09-27 04:30:00+00:00,19.6,50,50,3.0,DR-4828-FL,Hurricane,4828.0,FL,1358,0,6,5455,4312,3666,3887,2619,658,2618,1280,14,3602,607,1835,14,6.8,0.8,3.3,66.0,92.2,70.1,100.0
"Hillsborough County, Florida","POLYGON ((-82.651165 28.173266, -82.591801 28.173211, -82.536009 28.172576, -82.516514 28.17272, -82.474026 28.171935, -82.461702 28.171828, -82.428168 28.17128, -82.394629 28.171257, -82.393996 28.17126, -82.393694 28.171257, -82.3537 28.17128, -82.351927 28.171265, -82.319875 28.17133, -82.29445 28.171454, -82.286526 28.171471, -82.259741 28.171462, -82.254309 28.171467, -82.21196 28.171868, -82.155736 28.171662, -82.124806 28.172149, -82.105853 28.17165, -82.056261 28.171592, -82.056349 28.160149, -82.056502 28.113252, -82.056404 28.080385, -82.055946 28.036937, -82.055947 28.036734, -82.055851 27.996472, -82.055853 27.996368, -82.055892 27.982059, -82.055651 27.974695, -82.055389 27.952862, -82.055304 27.938178, -82.055262 27.927253, -82.055258 27.927085, -82.055253 27.878049, -82.054035 27.850683, -82.054349 27.646382, -82.062193 27.646164, -82.146271 27.646285, -82.318254 27.646553, -82.384884 27.646389, -82.452281 27.645928, -82.453735 27.64591, -82.52475 27.645422, -82.524947 27.645422, -82.54818 27.645546, -82.554106 27.645295, -82.5544991986114 27.6451453308512, -82.5544072093551 27.6452926332059, -82.537146 27.672933, -82.514265 27.705588, -82.494891 27.718963, -82.482449 27.719886, -82.4821832812261 27.7200582118347, -82.477638 27.723004, -82.476297 27.729929, -82.477129 27.735216, -82.482305 27.742649, -82.478339 27.74625, -82.457543 27.752571, -82.434635 27.764355, -82.4323392344725 27.7675863656407, -82.43198 27.768092, -82.4327579237314 27.7704226610543, -82.433981 27.774087, -82.4193812592288 27.793351022687, -82.419066 27.793767, -82.418401 27.803187, -82.410837 27.810868, -82.402857 27.812671, -82.393383 27.837519, -82.397463 27.851631, -82.3978451838518 27.853928479828, -82.402615 27.882602, -82.413915 27.901401, -82.432316 27.901301, -82.4363038743093 27.9025847748425, -82.4484618298458 27.9064986588427, -82.451591 27.907506, -82.460016 27.9116, -82.459616 27.9169, -82.462078 27.920066, -82.4646580350956 27.9212949263196, -82.4764328151311 27.9269035078141, -82.478063 27.92768, -82.4821988609868 27.9248369034564, -82.489817 27.9196, -82.491117 27.9145, -82.4900141537002 27.908688, -82.487417 27.895001, -82.487445685482 27.8935920498038, -82.4877101674254 27.8806014405937, -82.4880359314896 27.8646008259752, -82.488057 27.863566, -82.480137 27.853246, -82.471624 27.847342, -82.46884 27.843295, -82.47244 27.822559, -82.475273 27.820991, -82.489849 27.822607, -82.511193 27.828015, -82.5351051512972 27.839451197637, -82.553946 27.848462, -82.552918 27.862702, -82.538618 27.864901, -82.5364490327396 27.867230631502, -82.533218 27.870701, -82.529918 27.877501, -82.539318 27.885001, -82.5427264787838 27.8904545660541, -82.542818 27.890601, -82.541747 27.893706, -82.5358624341204 27.8979678191747, -82.535818 27.898, -82.531318 27.9039, -82.5316962998817 27.9084867284411, -82.5329373735878 27.9235342300133, -82.533718 27.932999, -82.5393310414796 27.9449727400842, -82.541218 27.948998, -82.5500254132948 27.9614809479769, -82.553918 27.966998, -82.5737304531293 27.9691743645593, -82.576003 27.969424, -82.5899994218774 27.9780663298968, -82.6127075064756 27.992087824829, -82.625685 28.000101, -82.6407030520816 28.0163342056733, -82.641109 28.016773, -82.6485177745241 28.0203156831794, -82.648555 28.033671, -82.648557 28.03863, -82.648372 28.05623, -82.648577 28.059595, -82.649058 28.085996, -82.649089 28.091142, -82.650602 28.144928, -82.651165 28.173266))",12057,1,1,1,1,EM-3615-FL,DR-4828-FL,1515105,535975,36878,35.38,2.43,683347,38872,45.1,2.57,295783,31090,19.52,2.05,Yes,28.94,19.02,45.0,16.42,10.45,37.31,30.65,19.52,45.54,1581426,1489634,0,618220,209,569998,1782,92.2,0.3,348066,3702,61.1,0.6,221932,3259,38.9,0.6,57.9,0.1,26935,1492,4.7,0.3,11643,981,2.0,0.2,74643,2432,13.1,0.4,13.9,0.4,325024,0,21.8,0.0,221121,62,14.8,0.1,179352,3879,12.2,0.3,166499,4476,11.9,0.3,53607,1459762,559949,29394,2648359443.0,3.7,5.2,1427.59,1,76528,2126,198734,14600,13.2,1.0,1503893,3.3,26845,804265,3.2,26017,805727,3.2,25770,807504,3.0,24073,806594,3.2,25742,806076,3.7,30157,815646,3.9,31324,813031,3.9,31600,813429,3.5,28671,815465,3.5,28512,811839,3.6,28895,809817,3.2,25678,810148,3.7,30026,815634,3.7,30032,812238,3.5,28548,812504,3.5,28052,812515,3.5,28665,811051,4.0,32249,814268,1,-1,1,0,0,0,-1,-1,-1,1,1,-1,-1,-1,1,96026,735451,2024-09-27 05:45:00+00:00,2024-09-27 05:45:00+00:00,13.1,50,50,2.6,DR-4828-FL,Hurricane,4828.0,FL,26228,0,12,69916,55492,41621,51571,36450,5029,36445,10780,5,29959,4103,17233,5,12.3,0.9,6.4,42.8,81.6,47.3,100.0
"Holmes County, Florida","POLYGON ((-86.037559 30.713051, -86.037527 30.722085, -86.037417 30.805748, -86.0350402418067 30.9933060014511, -85.998727 30.992857, -85.9656666167046 30.9930451165537, -85.893632 30.993455, -85.8311253405863 30.9940521918381, -85.8311223524301 30.9940522203871, -85.750028 30.994827, -85.749715 30.995282, -85.6462550988774 30.9959570919603, -85.5832941366146 30.9963679220401, -85.49838 30.996922, -85.4979938168177 30.9969280044426, -85.52921 30.974439, -85.531015 30.946602, -85.530294 30.939315, -85.555773 30.920732, -85.582995 30.884473, -85.599934 30.830552, -85.603317 30.796275, -85.615866 30.778565, -85.62114 30.7708, -85.618666 30.755415, -85.619011 30.743868, -85.685151 30.744582, -85.736051 30.74637, -85.735115 30.775292, -85.751928 30.78961, -85.821616 30.790775, -85.832743 30.750477, -85.82512 30.726091, -85.844421 30.70313, -86.037591 30.704572, -86.037559 30.713051))",12059,1,1,0,1,EM-3615-FL,DR-4828-FL,18525,6534,1038,35.27,5.6,7777,1088,41.98,5.87,4214,915,22.75,4.94,No,52.32,20.86,78.84,47.76,11.94,80.59,53.08,21.23,80.81,19876,19626,0,8642,26,7087,249,82.0,2.8,5438,297,76.7,3.2,1649,236,23.3,3.2,68.8,1.9,441,141,6.2,2.0,146,93,2.1,1.3,977,162,13.8,2.2,13.8,2.2,4030,83,20.5,0.4,3966,93,20.2,0.5,3109,381,17.4,2.1,507,174,2.7,0.9,19653,19653,7282,379,1240237030.0,100.0,5.2,41.04,3,51582,5624,3324,833,18.2,4.6,18229,3.5,267,7719,3.3,261,7798,3.3,257,7905,2.9,224,7822,3.0,238,7828,3.8,301,7905,4.2,332,7899,4.1,329,7988,3.9,308,7931,3.8,296,7865,3.9,306,7773,3.5,276,7780,4.2,330,7856,4.1,321,7830,3.8,302,7901,3.6,281,7839,3.7,290,7847,4.3,339,7821,-1,1,-1,0,0,0,1,0,0,0,0,-1,1,1,-1,25,11343,2024-09-27 20:15:00+00:00,2024-09-27 20:15:00+00:00,0.2,34,34,4.3,,,,,0,0,0,0,0,0,0,0,0,0,0,0,0,0,0,0,0.0,0.0,0.0,0.0,0.0,0.0,0.0
"Jackson County, Florida","POLYGON ((-85.582995 30.884473, -85.555773 30.920732, -85.530294 30.939315, -85.531015 30.946602, -85.52921 30.974439, -85.4979938168177 30.9969280044426, -85.4882980047342 30.9970787565989, -85.3817482346924 30.9987354107751, -85.3290556336681 30.9995546844114, -85.3289203706494 30.9995567875041, -85.243752 31.000881, -85.2400920026752 31.0008790299647, -85.154576 31.000833, -85.152342 31.000832, -85.152209 31.000886, -85.145959 31.000693, -85.057662 31.000584, -85.054931 31.000584, -85.052217 31.000584, -85.031285 31.000647, -85.030237 31.000653, -85.027642 31.00067, -85.024238 31.000681, -85.002499 31.000682, -85.0019 31.000681, -85.001846 30.997073, -85.002671 30.986898, -85.006065 30.979803, -85.0060623211123 30.9773348514335, -85.006062 30.977039, -85.005236 30.974703, -85.004157 30.973467, -85.000059 30.971185, -84.999959 30.971485, -84.997759 30.971185, -84.988157 30.968785, -84.984957 30.967485, -84.982657 30.965585, -84.980257 30.961285, -84.979757 30.958985, -84.979757 30.954684, -84.982357 30.946884, -84.983157 30.942584, -84.983757 30.936984, -84.983257 30.934784, -84.980757 30.932685, -84.975356 30.930785, -84.971156 30.928184, -84.969555 30.921984, -84.966855 30.917284, -84.956254 30.907584, -84.952454 30.902284, -84.949754 30.897383, -84.942653 30.888484, -84.941453 30.887684, -84.940102 30.886724, -84.938215 30.885623, -84.936956 30.884679, -84.935541 30.882477, -84.935698 30.878703, -84.937743 30.875872, -84.938529 30.873041, -84.9379 30.870523, -84.935856 30.867535, -84.934755 30.86549, -84.934125 30.863288, -84.934755 30.860615, -84.935541 30.858413, -84.935384 30.854323, -84.933352 30.851483, -84.930193 30.848819, -84.928935 30.846774, -84.928463 30.844258, -84.928463 30.842526, -84.929564 30.840325, -84.932081 30.837493, -84.934283 30.834033, -84.935384 30.830888, -84.935698 30.824597, -84.93617 30.820665, -84.935541 30.817203, -84.931051 30.810482, -84.928451 30.805083, -84.92805 30.802783, -84.92915 30.797283, -84.9289108378378 30.795848027027, -84.92845 30.793083, -84.92685 30.790183, -84.91815 30.778082, -84.91755 30.775882, -84.91815 30.772082, -84.92025 30.765982, -84.915149 30.761183, -84.914449 30.753582, -84.913649 30.752282, -84.911249 30.751182, -84.906448 30.750582, -84.903248 30.751782, -84.900348 30.751882, -84.897748 30.751382, -84.896248 30.750582, -84.887648 30.741782, -84.885347 30.734982, -84.883947 30.732582, -84.875546 30.727481, -84.869877 30.721887, -84.864693 30.711542, -84.859231 30.701238, -84.87492 30.671992, -84.88752 30.663792, -84.908119 30.619493, -84.932519 30.606393, -85.013167 30.6061, -85.167713 30.608026, -85.165147 30.60486, -85.171891 30.564336, -85.383948 30.566856, -85.434782 30.56756, -85.432895 30.701138, -85.432675 30.728474, -85.432606 30.746469, -85.432274 30.785457, -85.482718 30.785892, -85.482276 30.829509, -85.53301 30.829989, -85.599934 30.830552, -85.582995 30.884473))",12063,1,1,0,1,EM-3615-FL,DR-4828-FL,42756,12554,1710,29.36,4.0,18937,1840,44.29,4.3,11265,1619,26.35,3.79,No,75.37,51.65,86.92,77.6,46.26,89.54,76.02,52.05,89.37,49980,47652,0,20061,51,17038,341,84.9,1.7,12698,539,74.5,2.8,4340,485,25.5,2.8,66.5,0.7,1502,310,8.8,1.8,379,160,2.2,1.0,3423,415,20.1,2.4,20.7,2.4,9065,76,19.0,0.2,9961,101,20.9,0.2,8079,555,19.5,1.3,881,178,1.9,0.4,41759,47319,17083,810,2378224425.0,88.2,4.7,51.53,2,50923,5360,8618,1474,20.6,3.5,41793,4.0,729,18240,3.9,708,18268,3.8,690,18358,3.5,637,18386,3.5,639,18327,4.1,743,18109,4.5,805,18060,4.5,825,18411,4.0,740,18454,3.9,721,18579,3.9,712,18363,3.4,633,18378,4.2,762,18271,4.2,769,18228,3.9,714,18255,3.8,696,18363,4.0,731,18373,4.5,813,18088,-1,1,-1,-1,0,1,1,1,0,1,1,-1,1,1,-1,148,22645,2024-09-27 05:30:00+00:00,2024-09-27 05:30:00+00:00,0.7,34,34,7.5,,,,,0,0,0,0,0,0,0,0,0,0,0,0,0,0,0,0,0.0,0.0,0.0,0.0,0.0,0.0,0.0
"Jefferson County, Florida","POLYGON ((-84.075539 30.273617, -84.075819 30.369819, -84.074892 30.413106, -84.074691 30.434302, -84.041488 30.463308, -84.041196 30.483708, -84.041192 30.483967, -84.041152 30.521901, -83.980734 30.528771, -83.979006 30.550681, -83.998316 30.572578, -84.007687 30.609299, -84.007454 30.6720865150852, -83.880406 30.665798, -83.880309 30.665823, -83.8798916078165 30.6657992968646, -83.855304 30.664403, -83.820973 30.662603, -83.810622 30.661871, -83.7437296744174 30.6583830658832, -83.676854 30.654896, -83.674139 30.654738, -83.611746 30.651246, -83.6117204626719 30.6512447246755, -83.604401 30.638236, -83.604186 30.581916, -83.62073 30.58198, -83.621189 30.567351, -83.637343 30.567471, -83.637412 30.552671, -83.671117 30.552861, -83.671073 30.53802, -83.704293 30.538094, -83.70436 30.523021, -83.725975 30.523091, -83.736922 30.508091, -83.731107 30.492315, -83.727653 30.489998, -83.724393 30.44554, -83.72172 30.434354, -83.751073 30.407598, -83.757673 30.385154, -83.800765 30.379956, -83.808094 30.365154, -83.788944 30.324428, -83.801258 30.315343, -83.820521 30.313144, -83.820235 30.30354, -83.829465 30.287863, -83.861386 30.270861, -83.88167 30.267609, -83.902462 30.247553, -83.915827 30.245152, -83.917891 30.215016, -83.93101 30.189123, -83.951299 30.186282, -83.960354 30.152398, -83.97306 30.146037, -83.968628 30.13617, -83.992184 30.096208, -83.9914353668371 30.0838179834456, -83.991607 30.08392, -84.000716 30.096209, -84.024274 30.103271, -84.048715 30.103208, -84.06299 30.101378, -84.0760425771092 30.0954641099777, -84.075539 30.273617))",12065,1,1,1,1,EM-3615-FL,DR-4828-FL,14376,4212,864,29.3,6.01,4988,946,34.7,6.58,5176,852,36.0,5.93,Yes,97.57,86.66,98.94,99.99,89.54,99.99,0.0,0.0,0.0,15921,14713,0,6815,27,5675,219,83.3,3.2,4262,291,75.1,4.5,1413,269,24.9,4.5,71.5,1.0,423,162,7.5,2.9,244,98,4.3,1.7,1217,215,21.4,3.8,22.9,3.8,2529,36,17.2,0.2,3605,39,24.5,0.3,2762,293,20.4,2.2,199,71,1.4,0.5,14510,14510,5816,268,1549018611.0,100.0,4.6,24.26,3,59967,7449,3333,445,23.5,3.1,14208,3.0,212,6980,3.1,219,7053,3.2,226,7046,2.9,205,7072,3.1,214,6887,3.6,255,7006,3.9,273,7030,3.7,258,6998,3.3,240,7168,3.2,228,7211,3.2,228,7152,3.0,213,7051,3.7,261,7144,3.6,259,7149,3.2,231,7147,3.3,235,7146,3.4,240,6981,3.8,266,7021,-1,1,-1,0,-1,1,1,0,0,1,1,-1,1,1,-1,10976,10257,2024-09-28 12:30:00+00:00,2024-09-28 12:30:00+00:00,100.0,64,64,5.5,DR-4828-FL,Hurricane,4828.0,FL,548,0,0,1277,956,768,878,555,143,552,199,0,776,125,354,0,22.5,2.5,9.7,60.8,87.4,64.1,0.0
"Lafayette County, Florida","POLYGON ((-83.36845 30.128672, -83.36726 30.26044, -83.266509 30.26026, -83.247253 30.26067, -83.253048 30.238725, -83.240132 30.227529, -83.250076 30.200644, -83.248851 30.183931, -83.232979 30.168728, -83.238586 30.152011, -83.224594 30.135278, -83.22636 30.114621, -83.214959 30.104022, -83.198908 30.105822, -83.184358 30.094122, -83.171735 30.099257, -83.162457 30.110022, -83.132356 30.097023, -83.12215 30.104945, -83.111149 30.090929, -83.069553 30.081252, -83.062718 30.063683, -83.041499 30.054569, -83.013293 30.032123, -83.001312 30.008789, -82.977608 30.006116, -82.969545 29.996127, -82.952399 29.959361, -82.929536 29.955173, -82.920546 29.930072, -82.925884 29.921331, -82.912101 29.904836, -82.91555 29.891791, -82.895034 29.900256, -82.879802 29.886847, -82.875616 29.866527, -82.890246 29.845129, -82.893371 29.826839, -82.920608 29.824143, -82.959199 29.825409, -83.318859 29.822623, -83.35286 29.822222, -83.352986 29.887859, -83.37089 29.887934, -83.36845 30.128672))",12067,1,1,1,1,EM-3615-FL,DR-4828-FL,7272,1987,545,27.32,7.49,3593,582,49.41,8.0,1692,506,23.27,6.96,No,56.61,13.26,87.14,52.23,7.46,89.54,0.0,0.0,0.0,8640,8035,0,3334,163,2619,231,78.6,6.5,2132,222,81.4,5.3,487,149,18.6,5.3,61.8,5.1,165,80,6.3,3.1,30,39,1.1,1.5,464,156,17.7,5.7,18.6,5.7,1456,127,18.1,1.6,1612,157,20.1,2.0,1350,270,20.4,4.1,265,98,3.4,1.3,8226,8226,2727,115,1407256302.0,100.0,4.2,15.14,3,58096,6705,1344,312,18.9,4.4,7125,4.0,104,2572,3.9,100,2597,3.9,103,2627,3.7,95,2600,4.1,105,2590,4.5,116,2570,4.7,119,2543,4.5,116,2576,4.3,112,2608,4.6,120,2626,4.8,124,2574,4.1,106,2579,4.8,126,2624,4.5,119,2627,4.3,115,2649,4.2,110,2639,4.5,120,2659,5.4,141,2630,-1,1,-1,-1,0,0,0,0,-1,1,1,-1,1,1,-1,3106,8694,2024-09-27 05:30:00+00:00,2024-09-27 05:30:00+00:00,35.7,64,64,4.4,DR-4828-FL,Hurricane,4828.0,FL,435,0,2,988,828,643,779,635,141,633,193,0,698,131,464,0,37.7,5.4,24.2,70.6,92.9,73.3,0.0
"Lee County, Florida","MULTIPOLYGON (((-82.17984 26.696661, -82.173516 26.701836, -82.1560582944309 26.7036738214394, -82.151668 26.704136, -82.139019 26.702986, -82.125795 26.699536, -82.118896 26.690912, -82.106247 26.667339, -82.099922 26.662739, -82.0938566318797 26.6652666030361, -82.093023 26.665614, -82.086698 26.685162, -82.084974 26.702411, -82.079799 26.716784, -82.066575 26.742657, -82.0620292851376 26.7704391019286, -82.061068 26.770423, -82.03816 26.770367, -81.931333 26.770051, -81.89214 26.769967, -81.879008 26.769937, -81.878528 26.769934, -81.805526 26.769745, -81.661695 26.769609, -81.565748 26.769601, -81.566502 26.714464, -81.566515 26.709544, -81.566385 26.695946, -81.565103 26.600333, -81.564591 26.563936, -81.56421 26.542476, -81.563827 26.518469, -81.563763 26.513331, -81.562743 26.454395, -81.56252 26.422619, -81.659506 26.421077, -81.658064 26.332368, -81.6579 26.317563, -81.670527 26.317501, -81.690494 26.317334, -81.706262 26.317208, -81.722405 26.317081, -81.746167 26.316896, -81.754404 26.316753, -81.788111 26.316428, -81.789135 26.316281, -81.804973 26.316288, -81.805169 26.316288, -81.819019 26.316245, -81.819119 26.330424, -81.84105 26.33035, -81.8458335535129 26.3303779735441, -81.868983 26.378648, -81.8876466782476 26.3969058352123, -81.90191 26.410859, -81.90271 26.416159, -81.91171 26.427158, -81.923611 26.436658, -81.9237313414054 26.4367263018788, -81.938411 26.445058, -81.956611 26.452358, -81.964212 26.457957, -81.967112 26.462857, -81.966212 26.465057, -81.9670665763114 26.4680243004589, -81.969509 26.476505, -81.980712 26.480957, -81.997012 26.484856, -82.008961 26.484052, -82.0092534191386 26.4844719458576, -82.01368 26.490829, -82.00908 26.505203, -82.0139783196474 26.5238241771992, -82.015298 26.528841, -82.041205 26.5248, -82.05808 26.548404, -82.064298400491 26.5377816661831, -82.068214 26.531093, -82.06715 26.513252, -82.056892 26.493748, -82.07175 26.492554, -82.094748 26.48393, -82.105672 26.48393, -82.1079861817676 26.5047590996538, -82.111996 26.54085, -82.118896 26.560973, -82.122345 26.579371, -82.1259413284158 26.5928236404992, -82.137869 26.637441, -82.149943 26.654115, -82.181565 26.681712, -82.17984 26.696661)), ((-82.264351 26.698496, -82.255777 26.703437, -82.255159 26.70816, -82.246535 26.706435, -82.24251 26.694361, -82.24596 26.688612, -82.246535 26.683437, -82.23744 26.661976, -82.218342 26.626407, -82.214337 26.602944, -82.196514 26.559823, -82.187315 26.527626, -82.177541 26.502328, -82.1738366806127 26.4982532164597, -82.166042 26.489679, -82.149368 26.477605, -82.131545 26.47703, -82.120046 26.473581, -82.088423 26.455182, -82.076924 26.466106, -82.062551 26.470131, -82.038403 26.456907, -82.035251386114 26.456623719738, -82.015607 26.454858, -82.013713 26.454258, -82.013913 26.452058, -82.063114 26.425459, -82.075015 26.422059, -82.0803244757709 26.422059, -82.082915 26.422059, -82.098115 26.424959, -82.126671 26.436279, -82.1369330849424 26.4452069440739, -82.148716 26.455458, -82.172917 26.467658, -82.177017 26.471558, -82.180717 26.476257, -82.1840903997202 26.4797525518207, -82.1896698860342 26.4855340734786, -82.195547 26.491624, -82.218127 26.547982, -82.2249547740719 26.5609603007525, -82.227634 26.566053, -82.243083 26.590498, -82.25259 26.63406, -82.265663 26.655304, -82.2637038008163 26.6686486922926, -82.263008 26.673388, -82.268007 26.682791, -82.264351 26.698496)), ((-82.2716991509411 26.7895164213546, -82.261346 26.788862, -82.221492 26.781754, -82.191112 26.7703354182162, -82.208861 26.767164, -82.230636 26.77101, -82.242364 26.766234, -82.249888 26.762946, -82.252922 26.717694, -82.267463 26.720177, -82.264682 26.756836, -82.269499 26.784674, -82.2716991509411 26.7895164213546)))",12071,1,1,1,1,EM-3615-FL,DR-4828-FL,827414,236928,22967,28.63,2.78,392923,25017,47.49,3.02,197563,20787,23.88,2.51,Yes,61.08,43.63,73.43,62.68,35.82,76.11,61.3,43.83,75.33,860959,792692,0,430243,197,319588,2788,74.3,0.7,236433,2851,74.0,0.8,83155,2731,26.0,0.8,85.8,0.1,13514,946,4.2,0.3,5752,666,1.8,0.2,26323,1684,8.2,0.5,9.1,0.5,136461,62,17.2,0.1,229480,28,28.9,0.1,107775,2689,13.7,0.3,77695,2963,10.3,0.4,29885,760822,318303,12058,2023178327.0,3.9,3.8,973.97,1,71811,2066,99505,9135,12.1,1.1,820408,3.4,12873,374872,3.3,12527,378637,3.2,12179,380796,3.0,11441,378427,3.2,12129,375242,3.8,14082,374794,4.0,15200,375427,4.0,14960,375157,3.8,14223,376395,3.7,13886,374661,3.7,13943,372448,3.3,12355,373181,4.0,15160,377099,4.0,15120,377055,3.7,14006,376861,3.7,14014,376992,3.8,14171,374330,4.4,16314,374864,-1,1,-1,-1,0,1,1,-1,-1,-1,-1,-1,1,1,1,42434,668566,2024-09-27 02:30:00+00:00,2024-09-27 02:30:00+00:00,6.3,34,34,3.6,DR-4828-FL,Hurricane,4828.0,FL,2683,0,2,9362,7270,5822,6607,4090,593,4088,1316,6,4962,472,2339,6,2.9,0.2,1.3,53.0,79.6,57.2,100.0
"Leon County, Florida","POLYGON ((-84.715144 30.333077, -84.68489 30.350114, -84.679396 30.368235, -84.646408 30.388281, -84.647668 30.394612, -84.60692 30.416136, -84.591357 30.411751, -84.559462 30.434025, -84.530567 30.439802, -84.520177 30.451475, -84.407955 30.473094, -84.397406 30.485008, -84.404564 30.499116, -84.388303 30.526218, -84.384234 30.553827, -84.384083 30.55389, -84.371403 30.581107, -84.336224 30.596048, -84.322658 30.620609, -84.303969 30.634585, -84.29993 30.642624, -84.305324 30.670208, -84.298073 30.676832, -84.301153 30.680139, -84.2825636638089 30.6853075717496, -84.281313 30.685247, -84.2541182528783 30.6842820559212, -84.250002 30.684136, -84.155210353116 30.6795112589466, -84.124993 30.678037, -84.107796 30.676809, -84.0837570571655 30.6758026344935, -84.0727743369514 30.6753428542583, -84.057323 30.674696, -84.0467 30.674191, -84.041905 30.673869, -84.039802 30.67381, -84.0190940574482 30.6727066186932, -84.007484 30.672088, -84.007454 30.6720865150852, -84.007687 30.609299, -83.998316 30.572578, -83.979006 30.550681, -83.980734 30.528771, -84.041152 30.521901, -84.041192 30.483967, -84.041196 30.483708, -84.041488 30.463308, -84.074691 30.434302, -84.074892 30.413106, -84.075819 30.369819, -84.075539 30.273617, -84.1617 30.27387, -84.238967 30.274159, -84.241692 30.276932, -84.247673 30.303493, -84.34642 30.303399, -84.421052 30.302407, -84.504342 30.301864, -84.713351 30.30017, -84.701161 30.319345, -84.715144 30.333077))",12073,1,1,1,1,EM-3615-FL,DR-4828-FL,281700,102207,10347,36.28,3.67,123746,10607,43.93,3.77,55747,8218,19.79,2.92,Yes,31.17,15.9,52.48,20.15,7.46,47.76,32.36,16.44,53.08,300488,295335,0,135906,110,120673,965,88.8,0.7,62572,1143,51.9,1.0,58101,1397,48.1,1.0,49.3,0.1,5218,719,4.3,0.6,1923,319,1.6,0.3,13792,1062,11.4,0.9,12.2,0.9,54931,61,18.6,0.1,42546,32,14.4,0.1,35710,1485,12.3,0.5,8249,839,2.9,0.3,39264,292198,121085,3740,1731219899.0,13.4,3.1,437.14,1,66063,3549,49251,5165,17.6,1.8,279654,3.2,5247,163817,3.1,5140,165330,3.4,5623,165404,2.9,4877,165766,3.3,5382,161761,3.9,6470,164670,3.9,6410,164737,3.9,6471,164396,3.4,5665,168167,3.6,6030,169622,3.7,6281,168487,3.3,5400,165774,3.7,6255,167336,3.8,6299,167656,3.8,6322,168229,3.5,5883,167651,3.8,6311,164080,4.3,7077,165168,-1,-1,1,0,0,0,-1,-1,-1,0,0,-1,-1,-1,-1,73636,148076,2024-09-27 08:30:00+00:00,2024-09-27 08:30:00+00:00,49.7,50,50,5.6,DR-4828-FL,Hurricane,4828.0,FL,1733,0,1,4740,3315,2613,3006,1554,174,1552,288,1,1430,103,403,1,3.9,0.1,1.3,30.2,59.2,26.0,100.0
"Levy County, Florida","POLYGON ((-83.1660065925665 29.2888442763474, -83.13957 29.323985, -83.119523 29.317153, -83.060528 29.349457, -83.072051 29.353862, -83.065602 29.372664, -83.048634 29.379144, -83.022901 29.399257, -83.026074 29.420018, -82.999847 29.463253, -82.986891 29.46603, -82.981429 29.517642, -82.969401 29.522315, -82.977347 29.539893, -82.950048 29.55611, -82.937329 29.591196, -82.930428 29.590971, -82.925576 29.590837, -82.87337 29.5912, -82.856518 29.584243, -82.82324 29.58423, -82.7926 29.58468, -82.774801 29.584872, -82.772965 29.581383, -82.756868 29.57768, -82.756458 29.562467, -82.656301 29.564811, -82.656331 29.53562, -82.639496 29.536144, -82.557106 29.537466, -82.556511 29.511982, -82.556766 29.480055, -82.523096 29.479266, -82.496247 29.485499, -82.412932 29.485092, -82.40662 29.485048, -82.406944 29.429017, -82.40543 29.40325, -82.405478 29.361097, -82.405152 29.33026, -82.404594 29.27886, -82.403237 29.215623, -82.44005 29.21523, -82.53486 29.21468, -82.53459 29.15642, -82.535713 29.113163, -82.535591 29.044855, -82.556737 29.033605, -82.565931 29.034809, -82.576974 29.028065, -82.593616 29.030039, -82.602131 29.013451, -82.612653 29.009271, -82.652692 29.023035, -82.675472 29.026196, -82.689814 29.033962, -82.712039 29.030834, -82.728082 29.014823, -82.755421 29.001865, -82.758906169124 28.9932767295988, -82.760551 28.993087, -82.764055 28.999707, -82.759378 29.006619, -82.753513 29.026496, -82.759704 29.054192, -82.77997865131 29.0631406873184, -82.783328 29.064619, -82.780558 29.07358, -82.816925 29.076215, -82.823659 29.098902, -82.809483 29.10462, -82.801166 29.105103, -82.799117 29.110647, -82.798876 29.114504, -82.805703 29.129848, -82.804736 29.146624, -82.827073 29.158425, -82.858179 29.162275, -82.887211 29.161741, -82.922613 29.169769, -82.932405 29.167891, -82.945302 29.167821, -82.974676 29.17091, -82.979522 29.171817, -82.987162 29.180094, -82.991653 29.180664, -82.996144 29.178074, -83.018212 29.151417, -83.019071 29.141324, -83.030453 29.134023, -83.053207 29.130839, -83.056867 29.146263, -83.068249 29.153135, -83.060947 29.170959, -83.061162 29.176113, -83.065242 29.184489, -83.078986 29.196944, -83.087839 29.21642, -83.074734 29.247975, -83.077265 29.255331, -83.089013 29.266502, -83.107477 29.268889, -83.125567 29.278845, -83.128027 29.282733, -83.146445 29.289194, -83.149764 29.289768, -83.16073 29.286611, -83.1660065925665 29.2888442763474))",12075,1,1,1,1,EM-3615-FL,DR-4828-FL,46422,10186,1881,21.94,4.05,21914,2031,47.21,4.38,14322,1760,30.85,3.79,Yes,90.91,76.52,95.0,95.51,79.1,98.5,93.48,78.07,97.59,47765,44276,0,21197,36,17976,338,84.8,1.6,14353,505,79.8,2.4,3623,448,20.2,2.4,80.5,0.8,1013,197,5.6,1.1,297,109,1.7,0.6,3002,394,16.7,2.2,17.2,2.3,8687,43,19.6,0.1,11059,87,25.0,0.2,9208,768,20.9,1.7,1667,321,4.0,0.8,42915,42915,17756,881,2896266627.0,100.0,5.0,38.38,3,53214,2578,8441,1460,18.3,3.2,46177,3.9,736,18925,3.7,696,19056,3.7,703,18825,3.5,671,19180,3.7,698,18766,4.1,776,18733,4.4,830,18828,4.3,817,18784,4.0,776,19481,4.4,850,19444,4.2,816,19248,3.9,734,19053,4.4,843,19194,4.4,849,19330,4.1,786,19329,4.0,769,19373,4.1,773,18974,4.6,877,18900,-1,1,-1,-1,0,1,1,0,-1,1,1,-1,1,1,-1,22299,25567,2024-09-27 14:45:00+00:00,2024-09-27 14:45:00+00:00,87.2,50,64,3.0,DR-4828-FL,Hurricane,4828.0,FL,991,0,5,3099,2367,1950,2216,1486,450,1485,670,10,2245,415,1138,10,17.2,2.5,8.3,72.4,92.2,76.6,100.0
"Liberty County, Florida","POLYGON ((-85.144928 30.099401, -85.149077 30.110495, -85.130182 30.119414, -85.144904 30.123149, -85.133203 30.145749, -85.139855 30.163499, -85.133629 30.181779, -85.11566 30.199976, -85.11823 30.210491, -85.102962 30.211726, -85.092076 30.227568, -85.081336 30.228531, -85.076768 30.250989, -85.059092 30.263229, -85.063951 30.270863, -85.052777 30.287406, -85.057253 30.301301, -85.047564 30.312791, -85.034133 30.313681, -85.045328 30.324745, -85.04277 30.352466, -85.027898 30.360843, -85.040199 30.372089, -85.026242 30.375589, -85.014572 30.394269, -85.031882 30.422648, -85.000777 30.437243, -84.981229 30.444129, -85.001534 30.449781, -84.987441 30.464901, -84.999916 30.472418, -84.992279 30.519315, -84.962218 30.563594, -84.965418 30.580194, -84.944318 30.581694, -84.932519 30.606393, -84.883316 30.605589, -84.883318 30.58317, -84.882616 30.533094, -84.815816 30.533093, -84.815618 30.518491, -84.781787 30.516732, -84.781111 30.459794, -84.714097 30.460401, -84.714124 30.417199, -84.680525 30.417269, -84.680632 30.387973, -84.646408 30.388281, -84.679396 30.368235, -84.68489 30.350114, -84.715144 30.333077, -84.701161 30.319345, -84.713351 30.30017, -84.729898 30.2862, -84.737823 30.266178, -84.69825 30.244781, -84.701027 30.231972, -84.681871 30.21771, -84.678255 30.18809, -84.668251 30.182081, -84.672538 30.150406, -84.669258 30.1252, -84.648436 30.10808, -84.654549 30.09992, -84.626084 30.062392, -84.616036 30.065361, -84.591048 30.029637, -84.570368 30.016884, -84.54445 30.01103, -84.760975 30.011488, -84.978967 30.013794, -85.007626 30.013883, -85.025439 29.971399, -85.029525 29.986823, -85.050625 29.990988, -85.054002 30.00128, -85.071919 30.004796, -85.085238 30.01469, -85.113691 30.023173, -85.135254 30.04327, -85.136849 30.086136, -85.154015 30.092043, -85.144928 30.099401))",12077,1,1,0,1,EM-3615-FL,DR-4828-FL,6215,1972,464,31.73,7.47,2772,489,44.6,7.87,1471,406,23.67,6.53,Yes,59.31,17.3,87.17,58.2,8.95,89.54,0.0,0.0,0.0,7955,7650,0,3209,162,2554,177,79.6,4.4,2031,173,79.5,5.0,523,138,20.5,5.0,49.2,6.0,341,120,13.4,4.8,137,100,5.4,3.9,755,161,29.6,5.8,29.7,5.8,1468,130,19.2,1.7,1053,192,13.8,2.5,1537,255,24.8,4.1,133,78,1.8,1.1,7974,7974,2491,117,2164099095.0,100.0,4.7,9.54,3,51523,6291,1292,305,20.8,4.9,6204,3.6,90,2473,3.7,90,2411,3.6,89,2503,3.3,83,2482,3.6,89,2476,4.3,106,2487,4.5,110,2456,4.4,111,2506,3.9,98,2542,4.1,103,2528,4.0,99,2492,3.4,84,2472,4.2,106,2510,4.2,104,2494,3.7,93,2518,3.8,96,2514,3.9,98,2502,4.7,118,2488,-1,1,-1,0,0,0,-1,1,0,1,1,-1,-1,1,-1,1401,5831,2024-09-27 12:15:00+00:00,2024-09-27 12:15:00+00:00,24.0,34,50,9.7,,,,,0,0,0,0,0,0,0,0,0,0,0,0,0,0,0,0,0.0,0.0,0.0,0.0,0.0,0.0,0.0
"Madison County, Florida","POLYGON ((-83.820521 30.313144, -83.801258 30.315343, -83.788944 30.324428, -83.808094 30.365154, -83.800765 30.379956, -83.757673 30.385154, -83.751073 30.407598, -83.72172 30.434354, -83.724393 30.44554, -83.727653 30.489998, -83.731107 30.492315, -83.736922 30.508091, -83.725975 30.523091, -83.70436 30.523021, -83.704293 30.538094, -83.671073 30.53802, -83.671117 30.552861, -83.637412 30.552671, -83.637343 30.567471, -83.621189 30.567351, -83.62073 30.58198, -83.604186 30.581916, -83.604401 30.638236, -83.6117204626719 30.6512447246755, -83.5368729710246 30.6475068692627, -83.499951 30.645663, -83.448968 30.642402, -83.440094 30.642015, -83.429656 30.641488, -83.429549 30.641511, -83.390133 30.639325, -83.37953 30.638672, -83.3577037830355 30.6373471003798, -83.34108 30.636338, -83.311715 30.634569, -83.309523 30.634409, -83.309256456485 30.634393291556, -83.27172279078 30.6321812869432, -83.256619 30.5862, -83.260807 30.552821, -83.239784 30.520296, -83.246106 30.512457, -83.243611 30.482243, -83.217659 30.455857, -83.221868 30.42341, -83.207287 30.413919, -83.180043 30.410202, -83.170969 30.385225, -83.175622 30.384455, -83.192161 30.375217, -83.190137 30.35287, -83.211554 30.347481, -83.209924 30.311878, -83.228016 30.299326, -83.240199 30.266698, -83.247253 30.26067, -83.266509 30.26026, -83.36726 30.26044, -83.469267 30.260351, -83.468768 30.304212, -83.586689 30.303595, -83.636827 30.30401, -83.820235 30.30354, -83.820521 30.313144))",12079,1,1,1,1,EM-3615-FL,DR-4828-FL,17294,5146,966,29.76,5.59,7415,1065,42.88,6.16,4733,960,27.37,5.55,Yes,80.53,46.75,92.74,83.57,40.29,97.01,0.0,0.0,0.0,18364,18113,0,8392,20,6980,203,83.2,2.4,5026,326,72.0,4.1,1954,290,28.0,4.1,67.8,2.1,763,203,10.9,2.9,73,49,1.0,0.7,1220,225,17.5,3.3,18.0,3.3,3220,130,17.8,0.7,4096,65,22.6,0.4,2883,325,17.6,2.0,234,100,1.4,0.6,17968,17968,6877,323,1804001484.0,100.0,4.7,25.8,3,52713,5177,3371,785,19.8,4.6,16983,4.3,295,6837,4.4,303,6883,4.0,272,6867,3.8,263,6940,3.9,271,6911,4.5,313,6894,5.0,344,6835,4.6,314,6897,4.2,294,6924,4.3,294,6892,4.3,292,6801,3.9,263,6774,5.1,346,6814,4.9,332,6817,4.4,294,6737,4.3,296,6816,4.5,308,6846,5.0,344,6838,-1,1,-1,0,0,1,1,1,-1,1,1,-1,1,1,-1,13825,13727,2024-09-27 16:30:00+00:00,2024-09-27 16:30:00+00:00,100.0,64,64,4.5,DR-4828-FL,Hurricane,4828.0,FL,1808,0,9,3973,3628,2830,3468,2881,598,2877,818,3,2680,549,1998,3,56.9,8.6,41.2,67.5,91.8,69.4,100.0
"Manatee County, Florida","POLYGON ((-82.745748 27.538834, -82.742437 27.53936, -82.7175253082253 27.5278566001905, -82.708121 27.523514, -82.703028 27.497952, -82.6974350964592 27.4972701333591, -82.690421 27.496415, -82.686421 27.497215, -82.686921 27.508015, -82.683621 27.513115, -82.674621 27.519614, -82.66202 27.522814, -82.65072 27.523115, -82.6474388369615 27.5303836197782, -82.646014 27.53354, -82.6396852418789 27.5418665259773, -82.632053 27.551908, -82.612019 27.571231, -82.613003 27.582837, -82.612590473697 27.5836216340102, -82.611717 27.585283, -82.596488 27.594045, -82.584629 27.596021, -82.570607 27.608882, -82.565667 27.615713, -82.558538 27.638678, -82.5544991986114 27.6451453308512, -82.554106 27.645295, -82.54818 27.645546, -82.524947 27.645422, -82.52475 27.645422, -82.453735 27.64591, -82.452281 27.645928, -82.384884 27.646389, -82.318254 27.646553, -82.146271 27.646285, -82.062193 27.646164, -82.054349 27.646382, -82.054467 27.595246, -82.055487 27.473096, -82.055753 27.338264, -82.056497 27.207769, -82.253596 27.208916, -82.253117 27.300104, -82.252264 27.386243, -82.268238 27.386304, -82.398117 27.386451, -82.433337 27.386348, -82.448609 27.388605, -82.449001 27.388608, -82.463604 27.38824, -82.487087 27.388356, -82.505618 27.388904, -82.513871 27.388974, -82.54261 27.389014, -82.559339 27.389041, -82.59652 27.38932, -82.616585 27.389542, -82.617056 27.389547, -82.6428368302769 27.3897369565301, -82.675121 27.424318, -82.691821 27.437218, -82.691081157442 27.4436592486103, -82.691004 27.444331, -82.6960278878604 27.4572616036838, -82.707821 27.487615, -82.7123511879543 27.4962696874351, -82.714521 27.500415, -82.722341156423 27.5107357923835, -82.724522 27.513614, -82.743017 27.531086, -82.745748 27.538834))",12081,1,1,1,1,EM-3615-FL,DR-4828-FL,439056,128256,13876,29.21,3.16,212734,14850,48.45,3.38,98066,12352,22.34,2.81,Yes,49.04,31.33,67.23,37.31,20.89,67.16,49.48,31.85,68.49,458352,416020,0,214510,101,168504,1649,78.6,0.8,125853,1714,74.7,0.9,42651,1701,25.3,0.9,85.0,0.1,6760,692,4.0,0.4,2955,600,1.8,0.4,13195,1120,7.8,0.6,8.6,0.7,73687,87,17.7,0.1,117425,26,28.2,0.1,61186,2604,14.9,0.6,27682,1814,7.0,0.5,18752,399710,168437,6051,1923745730.0,4.7,3.6,538.14,1,79213,2690,45410,4921,10.4,1.1,434729,3.4,6749,196806,3.3,6588,197613,3.2,6345,198861,3.0,6008,198656,3.2,6337,198291,3.7,7322,199999,4.0,7960,199716,3.9,7796,198034,3.8,7487,198763,3.9,7759,197612,3.9,7602,197078,3.4,6683,197610,4.0,8026,200135,4.0,8008,199152,3.6,7277,199440,3.7,7271,198770,3.7,7354,198320,4.2,8424,199463,-1,1,-1,-1,1,0,1,-1,-1,-1,-1,-1,1,1,-1,40636,258033,2024-09-27 01:30:00+00:00,2024-09-27 01:30:00+00:00,15.7,50,50,2.6,DR-4828-FL,Hurricane,4828.0,FL,6056,0,6,17971,14599,11296,13512,10046,2261,10043,4182,10,9979,2018,5975,10,10.7,1.3,6.0,55.5,89.3,59.5,100.0
"Marion County, Florida","POLYGON ((-82.535713 29.113163, -82.53459 29.15642, -82.53486 29.21468, -82.44005 29.21523, -82.403237 29.215623, -82.404594 29.27886, -82.405152 29.33026, -82.405478 29.361097, -82.40543 29.40325, -82.406944 29.429017, -82.40662 29.485048, -82.287204 29.484331, -82.24389 29.484271, -82.211449 29.484067, -82.188795 29.454425, -82.211661 29.466056, -82.216878 29.45504, -82.207237 29.42727, -82.193626 29.420935, -82.167122 29.427051, -82.148519 29.417178, -82.134505 29.435041, -82.109795 29.435379, -82.105688 29.435966, -82.099886 29.418664, -82.080943 29.440386, -82.055643 29.441847, -82.055899 29.471232, -82.026854 29.494459, -82.004385 29.501715, -81.964158 29.503814, -81.94631 29.509607, -81.930411 29.516245, -81.911821 29.503968, -81.906692 29.514235, -81.86115 29.514892, -81.844929 29.521678, -81.842779 29.486533, -81.788738 29.487241, -81.784536 29.48731, -81.775945 29.475782, -81.774905 29.429249, -81.74183 29.42994, -81.735706 29.370937, -81.668525 29.371704, -81.657723 29.348031, -81.675403 29.338646, -81.680903 29.32443, -81.673264 29.306644, -81.655677 29.29994, -81.641916 29.276766, -81.642025 29.269717, -81.640517 29.1316, -81.638793 29.050285, -81.641143 29.04776, -81.659197 29.04776, -81.658698 28.960345, -81.761654 28.960932, -81.842194 28.961024, -81.848774 28.959828, -81.895973 28.959913, -81.929148 28.959999, -81.95419 28.960053, -81.965139 28.960043, -81.965419 28.960043, -81.988774 28.95995, -81.995662 28.959921, -82.002212 28.959937, -82.01639 28.96014, -82.040189 28.96013, -82.040671 28.960116, -82.11992 28.96006, -82.123647 28.960197, -82.123879 28.960186, -82.173113 28.95999, -82.21946 28.960113, -82.311266 28.960399, -82.311697 28.960391, -82.312254 28.966645, -82.313255 28.96928, -82.3154 28.970504, -82.315836 28.973271, -82.320274 28.973146, -82.349612 28.988672, -82.366411 29.002616, -82.393503 29.008006, -82.401415 29.018606, -82.418226 29.01305, -82.458566 29.04765, -82.464326 29.045191, -82.472923 29.051203, -82.508131 29.037479, -82.534922 29.040866, -82.535591 29.044855, -82.535713 29.113163))",12083,1,1,0,1,EM-3615-FL,DR-4828-FL,403701,110003,12381,27.25,3.07,195616,13372,48.46,3.31,98082,11019,24.3,2.73,No,63.75,44.94,76.2,64.17,37.31,79.1,63.35,45.54,78.42,428905,387697,0,183453,87,159796,1469,87.1,0.8,122533,1780,76.7,1.0,37263,1665,23.3,1.0,90.7,0.0,8748,822,5.5,0.5,3414,540,2.1,0.3,22116,1303,13.8,0.8,14.4,0.8,72932,0,18.8,0.0,111456,0,28.7,0.0,62802,2067,16.5,0.5,19849,1504,5.4,0.4,110311,375908,156906,6637,4114025502.0,29.3,4.2,236.65,1,58584,2749,60125,6097,15.0,1.5,400310,4.2,6563,157223,4.0,6333,157347,3.8,6073,158078,3.6,5752,158602,3.8,6041,158539,4.5,7105,159379,4.8,7639,159993,4.7,7540,160148,4.4,7069,160513,4.3,6872,159845,4.3,6830,158710,3.9,6147,159010,4.6,7354,160612,4.6,7422,159853,4.3,6803,159639,4.3,6812,159714,4.3,6937,159646,4.9,7913,160118,-1,1,-1,-1,1,1,1,0,-1,1,1,-1,1,1,-1,47810,230197,2024-09-27 04:30:00+00:00,2024-09-27 04:30:00+00:00,20.8,50,50,1.5,,,,,0,0,0,0,0,0,0,0,0,0,0,0,0,0,0,0,0.0,0.0,0.0,0.0,0.0,0.0,0.0
"Monroe County, Florida","MULTIPOLYGON (((-80.668455 24.907924, -80.5995058296488 24.9655912811379, -80.598839 24.966149, -80.544763 25.012151, -80.5439460625003 25.0127440290542, -80.504984212436 25.0410271095847, -80.496741 25.047011, -80.4757224126434 25.0809094210534, -80.468829 25.092027, -80.4667987184357 25.1029987099093, -80.461342 25.132487, -80.461121 25.161776, -80.442922 25.189281, -80.46455 25.209067, -80.495394 25.199808, -80.482826 25.224786, -80.443077 25.244313, -80.433478 25.236417, -80.41887 25.23631, -80.410955 25.253466, -80.394931 25.253537, -80.395081 25.272937, -80.379149 25.287859, -80.379021 25.305895, -80.3763480504136 25.3058717488906, -80.377064 25.30219, -80.365913 25.285383, -80.338325 25.290085, -80.290194 25.319316, -80.271792 25.348442, -80.2699420002125 25.3523152704486, -80.262374 25.353991, -80.2517498819016 25.3424165300789, -80.283921 25.290376, -80.327405 25.223812, -80.358183 25.153228, -80.3820199129693 25.1293979124818, -80.407076 25.104349, -80.4248700346826 25.0911539838353, -80.448839 25.07338, -80.4528185865617 25.0691823389141, -80.4840668371838 25.0362217377047, -80.49249 25.027337, -80.5286982739578 24.9936174608281, -80.571534 24.953726, -80.5853809248687 24.9446664620571, -80.657695 24.897354, -80.668455 24.907924)), ((-80.751643 24.857254, -80.729063 24.87235, -80.704659 24.898619, -80.698471 24.909273, -80.693404 24.899532, -80.683904 24.880975, -80.6928411262055 24.870163814681, -80.70173 24.859411, -80.73144 24.843236, -80.7338264675755 24.8448918680628, -80.751643 24.857254)), ((-80.850866 24.803701, -80.85028 24.818429, -80.8491957648581 24.8187804412862, -80.833642 24.823822, -80.817005 24.836765, -80.79278 24.843918, -80.780564 24.84052, -80.788263 24.824218, -80.790497 24.817789, -80.796053 24.81194, -80.82057 24.80117, -80.846191 24.802968, -80.850338 24.8026, -80.850866 24.803701)), ((-81.124761 24.707129, -81.084394 24.724552, -81.0823013661352 24.7254675548177, -81.0674388995729 24.7319700792644, -81.041593 24.743278, -81.0254903337857 24.7484158796263, -80.988683 24.76016, -80.9766575826176 24.7659403492227, -80.937033 24.784987, -80.908386 24.776872, -80.915642 24.75909, -80.9700845490985 24.7378525129085, -80.9863227505142 24.7315181549722, -81.023794 24.716901, -81.0348643631053 24.7113298179393, -81.0735724481458 24.6918498978204, -81.0773 24.689974, -81.0799698060031 24.6898654609452, -81.106645 24.688781, -81.124761 24.707129)), ((-81.4685612614122 25.803582260752, -80.873096 25.805377, -80.87319 25.363993, -80.862191 25.364193, -80.861991 25.242898, -80.858107 25.211138, -80.8579854115429 25.1766094650017, -80.858167 25.176576, -80.87546 25.174321, -80.900066 25.162034, -80.901617 25.153803, -80.898911 25.147652, -80.900577 25.139669, -80.915924 25.141301, -80.943216 25.134443, -80.957427 25.135704, -80.971765 25.133958, -80.999176 25.124222, -81.009598 25.125403, -81.022989 25.129393, -81.050505 25.128273, -81.079859 25.118797, -81.094524 25.127054, -81.111943 25.14547, -81.120616 25.152302, -81.133567 25.156295, -81.141024 25.163868, -81.142278 25.183, -81.146737 25.193139, -81.155481 25.208098, -81.172044 25.222276, -81.170907 25.245857, -81.168307 25.253178, -81.16207 25.289833, -81.159293 25.298595, -81.1523 25.305543, -81.148915 25.318067, -81.151916 25.324766, -81.148103 25.332793, -81.140099 25.341117, -81.133913 25.342996, -81.12141 25.33875, -81.118208 25.34522, -81.117265 25.354953, -81.128492 25.380511, -81.141395 25.381358, -81.150508 25.387255, -81.150656 25.399206, -81.147144 25.404297, -81.146765 25.407577, -81.168652 25.463848, -81.179406 25.475427, -81.191924 25.484745, -81.208201 25.504937, -81.210149 25.516888, -81.203175 25.53416, -81.204389 25.538908, -81.209321 25.548611, -81.225557 25.55847, -81.232705 25.573366, -81.233051 25.586587, -81.240519 25.599041, -81.271489 25.61434, -81.272823 25.637961, -81.289424 25.657957, -81.290328 25.687506, -81.311899 25.702911, -81.338242 25.692895, -81.350556 25.689832, -81.355986 25.703526, -81.355248 25.728727, -81.382257 25.749466, -81.38381 25.776751, -81.414376 25.783528, -81.423989 25.79372, -81.468489 25.80332, -81.4685612614122 25.803582260752)), ((-81.8118501890627 24.5644048664023, -81.811693 24.568745, -81.8012771573448 24.5904536381228, -81.799495 24.594168, -81.7789012151196 24.6200376418021, -81.76139 24.642035, -81.7473245380387 24.6579843169593, -81.745651 24.659882, -81.6842967404369 24.6930492693111, -81.672338 24.699514, -81.584599 24.736696, -81.5815353519746 24.7411743754375, -81.571151 24.756354, -81.53607 24.765977, -81.5325939720868 24.7684119315074, -81.5105836811611 24.7838299753788, -81.498101 24.792574, -81.4550894895934 24.8089541597581, -81.44351 24.813364, -81.4340218674626 24.8088582241228, -81.4124593567122 24.7986185019847, -81.377831 24.782174, -81.325126 24.767115, -81.305054 24.755185, -81.292364 24.710518, -81.243232 24.673998, -81.257711 24.664309, -81.313072 24.647251, -81.3208064021024 24.6447328009986, -81.363099 24.630963, -81.401889 24.623544, -81.4046120089766 24.6294738583912, -81.412537 24.646732, -81.443915 24.642677, -81.4615969549913 24.6442530129999, -81.477304 24.645653, -81.5052343375465 24.6426968793426, -81.508011 24.642403, -81.517404 24.621239, -81.559184 24.609571, -81.611852 24.585578, -81.6346127667547 24.5780606501945, -81.644131 24.574917, -81.665142 24.573258, -81.685243 24.558676, -81.7225793204009 24.555245536757, -81.7462193319846 24.5530734911474, -81.7632358247813 24.551510014821, -81.7734162381986 24.5505746378569, -81.775219 24.550409, -81.7858472164251 24.5490020436761, -81.7948564952293 24.5478094012532, -81.798106903519 24.5473791143344, -81.812536 24.545469, -81.8118501890627 24.5644048664023)), ((-82.01491 24.543071, -81.976882 24.548476, -81.91865 24.562528, -81.886563 24.572256, -81.874679 24.563609, -81.887752 24.551719, -81.91152 24.526855, -81.972128 24.514962, -81.999818 24.5190470794842, -82.016099 24.521449, -82.01491 24.543071)), ((-82.164426 24.563375, -82.15068 24.576331, -82.143075 24.593395, -82.135423 24.596879, -82.125268 24.597426, -82.104187 24.588256, -82.101051 24.584679, -82.099417 24.572522, -82.104429 24.561167, -82.116787 24.549144, -82.159439 24.548212, -82.165206 24.552159, -82.164426 24.563375)), ((-82.933543 24.632764, -82.91672 24.636246, -82.880065 24.643566, -82.863492 24.624434, -82.894325 24.611158, -82.934731 24.615479, -82.933543 24.632764)))",12087,1,1,0,1,EM-3615-FL,DR-4828-FL,80259,21962,2936,27.36,3.66,40221,3162,50.11,3.94,18076,2710,22.52,3.38,Yes,50.34,28.88,71.11,42.53,17.91,73.13,51.36,29.45,72.6,80908,81840,0,54418,39,34630,709,63.6,1.3,21952,723,63.4,1.6,12678,600,36.6,1.6,66.4,0.3,973,168,2.8,0.5,662,196,1.9,0.6,2565,334,7.4,1.0,8.4,1.0,12769,18,15.6,0.1,19888,97,24.3,0.1,9012,652,11.3,0.8,7377,730,9.4,0.9,10867,82874,36436,1055,2546045483.0,13.1,2.9,84.3,1,85639,7276,7992,1677,10.0,2.1,79793,2.3,1118,49311,2.2,1099,49782,2.1,1046,50383,2.0,981,50100,2.1,1043,50031,2.3,1169,49808,2.7,1330,49781,2.5,1249,49581,2.5,1223,48856,2.4,1198,49324,2.4,1187,49448,2.1,1070,50013,2.7,1353,50726,2.6,1349,50947,2.4,1209,51413,2.4,1223,51416,2.4,1219,51075,2.7,1367,50770,-1,0,0,-1,1,0,1,-1,-1,-1,-1,-1,1,-1,1,2746,75084,2024-09-26 09:30:00+00:00,2024-09-26 09:30:00+00:00,3.7,34,34,1.5,,,,,0,0,0,0,0,0,0,0,0,0,0,0,0,0,0,0,0.0,0.0,0.0,0.0,0.0,0.0,0.0
"Nassau County, Florida","POLYGON ((-82.050454 30.676263, -82.041834 30.692374, -82.036448 30.706583, -82.037585 30.718639, -82.039176 30.723177, -82.041032 30.725079, -82.043817 30.72964, -82.04119 30.734247, -82.040048 30.737547, -82.039656 30.747727, -82.038989 30.749262, -82.035986 30.750998, -82.032667 30.750674, -82.028421 30.750981, -82.017938 30.755263, -82.012681 30.761289, -82.011618 30.763122, -82.017902 30.775845, -82.024056 30.783157, -82.023869 30.786686, -82.022887 30.787992, -82.017072 30.791658, -82.0166767397352 30.7917130765446, -82.007886 30.792938, -82.004994 30.791745, -81.994992 30.786074, -81.990875 30.781612, -81.988625 30.780057, -81.981293 30.776768, -81.979081 30.776416, -81.9788814075052 30.7764954535349, -81.973876 30.778488, -81.962553 30.796528, -81.962008 30.800445, -81.96246 30.808443, -81.962758 30.813638, -81.962194 30.818003, -81.9620624871704 30.8181754472865, -81.959778 30.821171, -81.949806 30.827496, -81.943187 30.827437, -81.9384 30.825748, -81.935462 30.821134, -81.934673 30.820427, -81.924466 30.817568, -81.910943 30.815891, -81.906296 30.817018, -81.903762 30.818989, -81.902354 30.82082, -81.899397 30.821665, -81.895737 30.821101, -81.892921 30.819271, -81.891298 30.815948, -81.882741 30.805126, -81.876898 30.799518, -81.868624 30.792756, -81.852641 30.794441, -81.846301 30.79055, -81.8435558560958 30.7883242778374, -81.842073 30.787122, -81.84039 30.786386, -81.827028 30.788935, -81.808543 30.790016, -81.806666 30.789685, -81.792782 30.784434, -81.784363 30.773591, -81.782666 30.769938, -81.779183 30.768063, -81.775033 30.768331, -81.772623 30.769536, -81.77048 30.772482, -81.768204 30.773955, -81.763384 30.773821, -81.75935 30.771378, -81.7583304080093 30.7706467822918, -81.755086 30.76832, -81.751294 30.767083, -81.747583 30.766456, -81.746323 30.765892, -81.745046 30.76504, -81.744194 30.763869, -81.743449 30.762272, -81.743105 30.759913, -81.742747 30.759202, -81.732238 30.749635, -81.727137 30.746935, -81.719937 30.744634, -81.7114882881451 30.7459041622077, -81.694787 30.748415, -81.692824 30.747101, -81.691827 30.743991, -81.690999 30.742841, -81.688934 30.741434, -81.672832 30.738935, -81.670132 30.740235, -81.669332 30.741335, -81.668283 30.744644, -81.667344 30.745661, -81.664606 30.7466, -81.662181 30.746522, -81.656549 30.745114, -81.654542677328 30.7438978542065, -81.6545180566719 30.7438829302325, -81.652131 30.742436, -81.651731 30.740235, -81.652169 30.735648, -81.651778 30.732284, -81.650448 30.729703, -81.649196 30.728686, -81.646144 30.727591, -81.633273 30.729603, -81.629616 30.732407, -81.625105 30.733017, -81.621936 30.731188, -81.620829 30.729535, -81.619619 30.724849, -81.617669 30.722046, -81.609501 30.720705, -81.607673 30.721924, -81.605722 30.725337, -81.604016 30.727287, -81.601212 30.728141, -81.593654 30.725459, -81.586825 30.723735, -81.573724 30.722336, -81.5724397848579 30.7219451519133, -81.571424 30.721636, -81.5668832268409 30.7183183806951, -81.566223 30.717836, -81.56171 30.715597, -81.55257 30.716974, -81.54919 30.715972, -81.546936 30.714345, -81.544683 30.713969, -81.542679 30.713593, -81.540927 30.713343, -81.539298 30.713468, -81.537671 30.714345, -81.535542 30.716348, -81.53452 30.717936, -81.53404 30.719853, -81.532788 30.721606, -81.530534 30.722858, -81.528281 30.723359, -81.52142 30.722536, -81.516119 30.722236, -81.507218 30.722936, -81.489539 30.7261, -81.487334 30.726081, -81.483788 30.723891, -81.475755 30.714754, -81.472598 30.713312, -81.4653858893509 30.7113014423461, -81.464466 30.711045, -81.459979 30.710434, -81.448718 30.709353, -81.444124 30.709714, -81.432725 30.703017, -81.42742 30.69802, -81.430843 30.669393, -81.4311781585357 30.6675209962825, -81.4363543120584 30.6386099658162, -81.4423033860565 30.6053818440358, -81.443099 30.600938, -81.4427836102912 30.5739683480619, -81.442564 30.555189, -81.434064 30.522569, -81.4427844968023 30.5099198266455, -81.450811 30.519238, -81.458952 30.524203, -81.459789 30.524731, -81.479939 30.533454, -81.499575 30.563793, -81.515382 30.565801, -81.521375 30.538801, -81.537209 30.524113, -81.550926 30.543027, -81.577218 30.538037, -81.588803 30.550468, -81.583239 30.564489, -81.610212 30.55438, -81.608717 30.574892, -81.605968 30.585512, -81.643591 30.579496, -81.645774 30.575607, -81.650522 30.57612, -81.660896 30.561646, -81.660113 30.551575, -81.669397 30.563301, -81.69756 30.569643, -81.704592 30.563643, -81.721883 30.571934, -81.73521 30.559031, -81.738424 30.534572, -81.763748 30.534916, -81.765316 30.518652, -81.781624 30.503336, -81.794918 30.505406, -81.809526 30.484537, -81.831212 30.467449, -81.83454 30.464325, -81.935495 30.373981, -82.049236 30.273432, -82.049702 30.292389, -82.0499665504695 30.3623762347418, -82.047938 30.363251, -82.040766 30.370144, -82.036845 30.37787, -82.035891 30.385273, -82.041185 30.396828, -82.042011 30.403253, -82.041185 30.409953, -82.039992 30.414267, -82.034025 30.422345, -82.034484 30.428036, -82.03723 30.434506, -82.036224 30.438448, -82.030084 30.444842, -82.028232 30.447385, -82.025477 30.457744, -82.023754 30.467278, -82.017799 30.475071, -82.017002 30.478769, -82.017317 30.487628, -82.018242 30.492075, -82.015912 30.495489, -82.01479 30.513, -82.015846 30.518157, -82.01701 30.519349, -82.0176988330505 30.5209885547049, -82.018888 30.523819, -82.018381 30.531176, -82.013236 30.550083, -82.005497 30.563488, -82.008111 30.577011, -82.012129 30.593767, -82.015728 30.601698, -82.016523 30.602478, -82.0204488878846 30.6038578335711, -82.026962 30.606147, -82.027359 30.60672, -82.026562 30.613298, -82.02852 30.621824, -82.033948 30.629598, -82.03763 30.633266, -82.039962 30.63714, -82.039113 30.641128, -82.039616 30.643305, -82.042293 30.649448, -82.046136 30.651763, -82.049529 30.655544, -82.050454 30.676263))",12089,1,0,0,1,,DR-4828-FL,101244,35175,3893,34.74,3.85,47955,4042,47.37,3.99,18114,3217,17.89,3.18,Yes,17.68,7.6,41.66,8.95,2.98,32.83,21.57,6.85,42.12,104376,94653,0,43565,44,38112,568,87.5,1.3,31627,785,83.0,1.8,6485,695,17.0,1.8,75.2,0.4,1805,488,4.7,1.3,620,194,1.6,0.5,2730,430,7.2,1.1,8.0,1.2,18521,0,19.6,0.0,22097,115,23.3,0.1,15734,1250,16.9,1.3,1430,429,1.6,0.5,39547,90352,35919,1580,1680075565.0,43.8,4.4,139.29,1,92766,8972,9524,1426,9.5,1.4,100536,3.2,1519,46816,3.1,1471,46837,3.1,1443,47053,2.8,1336,47119,3.0,1435,47296,3.4,1623,47754,3.7,1758,47938,3.6,1720,47868,3.4,1621,47956,3.3,1571,47705,3.4,1593,47411,3.0,1404,47357,3.7,1776,47616,3.7,1764,47355,3.4,1633,47397,3.4,1607,47439,3.4,1627,47404,3.9,1868,47655,-1,1,-1,0,0,0,1,0,-1,-1,-1,-1,1,1,-1,31083,75648,2024-09-27 06:30:00+00:00,2024-09-27 06:30:00+00:00,41.1,50,50,1.2,,,,,0,0,0,0,0,0,0,0,0,0,0,0,0,0,0,0,0.0,0.0,0.0,0.0,0.0,0.0,0.0
"Okaloosa County, Florida","POLYGON ((-86.799184 30.416633, -86.798926 30.430998, -86.795257 30.625192, -86.793582 30.636646, -86.791841 30.724274, -86.7856944213826 30.9969494300445, -86.745289 30.996267, -86.728442 30.996716, -86.727343 30.996859, -86.725429 30.996849, -86.706312 30.99468, -86.6883140179263 30.9945734725027, -86.678435 30.994515, -86.664734 30.994512, -86.567644 30.995088, -86.563494 30.995202, -86.5424890330127 30.9942472726749, -86.5424881127186 30.9942472308453, -86.519998 30.993225, -86.512894 30.99368, -86.500011 30.99332, -86.458382 30.993979, -86.454767 30.993772, -86.404977 30.994031, -86.392003 30.994154, -86.388713 30.994163, -86.3886458727332 30.9941643948152, -86.390934 30.812804, -86.391685 30.756824, -86.391604 30.721885, -86.391837 30.70686, -86.394239 30.464075, -86.394639 30.454048, -86.394783 30.450066, -86.395383 30.433336, -86.396777 30.401269, -86.397344 30.379491, -86.3973629027297 30.378557735615, -86.412076 30.380346, -86.4229451496451 30.3810032568669, -86.4689518053264 30.3837852767449, -86.470849 30.3839, -86.4833250602869 30.3833345288672, -86.50615 30.3823, -86.5114137759134 30.3833556492603, -86.529067 30.386896, -86.632953 30.396299, -86.750906 30.391881, -86.7659886401731 30.3902302420216, -86.7980969224223 30.3867160692715, -86.799191 30.416394, -86.799184 30.416633))",12091,1,1,0,1,EM-3615-FL,DR-4828-FL,216535,82814,7014,38.25,3.24,93712,7130,43.28,3.29,40009,5385,18.48,2.49,Yes,21.31,11.99,40.96,10.45,5.97,32.83,23.63,11.99,41.43,220483,214281,0,102475,72,84123,1106,82.1,1.1,56997,1295,67.8,1.3,27126,1147,32.2,1.3,63.9,0.1,3206,461,3.8,0.6,1374,336,1.6,0.4,6188,761,7.4,0.9,8.1,0.9,48437,0,22.6,0.0,35106,87,16.4,0.1,30782,1416,15.5,0.7,9133,989,4.5,0.5,22524,211668,83957,3181,2408237041.0,10.6,3.8,227.64,1,81990,3249,21517,3409,10.1,1.6,213748,3.2,3148,98351,3.1,3024,98926,2.9,2920,101360,2.6,2679,101520,2.8,2901,102674,3.3,3398,104117,3.5,3682,105246,3.4,3546,103874,3.2,3312,102585,3.3,3328,101833,3.4,3396,100628,3.0,3037,100559,3.7,3734,101499,3.6,3682,101281,3.3,3385,101924,3.3,3345,101891,3.3,3395,102184,3.8,3886,102769,-1,1,-1,1,0,0,0,-1,-1,-1,-1,1,-1,1,-1,488,117813,2024-09-27 01:45:00+00:00,2024-09-27 01:45:00+00:00,0.4,34,34,0.8,,,,,0,0,0,0,0,0,0,0,0,0,0,0,0,0,0,0,0.0,0.0,0.0,0.0,0.0,0.0,0.0
"Pasco County, Florida","MULTIPOLYGON (((-82.797762 28.187789, -82.772109578722 28.2105963465072, -82.7694239640459 28.2129841033524, -82.762643 28.219013, -82.76446 28.220069, -82.764103 28.244345, -82.7640413018684 28.2444636502531, -82.7632771041833 28.245933261186, -82.7603084158416 28.2516422772277, -82.759072 28.25402, -82.746188 28.261192, -82.7435587294702 28.2672256223765, -82.7355735585246 28.2855499087336, -82.732792 28.291933, -82.735463 28.30039, -82.7341296807948 28.3086120795853, -82.73146 28.325075, -82.7182213340819 28.3423670443818, -82.715822 28.345501, -82.7091819711833 28.3609255612759, -82.706112 28.368057, -82.7062308191539 28.386880217201, -82.706322 28.401325, -82.697433 28.420166, -82.684137 28.428019, -82.678742838493 28.4334559859077, -82.639965 28.433842, -82.602149 28.433904, -82.600636 28.43391, -82.567828 28.43385, -82.551281 28.433848, -82.546129 28.433819, -82.508465 28.433708, -82.485112 28.433697, -82.484968 28.433698, -82.461889 28.433776, -82.459181 28.433687, -82.302823 28.434897, -82.281206 28.43479, -82.253439 28.434824, -82.25331 28.456782, -82.253293 28.478491, -82.249212 28.478818, -82.178276 28.478496, -82.054694 28.478397, -82.055819 28.312794, -82.055531 28.258928, -82.075588 28.259196, -82.106206 28.25924, -82.105857 28.197322, -82.105853 28.17165, -82.124806 28.172149, -82.155736 28.171662, -82.21196 28.171868, -82.254309 28.171467, -82.259741 28.171462, -82.286526 28.171471, -82.29445 28.171454, -82.319875 28.17133, -82.351927 28.171265, -82.3537 28.17128, -82.393694 28.171257, -82.393996 28.17126, -82.394629 28.171257, -82.428168 28.17128, -82.461702 28.171828, -82.474026 28.171935, -82.516514 28.17272, -82.536009 28.172576, -82.591801 28.173211, -82.651165 28.173266, -82.65408 28.173281, -82.672144 28.173319, -82.699024 28.173247, -82.720215 28.17319, -82.724079 28.173221, -82.729319 28.17317, -82.740626 28.173301, -82.750202 28.172755, -82.759073 28.172931, -82.773372 28.172879, -82.78549 28.172567, -82.8046747636285 28.1730794683416, -82.797762 28.187789)), ((-82.855136 28.212666, -82.85043 28.217366, -82.836938 28.210178, -82.8340548532009 28.1718724786431, -82.8543267186352 28.172232892577, -82.855136 28.212666)))",12101,1,1,1,1,EM-3615-FL,DR-4828-FL,628374,223695,17507,35.6,2.79,278841,18079,44.38,2.88,125838,14139,20.03,2.25,Yes,32.69,20.67,49.8,22.39,10.45,43.28,33.56,21.23,50.34,659114,588758,0,265118,146,229860,1612,86.7,0.6,173553,2236,75.5,0.9,56307,2103,24.5,0.9,73.4,0.1,13871,964,6.0,0.4,7091,662,3.1,0.3,25233,1277,11.0,0.6,12.3,0.5,119544,46,20.3,0.1,129661,112,22.0,0.1,96672,2838,16.6,0.5,33122,1903,5.9,0.3,40708,561891,225214,10279,1933701535.0,7.2,4.6,752.59,1,72065,2416,65506,7945,10.5,1.3,623700,3.6,10505,294208,3.5,10274,295031,3.4,10009,295705,3.2,9390,295666,3.4,9957,295524,3.8,11501,299017,4.1,12265,298833,4.1,12301,299021,3.8,11363,299526,3.9,11552,298218,3.9,11549,297010,3.5,10262,296778,4.1,12179,299104,4.1,12147,297960,3.8,11238,297852,3.7,11149,298259,3.8,11198,297766,4.3,12772,299292,-1,1,-1,0,0,0,1,1,1,-1,0,-1,1,1,-1,69669,310118,2024-09-27 05:15:00+00:00,2024-09-27 05:15:00+00:00,22.5,50,50,2.6,DR-4828-FL,Hurricane,4828.0,FL,7913,0,6,26951,23057,18030,21602,16720,4508,16718,8141,25,15749,3902,10365,25,11.7,2.0,7.3,58.4,86.6,62.0,100.0
"Pinellas County, Florida","POLYGON ((-82.8543267186352 28.172232892577, -82.8340548532009 28.1718724786431, -82.8318352123285 28.1423823046183, -82.8318081893792 28.1420232774049, -82.831169 28.133531, -82.8152116454013 28.0632653478604, -82.813742 28.056794, -82.7961394677338 28.0562832553021, -82.782724 28.055894, -82.7827308136442 28.0562061763992, -82.783824 28.106292, -82.7818570404572 28.123049708521, -82.781324 28.127591, -82.7837544356657 28.1355701661478, -82.78616623934 28.1434881631162, -82.786624 28.144991, -82.790724 28.15249, -82.799024 28.15179, -82.808474 28.154803, -82.805097 28.172181, -82.8046747636285 28.1730794683416, -82.78549 28.172567, -82.773372 28.172879, -82.759073 28.172931, -82.750202 28.172755, -82.740626 28.173301, -82.729319 28.17317, -82.724079 28.173221, -82.720215 28.17319, -82.699024 28.173247, -82.672144 28.173319, -82.65408 28.173281, -82.651165 28.173266, -82.650602 28.144928, -82.649089 28.091142, -82.649058 28.085996, -82.648577 28.059595, -82.648372 28.05623, -82.648557 28.03863, -82.648555 28.033671, -82.6485177745241 28.0203156831794, -82.66963 28.030411, -82.6876828568176 28.0278162495802, -82.690071 28.027473, -82.68412323815 28.0124026648935, -82.679237 28.000022, -82.692685 27.983825, -82.6949720257694 27.9797431298948, -82.7056282892154 27.9607238937438, -82.706114 27.959857, -82.716522 27.958398, -82.720522 27.955798, -82.7235083136388 27.9494106069391, -82.724122 27.948098, -82.7203953958226 27.9371986144322, -82.720122 27.936399, -82.710022 27.928299, -82.709682629534 27.9281544006993, -82.6972318290224 27.9228493514186, -82.694018 27.92148, -82.685121 27.916299, -82.677757813435 27.9145514350735, -82.671221 27.913, -82.639114 27.905728, -82.63503550122 27.9040379314414, -82.63422 27.9037, -82.633745054054 27.9008503243243, -82.6330028918919 27.8963973513513, -82.63212 27.8911, -82.6231870391588 27.8839863720433, -82.61002 27.873501, -82.6089811249838 27.8720724907676, -82.598443 27.857582, -82.594819 27.843402, -82.589319 27.835702, -82.5875351853849 27.82359818076, -82.586519 27.816703, -82.5977011495 27.8071804374934, -82.606923130021 27.799327127542, -82.60742 27.798904, -82.6162664633263 27.7878995383991, -82.6183753971302 27.7852761531876, -82.622723 27.779868, -82.6233564391641 27.7777587296374, -82.6254063209283 27.7709328888981, -82.629877719132 27.7560437120911, -82.63052 27.753905, -82.6275629411684 27.742507419969, -82.62502 27.732706, -82.62572 27.727006, -82.6292050685643 27.7197716152675, -82.63362 27.710607, -82.63982 27.703907, -82.646291793098 27.7020726204115, -82.652521 27.700307, -82.6607538985063 27.7018902497127, -82.662921 27.702307, -82.671621 27.705907, -82.677321 27.706207, -82.6791963255759 27.6949919700529, -82.679251 27.694665, -82.693748 27.700217, -82.7083428972425 27.6990747204311, -82.713629 27.698661, -82.7177335589184 27.6934016633848, -82.718822 27.692007, -82.723022 27.671208, -82.721622 27.663908, -82.716322 27.651409, -82.712555 27.646647, -82.698091 27.638858, -82.705017 27.62531, -82.733076 27.612972, -82.736552 27.617326, -82.7371039290626 27.6192604055394, -82.7407527455601 27.6320488077502, -82.744975 27.646847, -82.745688 27.660321, -82.7388009018324 27.6776632110486, -82.738467 27.678504, -82.7381608645981 27.697974899507, -82.738022 27.706807, -82.740323 27.718206, -82.7431113051242 27.724396982564, -82.746223 27.731306, -82.753723 27.736306, -82.7555447624925 27.7385576478363, -82.760923 27.745205, -82.770023 27.767904, -82.7825138901181 27.7830635414761, -82.783124 27.783804, -82.790224 27.791603, -82.7955839836108 27.7955311233129, -82.8072361023876 27.8040705075229, -82.820433 27.813742, -82.8276506780697 27.8213006707344, -82.828561 27.822254, -82.8406374964334 27.8437967487449, -82.846526 27.854301, -82.849126 27.8632, -82.8498572868828 27.8716463634962, -82.851126 27.8863, -82.8500028962649 27.8944336533832, -82.8478820987144 27.9097927263103, -82.847826 27.910199, -82.8410470416664 27.9365211563292, -82.840882 27.937162, -82.831388 27.962117, -82.8312278893592 27.9664303643535, -82.8303873413557 27.9890746419428, -82.8299519183472 28.0008048934374, -82.8292757321195 28.0190212815287, -82.828443 28.041455, -82.8413795470182 28.0905566862417, -82.843417 28.09829, -82.8472579388204 28.1222956894432, -82.854195 28.165652, -82.8543267186352 28.172232892577))",12103,1,1,1,1,EM-3615-FL,DR-4828-FL,955440,312896,24659,32.75,2.58,424906,25921,44.47,2.71,217638,21555,22.78,2.26,Yes,52.59,37.81,66.66,49.25,28.36,67.16,53.42,38.35,68.14,965870,960565,0,518180,201,423242,2243,81.7,0.4,293896,2869,69.4,0.5,129346,2337,30.6,0.5,71.0,0.1,16834,985,4.0,0.2,9583,714,2.3,0.2,37002,1607,8.7,0.4,9.5,0.4,150459,0,15.7,0.0,248460,47,25.9,0.1,145905,3644,15.4,0.4,53870,2300,5.8,0.2,1827,959107,442789,13067,709109289.0,0.2,3.0,3503.09,1,70684,1637,106728,10682,11.3,1.1,943848,3.2,15774,500318,3.0,15310,502180,2.9,14536,504164,2.8,13954,505363,2.9,14691,504608,3.3,16820,509203,3.6,18254,509415,3.5,17871,507282,3.4,17042,507740,3.8,19068,502324,3.7,18441,498998,3.3,16528,498097,3.8,18949,502350,3.7,18462,500999,3.3,16546,502402,3.3,16763,501775,3.3,16556,501339,3.8,19002,504311,-1,1,-1,0,0,1,1,-1,-1,-1,-1,-1,1,1,-1,246442,570020,2024-09-27 05:15:00+00:00,2024-09-27 05:15:00+00:00,43.2,50,50,2.4,DR-4828-FL,Hurricane,4828.0,FL,34816,0,7,98348,79912,61995,74332,55740,12748,55733,25622,66,53310,10706,32441,66,23.2,3.0,13.2,54.2,84.0,58.2,100.0
"Putnam County, Florida","POLYGON ((-82.056104 29.50802, -82.055337 29.59482, -82.056071 29.656846, -82.050291 29.709735, -82.055625 29.718232, -82.049244 29.71867, -82.028917 29.718681, -82.00707 29.73949, -81.982559 29.745777, -81.939427 29.747497, -81.924906 29.774832, -81.919525 29.786869, -81.89068 29.79821, -81.861994 29.800187, -81.821872 29.82634, -81.797232 29.83665, -81.797218 29.836649, -81.581207 29.840176, -81.564171 29.798517, -81.541733 29.771042, -81.528261 29.760777, -81.52523 29.759497, -81.523866 29.631538, -81.52366 29.622432, -81.520467 29.496513, -81.515228 29.486723, -81.490694 29.454151, -81.476293 29.396152, -81.451692 29.390152, -81.433992 29.398552, -81.445886 29.380142, -81.507989 29.364511, -81.508231 29.364419, -81.643167 29.333047, -81.680903 29.32443, -81.675403 29.338646, -81.657723 29.348031, -81.668525 29.371704, -81.735706 29.370937, -81.74183 29.42994, -81.774905 29.429249, -81.775945 29.475782, -81.784536 29.48731, -81.788738 29.487241, -81.842779 29.486533, -81.844929 29.521678, -81.86115 29.514892, -81.906692 29.514235, -81.911821 29.503968, -81.930411 29.516245, -81.94631 29.509607, -81.964158 29.503814, -82.004385 29.501715, -82.026854 29.494459, -82.055899 29.471232, -82.056104 29.50802))",12107,1,0,1,1,,DR-4828-FL,75201,22166,2905,29.48,3.86,33098,3114,44.01,4.14,19937,2657,26.51,3.53,Yes,76.01,54.26,86.76,79.1,49.25,89.54,77.05,55.13,89.37,77301,74235,0,36614,53,30650,595,83.7,1.6,22256,692,72.6,2.2,8394,738,27.4,2.2,81.5,0.3,2873,510,9.4,1.6,633,200,2.1,0.7,6793,666,22.2,2.1,22.7,2.1,15870,0,21.4,0.0,17472,65,23.5,0.1,13342,987,18.2,1.3,2914,339,4.2,0.5,53289,73321,29569,1623,1886526604.0,72.7,5.5,100.66,2,51585,3256,15749,2526,21.1,3.4,74539,4.2,1199,28830,4.1,1193,28861,4.0,1167,28941,3.6,1057,28976,3.8,1113,28940,4.4,1276,29084,4.7,1396,29427,4.6,1362,29492,4.3,1271,29490,4.3,1288,29625,4.5,1305,29296,3.9,1144,29170,4.6,1356,29646,4.6,1355,29487,4.3,1269,29560,4.2,1259,29721,4.2,1245,29731,4.9,1445,29659,-1,1,-1,-1,0,1,1,1,0,1,1,-1,1,1,-1,16477,61059,2024-09-27 11:00:00+00:00,2024-09-27 11:00:00+00:00,27.0,34,50,1.3,DR-4828-FL,Hurricane,4828.0,FL,372,0,0,1213,823,698,765,454,125,454,170,1,655,114,281,1,4.0,0.4,1.5,54.0,91.2,61.9,100.0
"Santa Rosa County, Florida","POLYGON ((-87.313611 30.847266, -87.30153 30.863426, -87.298484 30.880434, -87.284486 30.887986, -87.290095 30.909395, -87.282179 30.9104, -87.286882 30.925441, -87.26721 30.934982, -87.255496 30.931591, -87.229973 30.967227, -87.204893 30.969878, -87.1636180186997 30.9989964168217, -87.162644 30.999026, -87.140786 30.999503, -87.125 30.998774, -87.118905 30.999399, -87.1150789683754 30.999377371094, -87.068667 30.999115, -87.064097 30.999164, -87.053772 30.999104, -87.040024 30.999567, -87.036402 30.999321, -87.027143 30.999228, -87.004396 30.999289, -86.998514 30.998634, -86.927851 30.997678, -86.888178 30.997552, -86.873032 30.997606, -86.831979 30.997354, -86.830542 30.997377, -86.8099591263484 30.9971816850269, -86.785965 30.996954, -86.7856944213826 30.9969494300445, -86.791841 30.724274, -86.793582 30.636646, -86.795257 30.625192, -86.798926 30.430998, -86.799184 30.416633, -86.799191 30.416394, -86.7980969224223 30.3867160692715, -86.7995020778554 30.3865622784553, -86.850625 30.380967, -86.8617761809637 30.3793536344337, -86.909679 30.372423, -86.9188711680324 30.3707517001223, -86.918937 30.386514, -86.972699 30.381113, -87.032312 30.367806, -87.074408 30.358669, -87.094439 30.354462, -87.113927 30.351964, -87.153125 30.348375, -87.179021 30.33593, -87.192092 30.337771, -87.231429 30.343309, -87.233284 30.370331, -87.220181 30.375985, -87.213011 30.379021, -87.208887 30.381137, -87.182305 30.394773, -87.151906 30.412598, -87.148205 30.418997, -87.144718 30.42746, -87.141553 30.436484, -87.13357 30.467229, -87.121451 30.497419, -87.143104 30.519544, -87.145808 30.524148, -87.159333 30.539257, -87.179811 30.544754, -87.189888 30.5488, -87.194777 30.548889, -87.195302 30.54891, -87.209715 30.555266, -87.216531 30.563426, -87.23477 30.595813, -87.24378 30.597121, -87.259508 30.612049, -87.256743 30.634356, -87.264458 30.648683, -87.266702 30.670292, -87.268802 30.679334, -87.265786 30.689049, -87.269407 30.711687, -87.302661 30.71937, -87.312304 30.735071, -87.299614 30.766108, -87.310594 30.771944, -87.311883 30.78649, -87.293084 30.812349, -87.302532 30.842238, -87.313611 30.847266))",12113,1,1,0,1,EM-3615-FL,DR-4828-FL,198286,78875,6850,39.78,3.45,88450,6875,44.61,3.47,30961,5053,15.61,2.55,Yes,6.84,3.82,22.74,2.98,1.49,13.43,8.22,2.74,23.29,207653,193719,0,78275,59,71250,811,91.0,1.0,56986,906,80.0,1.3,14264,974,20.0,1.3,62.4,0.2,2818,424,4.0,0.6,1547,547,2.2,0.8,6611,829,9.3,1.2,10.0,1.2,42551,72,22.0,0.1,31890,102,16.5,0.1,28301,1456,15.4,0.8,3438,650,1.9,0.4,37417,188000,69454,2979,2622108165.0,19.9,4.3,185.7,1,87581,2781,15981,3345,8.1,1.7,197244,3.3,2971,89691,3.3,2930,89940,3.2,2901,90901,2.8,2584,90950,3.1,2808,90902,3.7,3378,91964,3.9,3581,92611,3.8,3470,92103,3.5,3228,91803,3.5,3231,91399,3.6,3287,90403,3.3,2933,89922,3.9,3505,91016,3.9,3515,90827,3.6,3291,91300,3.5,3226,91271,3.6,3286,90862,4.2,3812,91051,1,1,-1,1,0,-1,-1,-1,0,-1,-1,-1,-1,1,-1,660,90829,2024-09-29 19:45:00+00:00,2024-09-29 19:45:00+00:00,0.7,0,0,0.4,,,,,0,0,0,0,0,0,0,0,0,0,0,0,0,0,0,0,0.0,0.0,0.0,0.0,0.0,0.0,0.0
"Sarasota County, Florida","POLYGON ((-82.6428368302769 27.3897369565301, -82.617056 27.389547, -82.616585 27.389542, -82.59652 27.38932, -82.559339 27.389041, -82.54261 27.389014, -82.513871 27.388974, -82.505618 27.388904, -82.487087 27.388356, -82.463604 27.38824, -82.449001 27.388608, -82.448609 27.388605, -82.433337 27.386348, -82.398117 27.386451, -82.268238 27.386304, -82.252264 27.386243, -82.253117 27.300104, -82.253596 27.208916, -82.056497 27.207769, -82.056541 27.203876, -82.057516 27.076488, -82.057506 27.032119, -82.067588 27.032079, -82.076404 27.03212, -82.118728 27.032503, -82.13893 27.032627, -82.15082 27.032704, -82.15616 27.032732, -82.177185 27.032789, -82.1944 27.032826, -82.203442 27.032843, -82.204768 27.03284, -82.252252 27.032985, -82.255183 27.031137, -82.255297 27.000336, -82.255521 26.945264, -82.263651 26.94533, -82.288996 26.945506, -82.304261 26.945642, -82.323284 26.945675, -82.337275 26.94588, -82.35266 26.945936, -82.3757372343028 26.9460410197591, -82.400618 26.984937, -82.4014213508381 26.9864831912179, -82.4135945332991 27.0099126406223, -82.419218 27.020736, -82.4262525777987 27.0313271541514, -82.4321213722523 27.0401631224952, -82.4411214270394 27.0537134691327, -82.445718 27.060634, -82.4457477234207 27.0607140014183, -82.455610697724 27.0872604726973, -82.460319 27.099933, -82.4603394549956 27.0999771786995, -82.465319 27.110732, -82.4676443004818 27.1126073473502, -82.46889 27.113612, -82.4766028134202 27.1398169691049, -82.477019 27.141231, -82.4903368627841 27.1662433045043, -82.4976494808182 27.1799771469351, -82.512319 27.207528, -82.5126067566589 27.2080194757709, -82.5304654641379 27.2385213660118, -82.539719 27.254326, -82.5419707261268 27.2571192910664, -82.54512 27.261026, -82.5560998107424 27.2671873326468, -82.55902 27.268826, -82.5651641675004 27.2749083480398, -82.569754 27.279452, -82.5695982657174 27.2853415874133, -82.569248 27.298588, -82.57602 27.309324, -82.5903287959903 27.3268251096314, -82.597629 27.335754, -82.6181103752717 27.3564055719558, -82.623863 27.362206, -82.642821 27.38972, -82.6428368302769 27.3897369565301))",12115,1,1,1,1,EM-3615-FL,DR-4828-FL,466373,127984,13118,27.44,2.81,227104,14383,48.7,3.08,111285,12227,23.86,2.62,Yes,60.76,42.62,73.78,61.19,34.32,76.11,60.95,43.15,75.68,476604,449011,0,260272,218,205503,1515,79.0,0.6,156876,1838,76.3,0.8,48627,1695,23.7,0.8,105.6,0.1,8021,779,3.9,0.4,3094,571,1.5,0.3,11171,871,5.4,0.4,6.2,0.4,63064,40,14.0,0.1,167531,18,37.3,0.1,67807,1926,15.3,0.4,22538,1618,5.2,0.4,10462,434006,200211,5197,1440100023.0,2.4,2.6,780.55,1,78218,4052,43818,5709,9.5,1.2,460122,3.5,6938,199379,3.4,6778,200611,3.2,6380,201797,3.0,6044,201340,3.2,6401,201116,3.6,7375,202953,4.0,8194,202502,3.9,7925,200827,3.8,7660,201331,3.8,7641,199746,3.8,7553,198726,3.4,6701,199915,4.1,8271,203188,4.1,8250,202506,3.7,7412,202730,3.8,7602,202077,3.7,7516,201729,4.3,8749,203208,-1,1,-1,-1,1,1,1,-1,-1,-1,-1,-1,1,1,-1,68002,347595,2024-09-27 02:00:00+00:00,2024-09-27 02:00:00+00:00,19.6,34,50,2.7,DR-4828-FL,Hurricane,4828.0,FL,4100,0,6,13126,10472,8410,9599,6757,1668,6751,2857,13,7635,1521,4259,13,6.4,0.8,3.3,58.2,91.2,63.1,100.0
"Sumter County, Florida","POLYGON ((-82.311266 28.960399, -82.21946 28.960113, -82.173113 28.95999, -82.123879 28.960186, -82.123647 28.960197, -82.11992 28.96006, -82.040671 28.960116, -82.040189 28.96013, -82.01639 28.96014, -82.002212 28.959937, -81.995662 28.959921, -81.988774 28.95995, -81.965419 28.960043, -81.965139 28.960043, -81.95419 28.960053, -81.954121 28.949161, -81.953754 28.916028, -81.95346 28.886991, -81.953333 28.878504, -81.953435 28.86356, -81.953517 28.847917, -81.953628 28.82076, -81.953624 28.820568, -81.953585 28.791247, -81.953788 28.76953, -81.953661 28.75533, -81.954334 28.700619, -81.954342 28.680247, -81.954496 28.655692, -81.954072 28.580684, -81.954814 28.52384, -81.957641 28.34518, -81.958029 28.308925, -81.985781 28.30532, -81.994703 28.317927, -82.025474 28.322871, -82.055819 28.312794, -82.054694 28.478397, -82.054469 28.521367, -82.070343 28.531919, -82.096614 28.524738, -82.109423 28.543838, -82.130688 28.546384, -82.138025 28.565516, -82.155316 28.572738, -82.165153 28.564109, -82.217253 28.580305, -82.22165 28.593239, -82.260795 28.637287, -82.257102 28.648963, -82.274849 28.657201, -82.263052 28.667634, -82.248603 28.701494, -82.249207 28.717393, -82.241926 28.723782, -82.210702 28.754063, -82.183229 28.763849, -82.186898 28.779501, -82.169289 28.791929, -82.169779 28.796715, -82.183637 28.823626, -82.221373 28.851829, -82.231952 28.856582, -82.242235 28.876425, -82.276092 28.904674, -82.297091 28.948354, -82.311697 28.960391, -82.311266 28.960399))",12119,1,1,0,1,EM-3615-FL,DR-4828-FL,143599,21858,4465,15.22,3.11,79182,6198,55.14,4.32,42559,5773,29.64,4.02,No,87.83,69.55,93.79,86.56,70.14,97.01,88.35,71.23,96.57,154693,137536,0,80371,85,66941,1030,83.3,1.3,58978,1102,88.1,1.4,7963,954,11.9,1.4,184.7,0.7,2714,446,4.1,0.7,564,198,0.8,0.3,3543,570,5.3,0.8,5.6,0.8,9769,104,7.1,0.1,79463,79,57.8,0.1,23731,1240,18.3,1.0,2581,480,1.9,0.4,27997,129752,62907,938,1442996383.0,21.6,1.5,232.89,1,79334,6837,13827,2295,9.7,1.6,143117,6.1,2076,33803,6.0,2035,34095,5.2,1768,34101,5.2,1754,33934,5.4,1824,34043,5.9,2007,34294,7.0,2421,34440,6.4,2226,34602,6.4,2246,34867,6.0,2080,34583,5.9,2019,34202,5.4,1847,34129,6.9,2394,34887,6.8,2366,34761,5.8,1987,34384,6.3,2176,34605,6.0,2060,34585,6.9,2411,34929,-1,1,-1,-1,1,1,1,-1,-1,-1,-1,-1,1,1,-1,4030,71133,2024-09-27 06:30:00+00:00,2024-09-27 06:30:00+00:00,5.7,34,50,1.6,,,,,0,0,0,0,0,0,0,0,0,0,0,0,0,0,0,0,0.0,0.0,0.0,0.0,0.0,0.0,0.0
"Suwannee County, Florida","POLYGON ((-83.247253 30.26067, -83.240199 30.266698, -83.228016 30.299326, -83.209924 30.311878, -83.211554 30.347481, -83.190137 30.35287, -83.192161 30.375217, -83.175622 30.384455, -83.170969 30.385225, -83.15545 30.416824, -83.134548 30.419156, -83.122103 30.43261, -83.096468 30.436232, -83.078706 30.438116, -83.075674 30.425481, -83.034304 30.43085, -83.007557 30.422787, -83.003031 30.431787, -82.952138 30.409322, -82.948775 30.401002, -82.937702 30.398258, -82.908074 30.380335, -82.888943 30.386094, -82.893394 30.373885, -82.885671 30.367454, -82.85708 30.358324, -82.844246 30.340904, -82.832122 30.346765, -82.794594 30.337024, -82.79479 30.32017, -82.79467 30.27435, -82.794721 30.203453, -82.79477 30.1178, -82.79453 30.07386, -82.794374 30.057194, -82.793975 29.986202, -82.76154 29.98633, -82.762206 29.964377, -82.785989 29.952785, -82.791453 29.942105, -82.800477 29.932126, -82.832 29.912659, -82.863266 29.91105, -82.879802 29.886847, -82.895034 29.900256, -82.91555 29.891791, -82.912101 29.904836, -82.925884 29.921331, -82.920546 29.930072, -82.929536 29.955173, -82.952399 29.959361, -82.969545 29.996127, -82.977608 30.006116, -83.001312 30.008789, -83.013293 30.032123, -83.041499 30.054569, -83.062718 30.063683, -83.069553 30.081252, -83.111149 30.090929, -83.12215 30.104945, -83.132356 30.097023, -83.162457 30.110022, -83.171735 30.099257, -83.184358 30.094122, -83.198908 30.105822, -83.214959 30.104022, -83.22636 30.114621, -83.224594 30.135278, -83.238586 30.152011, -83.232979 30.168728, -83.248851 30.183931, -83.250076 30.200644, -83.240132 30.227529, -83.253048 30.238725, -83.247253 30.26067))",12121,1,1,1,1,EM-3615-FL,DR-4828-FL,43964,12781,1928,29.07,4.39,20809,2084,47.33,4.74,10374,1813,23.6,4.12,No,58.68,30.94,79.0,56.71,20.89,80.59,57.87,31.5,80.81,47536,44484,0,19063,33,15567,456,81.7,2.4,11600,588,74.5,3.3,3967,534,25.5,3.3,72.9,2.3,1483,437,9.5,2.8,859,224,5.5,1.4,2394,409,15.4,2.5,17.4,2.7,9393,48,21.1,0.1,9368,333,21.1,0.7,8317,835,19.5,2.0,1376,296,3.2,0.7,36806,43474,16385,884,1783430092.0,84.7,5.4,63.14,2,56009,5183,7501,1659,17.3,3.8,43397,3.9,672,17440,3.7,646,17441,3.6,636,17520,3.3,572,17587,3.6,630,17559,4.2,745,17619,4.6,809,17670,4.3,754,17737,4.0,705,17742,4.1,726,17793,4.1,733,17740,3.5,617,17472,4.4,780,17662,4.4,782,17764,4.1,738,17858,4.1,738,17823,4.1,737,17875,4.7,838,17843,-1,1,-1,-1,0,0,1,1,1,1,1,-1,1,1,-1,25194,42089,2024-09-27 18:30:00+00:00,2024-09-27 18:30:00+00:00,59.9,64,64,3.6,DR-4828-FL,Hurricane,4828.0,FL,2005,0,20,5410,4262,3560,3918,2685,813,2682,1178,9,3913,767,2075,9,34.8,5.2,17.2,72.3,94.3,77.4,100.0
"Taylor County, Florida","POLYGON ((-83.992184 30.096208, -83.968628 30.13617, -83.97306 30.146037, -83.960354 30.152398, -83.951299 30.186282, -83.93101 30.189123, -83.917891 30.215016, -83.915827 30.245152, -83.902462 30.247553, -83.88167 30.267609, -83.861386 30.270861, -83.829465 30.287863, -83.820235 30.30354, -83.636827 30.30401, -83.586689 30.303595, -83.468768 30.304212, -83.469267 30.260351, -83.36726 30.26044, -83.36845 30.128672, -83.37089 29.887934, -83.352986 29.887859, -83.35286 29.822222, -83.318859 29.822623, -83.319462 29.778328, -83.32401 29.774598, -83.345676 29.74349, -83.351311 29.694292, -83.366398 29.665701, -83.398512 29.673935, -83.4123310535437 29.6670923746362, -83.412768 29.668485, -83.414701 29.670536, -83.436259 29.677389, -83.444635 29.677155, -83.448194 29.675254, -83.455356 29.676444, -83.483143 29.690478, -83.483567 29.698542, -83.493728 29.708388, -83.512716 29.71648, -83.537645 29.72306, -83.547172 29.732223, -83.554993 29.7426, -83.566018 29.761434, -83.578955 29.768378, -83.5812902836195 29.7715000889493, -83.584716 29.77608, -83.586089 29.784644, -83.583045 29.787307, -83.581903 29.792063, -83.585899 29.811754, -83.595493 29.827984, -83.605244 29.836387, -83.618568 29.842336, -83.63798 29.886073, -83.659951 29.899524, -83.679219 29.918513, -83.686423 29.923735, -83.757249 29.957943, -83.788729 29.976982, -83.7920872558603 29.9775034578617, -83.82869 29.983187, -83.845427 29.998068, -83.93151 30.039068, -83.933668 30.041152, -83.931879 30.044175, -83.933432 30.046305, -83.95968 30.064943, -83.9914353668371 30.0838179834456, -83.992184 30.096208))",12123,1,1,1,1,EM-3615-FL,DR-4828-FL,20100,4675,1181,23.26,5.88,9389,1262,46.71,6.28,6036,1087,30.03,5.41,Yes,88.91,64.4,95.79,89.54,64.17,98.5,90.74,65.06,97.94,21843,21422,0,11177,27,7571,329,67.7,2.9,5499,399,72.6,4.4,2072,352,27.4,4.4,69.3,2.5,641,201,8.5,2.6,57,46,0.8,0.6,1362,324,18.0,4.3,18.4,4.4,4298,95,20.1,0.4,4467,155,20.9,0.7,3701,598,19.8,3.2,526,246,2.6,1.2,15265,21796,8138,358,2702230205.0,70.0,4.4,20.89,2,50556,6535,3934,843,19.7,4.2,19920,6.8,403,5950,6.2,376,6062,5.8,337,5849,5.3,307,5761,5.2,301,5781,5.7,333,5800,6.4,374,5820,6.5,379,5839,6.1,352,5805,6.2,354,5743,6.2,350,5625,6.0,339,5657,6.5,371,5700,6.5,369,5706,6.1,350,5706,6.0,344,5712,6.2,356,5752,6.8,388,5713,-1,1,-1,-1,0,1,1,1,-1,1,1,-1,1,1,-1,15932,14407,2024-09-27 09:15:00+00:00,2024-09-27 09:15:00+00:00,100.0,64,64,4.0,DR-4828-FL,Hurricane,4828.0,FL,2123,0,148,4938,4399,3463,4245,3502,997,3500,1377,95,3470,938,2593,95,65.2,13.2,46.2,70.3,94.1,74.1,100.0
"Union County, Florida","POLYGON ((-82.573116 30.010651, -82.560029 30.015817, -82.536566 30.025323, -82.534315 30.030558, -82.53186 30.061247, -82.498186 30.089026, -82.473423 30.095322, -82.457174 30.103472, -82.458364 30.136449, -82.443667 30.138086, -82.287015 30.141734, -82.142578 30.143117, -82.137909 30.127354, -82.14734 30.109985, -82.169681 30.099412, -82.184015 30.066846, -82.225638 30.034264, -82.259971 30.02809, -82.273999 29.998323, -82.307409 29.956156, -82.342569 29.961086, -82.345363 29.950161, -82.358025 29.933574, -82.362818 29.934237, -82.415652 29.926326, -82.418728 29.923093, -82.426292 29.921807, -82.448948 29.931515, -82.472129 29.926547, -82.484248 29.939625, -82.525368 29.94496, -82.529705 29.940881, -82.530163 29.950263, -82.555357 29.964019, -82.575991 29.990857, -82.573116 30.010651))",12125,1,1,1,1,EM-3615-FL,DR-4828-FL,11675,4785,802,40.99,6.87,4367,834,37.4,7.14,2523,673,21.61,5.76,No,43.81,11.51,77.6,31.34,5.97,79.1,0.0,0.0,0.0,15738,15551,0,4772,29,4192,160,87.8,3.3,3085,243,73.6,5.1,1107,218,26.4,5.1,62.4,2.4,225,129,5.4,3.1,92,46,2.2,1.1,812,189,19.4,4.4,20.4,4.5,3299,37,21.2,0.2,2674,134,17.2,0.9,2046,249,19.1,2.3,201,85,1.4,0.6,16147,16147,4271,216,630804542.0,100.0,5.1,66.3,3,60843,6370,2251,512,19.4,4.4,11622,4.1,170,4128,3.8,157,4122,4.2,175,4142,3.6,150,4181,3.9,164,4172,5.0,208,4142,5.3,218,4140,5.4,232,4258,4.4,189,4308,4.6,198,4309,4.7,201,4263,4.1,175,4244,4.9,209,4297,4.9,211,4282,4.7,203,4296,4.4,188,4296,4.7,204,4297,5.3,226,4240,0,1,-1,0,-1,0,0,0,0,1,1,-1,0,1,-1,5264,6470,2024-09-27 10:45:00+00:00,2024-09-27 10:45:00+00:00,81.4,50,50,1.8,DR-4828-FL,Hurricane,4828.0,FL,189,0,0,586,432,357,393,251,52,251,78,0,392,48,168,0,14.0,1.2,6.0,66.9,92.3,66.9,0.0
"Wakulla County, Florida","POLYGON ((-84.729898 30.2862, -84.713351 30.30017, -84.504342 30.301864, -84.421052 30.302407, -84.34642 30.303399, -84.247673 30.303493, -84.241692 30.276932, -84.238967 30.274159, -84.1617 30.27387, -84.075539 30.273617, -84.0760425771092 30.0954641099777, -84.083057 30.092286, -84.087034 30.092103, -84.094725 30.094964, -84.10273 30.093611, -84.11384 30.085478, -84.124889 30.090601, -84.135683 30.083018, -84.157278 30.072714, -84.167881 30.071422, -84.179149 30.073187, -84.19853 30.087937, -84.201585 30.087982, -84.203349 30.085875, -84.20801 30.084776, -84.237014 30.08556, -84.245668 30.093021, -84.247491 30.10114, -84.256439 30.103791, -84.269363 30.09766, -84.272511 30.092358, -84.274003 30.083079, -84.270368 30.075469, -84.270792 30.068094, -84.277168 30.060263, -84.289727 30.057197, -84.297836 30.057451, -84.323434480259 30.0410982249099, -84.337132 30.032348, -84.366115 30.008662, -84.361962 29.987739, -84.359986 29.984739, -84.3477 29.984123, -84.343041 29.9751, -84.3424501935967 29.9703452750511, -84.358953 29.970683, -84.39411 29.982154, -84.426856 29.985914, -84.452486 29.971247, -84.467713 30.001853, -84.491511 29.987117, -84.51413 29.989076, -84.523992 29.981728, -84.51896 29.995129, -84.531218 30.007366, -84.54445 30.01103, -84.570368 30.016884, -84.591048 30.029637, -84.616036 30.065361, -84.626084 30.062392, -84.654549 30.09992, -84.648436 30.10808, -84.669258 30.1252, -84.672538 30.150406, -84.668251 30.182081, -84.678255 30.18809, -84.681871 30.21771, -84.701027 30.231972, -84.69825 30.244781, -84.737823 30.266178, -84.729898 30.2862))",12129,1,1,1,1,EM-3615-FL,DR-4828-FL,33709,11492,1750,34.09,5.19,16371,1831,48.57,5.43,5846,1517,17.34,4.5,Yes,14.57,3.5,46.78,7.46,1.49,38.8,0.0,0.0,0.0,37115,34608,0,14184,35,12187,392,85.9,2.8,10217,464,83.8,3.4,1970,428,16.2,3.4,58.8,1.1,568,156,4.7,1.3,687,273,5.6,2.2,1470,340,12.1,2.7,15.0,2.8,7060,92,20.4,0.3,5750,121,16.6,0.4,4010,494,12.6,1.6,528,189,1.6,0.6,23640,33764,11970,574,1570615734.0,70.0,4.8,55.68,2,72916,6959,3501,847,10.4,2.5,33514,2.8,497,17785,2.6,468,17970,2.6,475,17987,2.4,424,18015,2.6,449,17592,3.0,525,17778,3.3,582,17888,3.1,553,17852,2.8,518,18247,2.9,528,18351,2.9,530,18153,2.7,483,17959,3.2,578,18150,3.2,586,18200,3.0,539,18253,2.9,536,18208,3.0,538,17853,3.4,614,17893,-1,1,-1,0,0,0,-1,0,1,0,0,-1,0,0,-1,16020,23331,2024-09-27 16:15:00+00:00,2024-09-27 16:15:00+00:00,68.7,50,64,7.1,DR-4828-FL,Hurricane,4828.0,FL,446,0,1,1314,943,601,882,640,61,639,92,0,826,54,419,0,10.8,0.5,5.2,62.9,88.5,65.6,0.0
"Walton County, Florida","POLYGON ((-86.397344 30.379491, -86.396777 30.401269, -86.395383 30.433336, -86.394783 30.450066, -86.394639 30.454048, -86.394239 30.464075, -86.391837 30.70686, -86.391604 30.721885, -86.391685 30.756824, -86.390934 30.812804, -86.3886458727332 30.9941643948152, -86.374612 30.994456, -86.369337 30.994459, -86.364974 30.994437, -86.304666 30.994012, -86.289318 30.993781, -86.2888491362531 30.9937818005479, -86.25652 30.993837, -86.238408 30.994354, -86.1872465588334 30.9940334704891, -86.180308 30.99399, -86.17528 30.993783, -86.169055 30.993691, -86.162962 30.993667, -86.1327416289249 30.9931640394023, -86.116997 30.992902, -86.056294 30.993119, -86.052544 30.993233, -86.035121 30.993307, -86.0350402418067 30.9933060014511, -86.037417 30.805748, -86.037527 30.722085, -86.037559 30.713051, -86.037591 30.704572, -85.844421 30.70313, -85.8756 30.679754, -85.867122 30.66313, -85.890601 30.656452, -85.915174 30.636974, -85.908264 30.614042, -85.915921 30.596788, -85.89535 30.58635, -85.888434 30.559777, -85.878646 30.530864, -85.880595 30.534983, -85.883821 30.507842, -85.860373 30.497312, -85.87802 30.466845, -85.889359 30.47114, -85.901219 30.443849, -85.916153 30.438502, -85.933193 30.444887, -85.952825 30.44417, -85.966936 30.432669, -85.979221 30.432579, -85.993596 30.405082, -85.992736 30.38932, -85.994712 30.311702, -85.995528 30.281311, -85.995732 30.274656, -85.9959294103157 30.2690825898638, -85.999937 30.27078, -86.037617125172 30.2845037422996, -86.089963 30.303569, -86.0977419430608 30.3059165632025, -86.1241365774566 30.31388205054, -86.1797305763763 30.3306594488474, -86.222561 30.343585, -86.2270811255783 30.3447405145754, -86.2987 30.363049, -86.3166639986172 30.3661973296546, -86.364175 30.374524, -86.3973629027297 30.378557735615, -86.397344 30.379491))",12131,1,1,0,1,EM-3615-FL,DR-4828-FL,84706,26833,3245,31.68,3.83,39037,3421,46.09,4.04,18836,2854,22.24,3.37,Yes,48.33,27.16,69.59,35.82,16.42,70.14,47.26,27.74,71.23,89666,79846,0,58894,52,32659,1018,55.5,1.7,25198,954,77.2,2.0,7461,729,22.8,2.0,68.2,0.5,1444,351,4.4,1.1,598,192,1.8,0.6,2857,445,8.7,1.3,9.6,1.4,16571,0,20.8,0.0,15801,149,19.8,0.2,11725,897,15.0,1.1,2743,580,3.6,0.8,42282,75305,29981,1103,2689194489.0,56.1,3.7,72.53,2,82259,8021,9126,1477,10.9,1.8,84027,3.0,1210,39836,2.9,1176,40099,2.8,1160,41121,2.6,1063,41154,2.7,1132,41613,3.1,1315,42105,3.3,1412,42584,3.2,1359,42044,3.1,1267,41505,3.1,1280,41240,3.2,1307,40692,2.8,1151,40679,3.5,1439,41034,3.5,1434,40953,3.2,1315,41214,3.2,1317,41197,3.2,1317,41338,3.7,1515,41505,-1,1,-1,0,0,0,1,0,-1,-1,-1,-1,1,1,-1,234,73963,2024-09-27 05:15:00+00:00,2024-09-27 05:15:00+00:00,0.3,34,34,2.7,,,,,0,0,0,0,0,0,0,0,0,0,0,0,0,0,0,0,0.0,0.0,0.0,0.0,0.0,0.0,0.0
"Washington County, Florida","POLYGON ((-85.993596 30.405082, -85.979221 30.432579, -85.966936 30.432669, -85.952825 30.44417, -85.933193 30.444887, -85.916153 30.438502, -85.901219 30.443849, -85.889359 30.47114, -85.87802 30.466845, -85.860373 30.497312, -85.883821 30.507842, -85.880595 30.534983, -85.878646 30.530864, -85.888434 30.559777, -85.89535 30.58635, -85.915921 30.596788, -85.908264 30.614042, -85.915174 30.636974, -85.890601 30.656452, -85.867122 30.66313, -85.8756 30.679754, -85.844421 30.70313, -85.82512 30.726091, -85.832743 30.750477, -85.821616 30.790775, -85.751928 30.78961, -85.735115 30.775292, -85.736051 30.74637, -85.685151 30.744582, -85.619011 30.743868, -85.618666 30.755415, -85.62114 30.7708, -85.615866 30.778565, -85.603317 30.796275, -85.599934 30.830552, -85.53301 30.829989, -85.482276 30.829509, -85.482718 30.785892, -85.432274 30.785457, -85.432606 30.746469, -85.432675 30.728474, -85.432895 30.701138, -85.434782 30.56756, -85.485651 30.567569, -85.486424 30.56323, -85.487266 30.471399, -85.487988 30.437017, -85.548601 30.437303, -85.688072 30.438859, -85.8535 30.440623, -85.870358 30.419764, -85.883984 30.410253, -85.907638 30.405819, -85.921516 30.41583, -85.940246 30.408622, -85.965585 30.410279, -85.981834 30.39219, -85.992736 30.38932, -85.993596 30.405082))",12133,1,1,0,1,EM-3615-FL,DR-4828-FL,23834,6922,1197,29.04,5.02,11468,1258,48.12,5.28,5444,1062,22.84,4.46,No,53.08,24.08,77.57,50.74,13.43,79.1,54.1,24.66,79.44,26503,25259,0,10962,38,9282,289,84.7,2.6,7407,388,79.8,3.7,1875,356,20.2,3.7,62.5,0.8,525,148,5.7,1.6,259,115,2.8,1.2,1162,200,12.5,2.2,13.5,2.3,5080,40,20.1,0.2,4633,77,18.3,0.3,4493,475,19.8,2.1,471,153,2.0,0.6,25318,25318,9124,480,1514305979.0,100.0,5.3,43.3,3,54678,5926,3946,890,16.8,3.8,23543,4.0,361,9032,3.7,341,9121,3.7,341,9316,3.3,309,9330,3.7,347,9429,4.2,407,9610,4.4,422,9612,4.5,429,9585,4.1,390,9473,4.2,397,9396,4.3,396,9294,3.7,342,9247,4.6,429,9333,4.5,423,9298,4.1,384,9341,4.0,375,9349,4.1,380,9332,4.7,439,9399,-1,1,-1,-1,0,0,-1,0,0,0,0,-1,1,1,-1,647,16864,2024-09-26 17:15:00+00:00,2024-09-26 17:15:00+00:00,3.8,34,34,5.0,,,,,0,0,0,0,0,0,0,0,0,0,0,0,0,0,0,0,0.0,0.0,0.0,0.0,0.0,0.0,0.0
"Appling County, Georgia","POLYGON ((-82.550691 31.749112, -82.520158 31.74919, -82.51888 31.838393, -82.458682 31.838104, -82.431362 31.837993, -82.431449 31.844374, -82.431531 31.966182, -82.408046 31.955689, -82.407245 31.949488, -82.402242 31.960286, -82.372096 31.953976, -82.37242 31.941456, -82.323277 31.934495, -82.314482 31.930783, -82.291583 31.942398, -82.259705 31.932406, -82.24681 31.9151, -82.233129 31.919199, -82.225042 31.913074, -82.142843 31.8993, -82.117442 31.886601, -82.114914 31.900982, -82.109625 31.870308, -82.116627 31.864283, -82.107235 31.863797, -82.048582 31.827075, -82.077084 31.829068, -82.087242 31.821003, -82.087247 31.799509, -82.106627 31.797484, -82.107028 31.786101, -82.089338 31.785903, -82.08944 31.772913, -82.133013 31.773404, -82.133465 31.630796, -82.132942 31.56931, -82.147948 31.569123, -82.132867 31.557514, -82.132794 31.471262, -82.151123 31.469924, -82.163391 31.475658, -82.219044 31.518709, -82.226585 31.530699, -82.231994 31.544741, -82.240772 31.555677, -82.318077 31.594286, -82.348526 31.620661, -82.389152 31.637814, -82.407509 31.6392, -82.43782 31.661352, -82.472725 31.680157, -82.495834 31.710194, -82.52142 31.710796, -82.520567 31.736201, -82.550714 31.736334, -82.550691 31.749112))",13001,1,1,1,1,EM-3616-GA,DR-4830-GA,18181,5145,1073,28.3,5.9,8274,1148,45.51,6.31,4762,978,26.19,5.38,No,74.45,39.69,90.32,59.74,32.07,85.53,74.99,40.06,93.14,18669,18426,0,8526,36,7037,291,82.5,3.4,5052,306,71.8,3.9,1985,307,28.2,3.9,74.2,0.6,670,192,9.5,2.7,261,130,3.7,1.8,1438,265,20.4,3.7,22.6,4.0,4534,0,24.6,0.0,3317,38,18.0,0.2,2655,353,14.7,2.0,576,191,3.3,1.1,13090,18444,7135,338,1316393793.0,71.0,4.7,36.29,2,51054,5947,3811,711,21.1,3.9,18035,3.8,321,8517,3.4,294,8772,3.5,288,8265,2.9,246,8615,4.1,351,8601,4.8,416,8578,4.8,416,8596,4.9,421,8603,4.0,342,8625,4.0,357,8941,3.6,320,8896,4.0,351,8825,3.9,344,8835,3.6,321,8827,3.7,318,8648,3.2,275,8582,3.7,314,8538,4.5,376,8424,-1,1,-1,-1,0,1,1,1,0,1,1,1,1,0,-1,13183,12491,2024-09-27 17:45:00+00:00,2024-09-27 17:45:00+00:00,100.0,50,50,3.2,DR-4830-GA,Hurricane,4830.0,GA,3035,0,9,5157,4661,3429,4487,3687,580,3682,991,4,3740,541,2770,4,73.3,8.2,52.3,72.5,93.3,75.2,100.0
"Atkinson County, Georgia","POLYGON ((-83.140483 31.420395, -82.958519 31.417274, -82.958282 31.4099, -82.958061 31.402998, -82.926321 31.402775, -82.849617 31.403189, -82.837692 31.400698, -82.817174 31.364484, -82.696928 31.364131, -82.667818 31.363908, -82.628975 31.36393, -82.629622 31.274726, -82.663584 31.287913, -82.699206 31.278104, -82.70105 31.223217, -82.690838 31.223364, -82.671669 31.183739, -82.784361 31.183269, -82.966747 31.183987, -82.971247 31.183988, -83.046885 31.18368, -83.051066 31.21231, -83.045222 31.220303, -83.033468 31.275041, -83.058325 31.308259, -83.059567 31.329857, -83.110916 31.367971, -83.115242 31.386076, -83.141518 31.403894, -83.140483 31.420395))",13003,1,1,1,1,EM-3616-GA,DR-4830-GA,8273,2005,631,24.24,7.63,4374,681,52.87,8.23,1894,576,22.89,6.96,No,53.51,11.77,86.22,39.62,10.69,79.87,0.0,0.0,0.0,8435,8261,0,3509,18,3189,109,90.9,3.1,2060,218,64.6,6.8,1129,227,35.4,6.8,63.9,3.7,263,131,8.2,4.1,51,38,1.6,1.2,751,142,23.5,4.5,24.1,4.4,2099,6,25.4,0.1,1123,115,13.6,1.4,1061,189,12.9,2.3,860,229,11.1,3.0,8286,8286,3064,161,887642157.0,100.0,5.3,24.18,3,44890,4535,1850,424,22.4,5.1,8242,3.5,131,3700,4.1,154,3746,3.8,144,3808,3.2,122,3825,3.8,153,4065,4.1,161,3895,4.5,165,3674,4.0,150,3743,3.0,113,3772,4.9,191,3884,3.7,143,3837,3.5,130,3756,3.4,127,3731,3.8,140,3684,3.8,142,3698,3.6,133,3713,3.5,126,3645,3.6,130,3586,0,0,0,-1,0,0,0,0,0,1,1,1,-1,0,0,6521,4952,2024-10-02 08:15:00+00:00,2024-10-02 08:15:00+00:00,100.0,64,64,3.5,DR-4830-GA,Hurricane,4830.0,GA,1597,0,9,2693,2527,1989,2455,2016,333,2014,573,1,1973,307,1536,1,84.4,10.4,63.2,73.3,92.2,76.3,100.0
"Bacon County, Georgia","POLYGON ((-82.627342 31.672672, -82.559535 31.672642, -82.535152 31.672582, -82.521393 31.672512, -82.52142 31.710796, -82.495834 31.710194, -82.472725 31.680157, -82.43782 31.661352, -82.407509 31.6392, -82.389152 31.637814, -82.348526 31.620661, -82.318077 31.594286, -82.240772 31.555677, -82.231994 31.544741, -82.226585 31.530699, -82.255946 31.517409, -82.269661 31.492643, -82.300422 31.493175, -82.300621 31.467812, -82.330021 31.457095, -82.344843 31.43013, -82.35683 31.430229, -82.401512 31.430292, -82.401794 31.417278, -82.417246 31.417119, -82.48146 31.417534, -82.481438 31.443075, -82.49365 31.442892, -82.494718 31.46869, -82.597509 31.469293, -82.596522 31.532002, -82.596283 31.557899, -82.628185 31.56593, -82.627342 31.672672))",13005,1,1,1,1,EM-3616-GA,DR-4830-GA,10816,3478,823,32.16,7.61,4441,871,41.06,8.05,2897,733,26.78,6.78,No,77.35,34.32,93.66,65.4,27.67,90.56,0.0,0.0,0.0,11045,11129,0,4830,24,4013,227,83.1,4.7,2966,287,73.9,5.9,1047,244,26.1,5.9,73.2,2.3,204,114,5.1,2.8,72,63,1.8,1.5,801,219,20.0,5.1,20.8,5.3,2829,0,25.4,0.0,1873,85,16.8,0.8,1933,333,18.2,3.1,190,120,1.8,1.1,11140,11140,4251,198,735776107.0,100.0,4.7,39.21,3,48915,6168,2446,499,22.9,4.7,10704,3.6,167,4577,3.5,161,4581,3.7,168,4550,3.2,151,4675,3.5,162,4664,4.1,190,4626,3.9,180,4568,4.3,199,4681,3.4,160,4759,3.5,168,4768,3.3,160,4778,4.3,201,4722,3.2,149,4643,3.5,161,4576,3.5,160,4574,2.9,130,4550,3.4,150,4463,3.7,163,4417,-1,1,-1,0,0,0,1,0,0,1,1,1,0,1,-1,6887,7147,2024-09-27 20:15:00+00:00,2024-09-27 20:15:00+00:00,96.4,50,64,3.1,DR-4830-GA,Hurricane,4830.0,GA,1654,0,5,2932,2696,2030,2557,1993,216,1992,417,3,1931,192,1364,3,73.1,5.4,49.6,65.9,88.9,68.5,100.0
"Baldwin County, Georgia","POLYGON ((-83.418277 33.17734, -83.410017 33.181388, -83.391468 33.183514, -83.36385 33.169094, -83.36309 33.180171, -83.341042 33.17233, -83.330618 33.167491, -83.318852 33.183116, -83.292952 33.189879, -83.274108 33.187238, -83.260538 33.188533, -83.195373 33.176336, -83.097649 33.151536, -83.09886 33.13297, -83.109152 33.129829, -83.112896 33.098118, -83.117632 33.088853, -83.10131 33.050207, -83.052197 33.080682, -83.044844 33.060654, -83.067713 33.027371, -83.051328 33.003085, -83.049081 32.985605, -83.068232 32.974366, -83.073648 32.946562, -83.114347 32.972991, -83.13318 33.007112, -83.159585 33.002803, -83.179469 32.987401, -83.162358 32.969577, -83.20616 32.983597, -83.235742 32.972004, -83.268672 32.958699, -83.276067 32.942067, -83.287737 32.951884, -83.357685 32.926141, -83.392722 33.038749, -83.394027 33.043215, -83.403334 33.072516, -83.41774 33.125136, -83.42909 33.185352, -83.418277 33.17734))",13009,1,1,0,1,EM-3616-GA,DR-4830-GA,38982,11654,1946,29.9,4.99,18043,2109,46.29,5.41,9285,1865,23.82,4.78,No,60.41,27.89,82.31,47.48,23.27,74.84,0.0,0.0,0.0,43644,43669,0,20180,58,16075,517,79.7,2.5,10324,454,64.2,3.0,5751,587,35.8,3.0,55.4,0.6,868,303,5.4,1.9,402,193,2.5,1.2,2482,381,15.4,2.3,16.8,2.4,8274,82,18.9,0.2,7293,68,16.7,0.2,6604,640,16.2,1.6,544,161,1.3,0.4,21358,43799,16511,752,670028049.0,48.8,4.6,169.3,1,51206,6345,8231,1652,21.4,4.3,38482,3.7,707,18859,3.6,683,18921,3.7,689,18862,3.0,564,18841,3.8,722,18936,4.7,883,18804,4.7,883,18803,4.6,865,18877,3.8,719,19133,4.0,768,19153,3.4,649,18948,3.6,680,19092,3.7,720,19252,3.8,734,19270,3.8,728,19262,3.0,578,19011,3.4,638,18915,4.3,816,18790,-1,0,0,-1,0,0,-1,0,0,1,1,-1,0,1,-1,5400,28344,2024-09-27 14:45:00+00:00,2024-09-27 14:45:00+00:00,19.1,50,50,6.1,,,,,0,0,0,0,0,0,0,0,0,0,0,0,0,0,0,0,0.0,0.0,0.0,0.0,0.0,0.0,0.0
"Banks County, Georgia","POLYGON ((-83.655563 34.399746, -83.636104 34.415673, -83.6229 34.419439, -83.615218 34.431712, -83.6074 34.444008, -83.585365 34.453029, -83.552438 34.485839, -83.537538 34.491725, -83.518385 34.489406, -83.461419 34.481611, -83.45843 34.483933, -83.416214 34.469144, -83.398049 34.460998, -83.38223 34.428591, -83.381496 34.420072, -83.379711 34.410688, -83.393689 34.32634, -83.393915 34.324801, -83.376939 34.305785, -83.337902 34.261277, -83.355269 34.22374, -83.372694 34.206229, -83.402428 34.197499, -83.422797 34.212466, -83.425401 34.217934, -83.457761 34.243099, -83.479531 34.260693, -83.518337 34.256474, -83.561521 34.252712, -83.619918 34.29538, -83.649128 34.320405, -83.651441 34.343715, -83.669243 34.365582, -83.655563 34.399746))",13011,1,1,0,1,EM-3616-GA,DR-4830-GA,19774,7412,1170,37.48,5.92,8534,1217,43.16,6.15,3828,985,19.36,4.98,No,27.88,6.81,62.68,23.27,6.29,51.57,0.0,0.0,0.0,20318,18757,0,7373,38,6787,143,92.1,1.9,5205,307,76.7,4.3,1582,296,23.3,4.3,62.8,1.2,281,109,4.1,1.6,45,33,0.7,0.5,599,135,8.8,2.0,9.4,2.0,4017,61,21.4,0.3,3215,62,17.1,0.3,3453,455,18.4,2.4,563,138,3.2,0.8,17238,18035,6652,395,602578150.0,95.6,5.9,77.52,2,70067,8089,2400,533,12.2,2.7,19725,3.3,310,9496,3.1,289,9452,2.9,276,9477,2.3,219,9471,3.0,286,9482,3.7,346,9470,3.5,333,9506,3.6,342,9508,2.6,245,9537,2.8,268,9643,2.9,279,9646,2.7,256,9542,3.0,286,9601,3.1,300,9565,3.1,296,9619,2.4,229,9567,2.9,279,9562,3.2,305,9535,1,1,-1,0,0,0,0,0,-1,-1,-1,-1,0,1,-1,5208,11379,2024-09-27 13:30:00+00:00,2024-09-27 13:30:00+00:00,45.8,34,34,6.1,,,,,0,0,0,0,0,0,0,0,0,0,0,0,0,0,0,0,0.0,0.0,0.0,0.0,0.0,0.0,0.0
"Ben Hill County, Georgia","POLYGON ((-83.480176 31.847312, -83.374862 31.84609, -83.356486 31.846509, -83.209638 31.844646, -83.182533 31.851783, -83.177469 31.847857, -83.17182 31.842026, -83.134605 31.824115, -83.129559 31.810124, -83.10131 31.811955, -83.085009 31.811451, -83.052816 31.789224, -83.005787 31.774629, -82.995698 31.780983, -82.99836 31.673164, -83.146536 31.677787, -83.176509 31.678515, -83.177218 31.651691, -83.243979 31.653259, -83.266363 31.654203, -83.265636 31.679859, -83.313713 31.680391, -83.314654 31.680415, -83.325617 31.680603, -83.324915 31.746605, -83.339664 31.769552, -83.369642 31.769651, -83.370272 31.757056, -83.453634 31.757861, -83.45919 31.794298, -83.484529 31.835521, -83.480176 31.847312))",13017,1,1,1,1,EM-3616-GA,DR-4830-GA,16983,4756,1086,28.0,6.39,6846,1184,40.31,6.97,5381,1048,31.68,6.17,No,92.8,69.33,97.48,89.3,58.48,96.22,0.0,0.0,0.0,16945,17138,0,8135,18,7162,246,88.0,3.0,4283,337,59.8,4.4,2879,338,40.2,4.4,73.8,0.9,526,160,7.3,2.3,98,62,1.4,0.9,1570,315,21.9,4.4,22.4,4.5,4229,48,24.7,0.3,3046,30,17.8,0.2,2045,399,12.2,2.4,357,243,2.2,1.5,5913,17194,7074,331,647802704.0,34.4,4.7,68.74,1,40325,3980,4096,822,24.4,4.9,16771,4.1,293,7221,3.5,254,7297,3.9,276,7158,3.2,233,7284,3.7,269,7280,4.3,310,7287,4.7,335,7195,4.6,328,7161,4.5,323,7144,4.4,318,7206,4.0,271,6743,4.2,288,6849,4.2,293,6910,4.2,286,6873,4.3,295,6881,3.6,247,6772,3.9,263,6733,4.5,305,6798,0,-1,1,-1,0,1,1,0,-1,1,1,1,1,0,-1,4143,11622,2024-09-29 01:15:00+00:00,2024-09-29 01:15:00+00:00,35.6,64,64,7.0,DR-4830-GA,Hurricane,4830.0,GA,1680,0,4,3087,2194,1744,1966,1039,128,1038,203,2,1497,113,522,2,43.1,1.8,14.5,48.5,88.3,50.3,100.0
"Berrien County, Georgia","POLYGON ((-83.434492 31.350361, -83.426988 31.363777, -83.415322 31.363184, -83.370888 31.401142, -83.369514 31.465055, -83.339187 31.465061, -83.338728 31.475991, -83.284229 31.475624, -83.145587 31.472276, -83.151087 31.461552, -83.140483 31.420395, -83.141518 31.403894, -83.115242 31.386076, -83.110916 31.367971, -83.059567 31.329857, -83.058325 31.308259, -83.033468 31.275041, -83.045222 31.220303, -83.051066 31.21231, -83.046885 31.18368, -83.050093 31.183571, -83.039517 31.156838, -83.038246 31.146705, -83.165072 31.147198, -83.165037 31.127343, -83.167128 31.065454, -83.197876 31.06221, -83.197971 31.025405, -83.295052 31.027278, -83.279781 31.063351, -83.317323 31.095648, -83.321935 31.097664, -83.321307 31.120155, -83.304813 31.147946, -83.305611 31.167233, -83.3223 31.177205, -83.334182 31.191518, -83.333202 31.239265, -83.34477 31.25109, -83.385684 31.258461, -83.409405 31.286799, -83.433115 31.298893, -83.438823 31.316391, -83.434492 31.350361))",13019,1,1,1,1,EM-3616-GA,DR-4830-GA,18526,5250,1047,28.34,5.65,8235,1096,44.45,5.92,5041,908,27.21,4.9,No,79.56,49.96,91.31,70.43,40.25,86.78,0.0,0.0,0.0,18666,18257,0,8065,21,6881,223,85.3,2.7,4750,258,69.0,3.6,2131,273,31.0,3.6,71.1,1.4,713,182,10.4,2.6,153,75,2.2,1.1,1521,219,22.1,3.2,22.8,3.3,4347,44,23.8,0.2,3242,81,17.8,0.4,3285,470,18.3,2.6,224,80,1.3,0.5,13316,18160,7118,336,1174239572.0,73.3,4.7,40.06,2,50581,6359,3458,738,18.8,4.0,18383,3.9,328,8454,3.7,313,8508,3.6,312,8565,3.0,256,8573,3.6,307,8561,4.2,354,8511,4.8,407,8487,4.4,375,8513,3.7,314,8580,4.9,428,8722,3.6,312,8573,8.9,797,8996,3.6,301,8469,3.7,312,8363,3.5,302,8523,3.3,279,8513,3.3,277,8345,3.5,289,8348,-1,1,-1,-1,0,1,1,1,0,1,1,1,1,1,-1,4103,12967,2024-09-27 20:00:00+00:00,2024-09-27 20:00:00+00:00,31.6,64,64,5.2,DR-4830-GA,Hurricane,4830.0,GA,2308,0,1,4154,3371,2632,3101,1925,353,1922,642,0,2705,316,1265,0,60.4,5.1,27.9,65.1,89.5,65.8,0.0
"Bleckley County, Georgia","POLYGON ((-83.484136 32.405767, -83.482648 32.424536, -83.497923 32.452198, -83.408844 32.495713, -83.408006 32.503674, -83.400041 32.500157, -83.226536 32.584201, -83.154128 32.450978, -83.138991 32.423069, -83.173252 32.452533, -83.302465 32.343866, -83.300777 32.338577, -83.286459 32.322225, -83.332224 32.284033, -83.346103 32.283818, -83.346528 32.272489, -83.413392 32.328249, -83.498039 32.401715, -83.484136 32.405767))",13023,1,1,0,1,EM-3616-GA,DR-4830-GA,11701,3674,825,31.4,7.05,4912,872,41.98,7.45,3115,739,26.62,6.32,No,76.63,36.26,92.71,64.14,29.56,89.3,0.0,0.0,0.0,12626,12414,0,5235,21,4283,218,81.8,4.1,3140,204,73.3,4.3,1143,212,26.7,4.3,60.4,2.6,566,200,13.2,4.6,262,115,6.1,2.7,1040,269,24.3,6.0,25.4,5.9,2477,85,20.0,0.7,2198,87,17.7,0.7,2446,321,20.4,2.7,86,57,0.7,0.5,6424,12583,4547,202,559122131.0,51.1,4.4,58.29,2,58877,7306,2111,469,18.2,4.0,11575,3.9,205,5222,3.9,204,5261,4.0,207,5203,3.4,176,5135,4.1,208,5113,4.9,252,5174,4.8,246,5109,4.7,251,5309,3.7,199,5347,3.8,205,5398,3.6,193,5421,3.5,191,5439,3.5,192,5488,4.0,218,5482,3.9,212,5470,3.3,176,5402,3.5,186,5331,3.9,211,5367,-1,1,-1,0,0,0,-1,1,1,1,1,-1,1,1,-1,2034,6558,2024-09-27 15:45:00+00:00,2024-09-27 15:45:00+00:00,31.0,34,64,7.9,,,,,0,0,0,0,0,0,0,0,0,0,0,0,0,0,0,0,0.0,0.0,0.0,0.0,0.0,0.0,0.0
"Brantley County, Georgia","POLYGON ((-82.284561 31.224449, -82.268616 31.216951, -82.226288 31.22048, -82.193474 31.202356, -82.162307 31.216917, -82.1464 31.226875, -82.144195 31.254974, -82.114822 31.270355, -82.076545 31.275537, -82.063339 31.271229, -82.056915 31.274729, -82.007591 31.275648, -81.997191 31.288634, -81.992114 31.307996, -82.020202 31.327444, -82.04084 31.362846, -82.041129 31.373721, -82.0311 31.366239, -81.951659 31.351138, -81.923238 31.345875, -81.910123 31.347216, -81.845192 31.354745, -81.801052 31.363737, -81.731694 31.330048, -81.732667 31.301345, -81.747198 31.281461, -81.760536 31.231697, -81.766872 31.201481, -81.781828 31.165806, -81.766241 31.16965, -81.819066 31.136504, -81.840671 31.097665, -81.889574 31.100809, -81.91301 31.096142, -81.92398 31.087988, -81.925979 31.061596, -81.936749 31.060787, -81.936006 31.047993, -82.06087 31.075809, -82.080191 31.013907, -82.083115 31.010448, -82.131698 31.010714, -82.163566 31.048559, -82.208262 31.084768, -82.208732 31.170938, -82.2341 31.170383, -82.251762 31.18273, -82.284257 31.192709, -82.284561 31.224449))",13025,1,1,1,1,EM-3616-GA,DR-4830-GA,18401,5994,1171,32.57,6.36,8591,1208,46.69,6.56,3816,970,20.74,5.27,Yes,37.75,10.05,71.68,27.67,8.8,61.0,0.0,0.0,0.0,18795,18171,0,8237,16,6828,295,82.9,3.6,5279,387,77.3,5.2,1549,373,22.7,5.2,65.0,3.4,592,212,8.7,3.1,171,99,2.5,1.5,1529,342,22.4,4.8,22.7,4.9,4065,223,22.4,1.2,3090,87,17.0,0.5,2944,561,16.3,3.1,128,110,0.7,0.6,17899,18021,6915,436,1147972265.0,99.3,6.3,40.66,2,57325,5911,3246,702,17.8,3.8,18270,3.2,266,8235,3.3,272,8297,3.2,270,8320,2.7,223,8349,3.3,280,8415,3.8,326,8515,3.7,314,8484,4.1,346,8446,3.1,260,8442,3.3,280,8460,3.1,258,8440,2.8,234,8360,3.3,274,8364,3.5,291,8327,3.4,284,8349,2.6,216,8328,3.0,249,8379,3.2,271,8425,-1,1,-1,0,0,0,0,1,0,1,1,0,0,1,-1,9146,9990,2024-09-27 17:45:00+00:00,2024-09-27 17:45:00+00:00,91.6,50,50,1.4,DR-4830-GA,Hurricane,4830.0,GA,901,0,1,1956,1422,1079,1285,827,106,827,151,0,1463,103,650,0,28.6,1.6,12.1,74.8,97.2,78.6,0.0
"Brooks County, Georgia","POLYGON ((-83.739021 30.742003, -83.740175 30.848896, -83.736158 31.037679, -83.669882 31.036486, -83.600108 31.034677, -83.573959 31.033875, -83.574857 31.078135, -83.564717 31.067902, -83.542036 31.051115, -83.502596 31.053119, -83.475617 31.031964, -83.468039 31.029217, -83.463689 31.005935, -83.443077 30.984995, -83.429265 30.948733, -83.437455 30.93865, -83.43998 30.904513, -83.417612 30.889391, -83.398644 30.883888, -83.369498 30.884171, -83.355857 30.872178, -83.34792 30.847114, -83.360024 30.83632, -83.369978 30.837667, -83.374068 30.839314, -83.395736 30.825445, -83.413598 30.828882, -83.43759 30.814363, -83.449983 30.81759, -83.453253 30.792882, -83.456764 30.76578, -83.484766 30.752372, -83.454075 30.70061, -83.43968 30.688565, -83.396273 30.677314, -83.363054 30.65383, -83.36579 30.641449, -83.3577037830355 30.6373471003798, -83.37953 30.638672, -83.390133 30.639325, -83.429549 30.641511, -83.429656 30.641488, -83.440094 30.642015, -83.448968 30.642402, -83.499951 30.645663, -83.5368729710246 30.6475068692627, -83.6117204626719 30.6512447246755, -83.611746 30.651246, -83.674139 30.654738, -83.676854 30.654896, -83.7437296744174 30.6583830658832, -83.739021 30.742003))",13027,1,1,1,1,EM-3616-GA,DR-4830-GA,16187,3881,904,23.98,5.58,7359,994,45.46,6.14,4947,894,30.56,5.52,No,90.16,66.69,96.33,84.9,55.97,94.33,0.0,0.0,0.0,16344,16285,0,7342,44,5994,262,81.6,3.6,4220,277,70.4,4.6,1774,311,29.6,4.6,72.3,0.7,399,137,6.7,2.3,147,90,2.5,1.5,1076,212,18.0,3.4,19.3,3.3,3452,16,21.2,0.1,3383,39,20.8,0.2,2630,407,16.5,2.6,118,79,0.8,0.5,16301,16301,6359,382,1277341891.0,100.0,6.0,33.05,3,46796,5842,3642,804,22.8,5.0,15945,3.5,229,6502,3.6,237,6533,3.8,244,6469,3.2,209,6536,3.8,250,6533,4.2,274,6514,4.2,268,6436,4.6,296,6493,3.6,238,6547,3.8,253,6645,3.6,238,6660,3.4,225,6596,3.6,238,6539,4.0,262,6476,4.0,261,6464,3.1,195,6377,3.7,235,6281,4.3,265,6235,-1,1,-1,-1,0,1,1,0,0,1,1,-1,1,1,-1,920,8234,2024-09-28 12:15:00+00:00,2024-09-28 12:15:00+00:00,11.2,64,64,5.5,DR-4830-GA,Hurricane,4830.0,GA,1812,0,4,3200,2387,1784,2163,1287,210,1280,346,3,2002,184,847,3,53.4,3.5,21.4,62.6,87.6,66.2,100.0
"Bryan County, Georgia","POLYGON ((-81.780858 32.15289, -81.624809 32.189681, -81.563907 32.206612, -81.519401 32.218735, -81.43583 32.241289, -81.429221 32.216586, -81.413554 32.208047, -81.418601 32.196582, -81.413665 32.16024, -81.402177 32.144505, -81.406776 32.101931, -81.391698 32.095886, -81.387143 32.090229, -81.384727 32.079517, -81.367004 32.047877, -81.334635 32.027704, -81.304436 32.000709, -81.308852 31.98233, -81.307298 31.981118, -81.28863 31.977201, -81.287771 31.954223, -81.288836 31.945898, -81.263132 31.927109, -81.259014 31.905364, -81.239344 31.911621, -81.233177 31.907954, -81.241342 31.88936, -81.235596 31.887672, -81.212309 31.918358, -81.195507 31.921963, -81.190665 31.915012, -81.202227 31.90237, -81.217201 31.897736, -81.208655 31.888512, -81.180429 31.90071, -81.161187 31.887571, -81.15263 31.862215, -81.138533 31.855921, -81.157827 31.834517, -81.159726 31.823615, -81.177027 31.816113, -81.17973 31.791317, -81.163326 31.787722, -81.161917 31.779217, -81.173124 31.763929, -81.159528 31.746031, -81.154686330339 31.7262025789643, -81.16067 31.728144, -81.192784 31.733245, -81.198394185031 31.7260700164189, -81.220862 31.743637, -81.268333 31.759977, -81.276231 31.79391, -81.311027 31.789915, -81.338746 31.84075, -81.338953 31.820363, -81.355837 31.8149, -81.355008 31.829746, -81.35306 31.837583, -81.378783 31.850761, -81.384941 31.878872, -81.39363 31.880901, -81.391578 31.893562, -81.404388 31.919701, -81.404926 31.936868, -81.404961 31.937002, -81.407737 31.944302, -81.426894 31.938677, -81.463844 31.950014, -81.475456 31.974167, -81.484817 31.964031, -81.510261 31.968998, -81.522323 31.958952, -81.564231 31.95949, -81.578712 31.97246, -81.593292 31.971233, -81.59423 31.991779, -81.603665 32.008469, -81.640251 32.049866, -81.651685 32.058455, -81.672798 32.063873, -81.698448 32.090713, -81.718658 32.089351, -81.741043 32.1045, -81.75634 32.104584, -81.76334 32.11762, -81.77729 32.131939, -81.780858 32.15289))",13029,1,1,1,1,EM-3616-GA,DR-4830-GA,49680,22632,2588,45.56,5.21,18529,2632,37.3,5.3,8519,1975,17.15,3.98,Yes,13.52,3.98,41.85,11.32,3.77,33.33,16.78,3.08,42.46,51105,46681,0,17325,32,15821,377,91.3,2.2,11966,499,75.6,3.1,3855,518,24.4,3.1,66.7,0.4,805,297,5.1,1.9,197,126,1.2,0.8,1332,373,8.4,2.3,8.6,2.4,13656,21,29.3,0.1,5018,68,10.7,0.1,5271,572,11.8,1.3,1051,345,2.4,0.8,20929,44738,15445,764,1133284239.0,46.8,4.9,102.24,1,97746,8578,4055,932,8.2,1.9,49460,2.8,646,23061,2.9,667,23275,2.9,679,23483,2.3,531,23336,2.9,678,23327,3.4,793,23531,3.2,763,23499,3.6,832,23169,2.8,648,23326,2.9,685,23323,2.8,643,23187,2.6,611,23108,2.9,672,23150,3.2,731,23050,3.2,744,23180,2.5,571,23073,2.8,654,23054,3.3,770,23218,0,1,-1,1,-1,0,1,0,-1,-1,-1,1,-1,0,-1,26661,24218,2024-09-28 14:15:00+00:00,2024-09-28 14:15:00+00:00,100.0,50,50,3.5,DR-4830-GA,Hurricane,4830.0,GA,1619,0,3,3805,2620,2125,2034,904,119,901,189,2,2236,112,487,2,24.1,0.8,5.7,58.8,94.1,54.1,100.0
"Bulloch County, Georgia","POLYGON ((-82.026842 32.555163, -82.001236 32.60691, -81.841005 32.649093, -81.833839 32.653385, -81.800506 32.641525, -81.783973 32.615208, -81.768111 32.606594, -81.754226 32.601988, -81.71521 32.564656, -81.689261 32.546227, -81.677436 32.548367, -81.595481 32.508274, -81.578132 32.512259, -81.548006 32.489286, -81.536025 32.481354, -81.531392 32.43885, -81.542404 32.41716, -81.522035 32.379245, -81.520377 32.380862, -81.508455 32.37063, -81.507575 32.357792, -81.49089 32.351695, -81.487831 32.333886, -81.465499 32.328648, -81.450279 32.297416, -81.433128 32.244736, -81.43583 32.241289, -81.519401 32.218735, -81.563907 32.206612, -81.624809 32.189681, -81.780858 32.15289, -81.778471 32.162295, -81.8047 32.220039, -81.81628 32.23747, -81.841651 32.240921, -81.857389 32.257391, -81.892725 32.274783, -81.953213 32.266832, -81.969069 32.268783, -81.956924 32.286228, -81.918671 32.41541, -81.934931 32.421428, -81.956141 32.449475, -81.974121 32.469971, -81.97456 32.487801, -81.971003 32.51324, -82.030233 32.53877, -82.026842 32.555163))",13031,1,1,1,1,EM-3616-GA,DR-4830-GA,78777,26098,3390,33.13,4.3,35826,3517,45.48,4.46,16853,2815,21.39,3.57,No,42.0,20.93,66.18,32.07,17.61,55.34,41.43,21.57,67.46,85454,81372,0,33607,96,30276,612,90.1,1.7,16127,677,53.3,2.2,14149,796,46.7,2.2,47.6,0.5,1453,263,4.8,0.9,359,154,1.2,0.5,4454,583,14.7,1.9,15.0,1.9,16405,0,20.2,0.0,9836,175,12.1,0.2,11951,1036,14.8,1.3,1316,300,1.7,0.4,36611,81099,29747,1105,1750735216.0,45.1,3.7,119.98,1,54787,3958,18529,2309,23.7,2.9,78306,3.6,1365,37923,3.5,1317,38145,3.5,1330,38385,2.6,1002,38391,3.6,1392,38296,4.7,1769,37867,4.5,1687,37294,4.5,1729,38024,3.4,1321,38850,3.7,1433,38581,3.1,1171,38260,3.1,1176,38456,3.5,1336,38569,3.7,1409,38527,3.7,1437,38407,2.8,1068,38046,3.2,1212,37841,4.3,1631,37756,0,-1,1,0,0,0,-1,0,-1,1,1,-1,-1,1,-1,37223,42557,2024-09-27 21:00:00+00:00,2024-09-27 21:00:00+00:00,87.5,50,50,3.2,DR-4830-GA,Hurricane,4830.0,GA,6038,0,3,11177,7944,6225,6824,3266,365,3247,659,1,5689,324,1675,1,36.9,1.2,10.7,50.9,88.8,51.6,100.0
"Burke County, Georgia","POLYGON ((-82.316512 32.835772, -82.291467 32.888454, -82.272353 32.937796, -82.29118 33.062827, -82.281054 33.110354, -82.272263 33.137231, -82.232554 33.231211, -82.26758 33.267397, -82.17424 33.296771, -82.165077 33.295998, -82.133747 33.275879, -82.125329 33.249665, -82.091528 33.230308, -82.060031 33.242566, -82.045078 33.236386, -81.978889 33.227192, -81.947504 33.241859, -81.934559 33.252963, -81.901291 33.261295, -81.877475 33.25872, -81.851979119203 33.2473815723462, -81.846536 33.241746, -81.837016 33.237652, -81.831736 33.233546, -81.8315651013874 33.2333301280683, -81.827936 33.228746, -81.819636 33.226646, -81.811736 33.223847, -81.809636 33.222647, -81.808136 33.219447, -81.807936 33.213747, -81.807336 33.212647, -81.805236 33.211447, -81.790236 33.208447, -81.784535 33.208147, -81.778935 33.209847, -81.777535 33.211347, -81.777335 33.214947, -81.781035 33.219847, -81.780135 33.221147, -81.778435 33.221847, -81.774035 33.221147, -81.768935 33.217447, -81.767635 33.215747, -81.763535 33.203648, -81.761635 33.201748, -81.758235 33.200248, -81.7570833221477 33.1981218255034, -81.756935 33.197848, -81.760635 33.189248, -81.762835 33.188248, -81.765735 33.187948, -81.772435 33.181249, -81.772435 33.180449, -81.766735 33.170749, -81.764435 33.165549, -81.763135 33.159449, -81.755135 33.15155, -81.743835 33.14145, -81.724334 33.129451, -81.72067688 33.12670816, -81.717134 33.124051, -81.704634 33.116451, -81.703134 33.116151, -81.699834 33.116751, -81.696934 33.116551, -81.683533 33.112651, -81.658433 33.103152, -81.646433 33.094552, -81.642333 33.093152, -81.637232 33.092952, -81.632232 33.093952, -81.617779 33.095277, -81.615132 33.095036, -81.6142984780503 33.0946609670663, -81.612725 33.093953, -81.6108 33.09263, -81.609476 33.089862, -81.609533 33.086877, -81.609837 33.084929, -81.610078 33.082883, -81.609837 33.082161, -81.608995 33.0818, -81.606836 33.081717, -81.603587 33.084578, -81.601655 33.084688, -81.600211 33.083966, -81.598165 33.081078, -81.598286 33.079153, -81.599369 33.076867, -81.600211 33.075182, -81.600091 33.073497, -81.599248 33.071813, -81.594555 33.069887, -81.592645 33.06991, -81.590705 33.071211, -81.588539 33.07085, -81.583804 33.067021, -81.580994 33.062697, -81.578332 33.058936, -81.57288 33.05418, -81.568925 33.053523, -81.566759 33.053763, -81.564714 33.054726, -81.56327 33.055568, -81.562548 33.055568, -81.562066 33.055568, -81.561344 33.055568, -81.560502 33.055207, -81.559179 33.054124, -81.558938 33.052921, -81.559173 33.051765, -81.55966 33.04907, -81.559179 33.047386, -81.558336 33.046183, -81.557013 33.0451, -81.553643 33.044137, -81.551838 33.044739, -81.546785 33.047145, -81.544258 33.046905, -81.542509768548 33.0452536234761, -81.767553 32.909411, -81.783565 32.928435, -81.857946 32.953875, -81.956448 32.923724, -82.03699 32.919122, -82.081349 32.916762, -82.123742 32.883656, -82.147942 32.819758, -82.144977 32.812741, -82.157638 32.816023, -82.214168 32.803711, -82.256299 32.823988, -82.30083 32.826763, -82.316512 32.835772))",13033,1,1,1,1,EM-3616-GA,DR-4830-GA,24355,8074,1404,33.15,5.76,10010,1521,41.1,6.25,6271,1344,25.75,5.52,No,72.03,35.78,89.59,57.23,28.93,84.9,0.0,0.0,0.0,24472,24427,0,11201,23,9097,399,81.2,3.6,6617,419,72.7,3.4,2480,331,27.3,3.4,71.9,1.4,666,187,7.3,2.1,162,125,1.8,1.4,1566,307,17.2,3.3,17.7,3.4,6067,43,24.8,0.2,4153,97,17.0,0.4,3751,449,15.5,1.9,274,145,1.2,0.6,18493,24596,9905,569,2142029072.0,75.2,5.7,29.74,2,51388,5426,5114,1190,21.2,4.9,24173,4.8,495,10213,4.8,496,10257,4.9,503,10269,4.6,487,10478,4.9,503,10303,5.7,587,10282,5.9,611,10329,5.9,607,10284,5.3,554,10381,6.0,632,10484,5.1,530,10379,5.1,531,10316,5.4,553,10308,5.2,525,10184,4.8,492,10211,4.3,445,10414,4.6,469,10130,4.9,494,10096,-1,1,-1,0,0,0,1,1,0,1,1,1,0,1,-1,6898,16445,2024-09-28 00:30:00+00:00,2024-09-28 00:30:00+00:00,41.9,50,50,6.3,DR-4830-GA,Hurricane,4830.0,GA,4039,0,12,7323,6491,4277,6257,5191,652,5187,1140,6,4744,586,3528,6,80.5,7.2,57.0,64.8,89.9,68.0,100.0
"Butts County, Georgia","POLYGON ((-84.122998 33.244515, -84.120802 33.254485, -84.088991 33.285646, -84.102582 33.298191, -84.085509 33.298008, -84.073 33.31761, -84.05366 33.319411, -84.032992 33.342796, -84.032049 33.361641, -84.024553 33.35699, -84.007604 33.368345, -83.98403 33.368189, -83.963748 33.378506, -83.973128 33.407556, -83.96311 33.411414, -83.96311 33.419186, -83.943516 33.42529, -83.943498 33.441783, -83.923913 33.444194, -83.912299 33.41768, -83.895081 33.396725, -83.8643 33.377054, -83.863058 33.368278, -83.857091 33.353793, -83.862952 33.343477, -83.840409 33.328902, -83.842757 33.318359, -83.827408 33.291987, -83.824595 33.263613, -83.814103 33.242134, -83.82575 33.210275, -83.80729 33.192423, -83.822261 33.180238, -83.842978 33.196855, -83.877014 33.202387, -83.928424 33.20191, -83.980697 33.202322, -84.041498 33.202629, -84.123767 33.202824, -84.122998 33.244515))",13035,1,1,1,1,EM-3616-GA,DR-4830-GA,24123,8088,1413,33.53,5.86,10073,1495,41.76,6.2,5962,1268,24.72,5.26,No,66.33,30.72,86.47,52.2,25.15,80.5,0.0,0.0,0.0,27127,26074,0,9640,49,8751,262,90.8,2.7,6219,426,71.1,5.3,2532,499,28.9,5.3,56.3,0.8,670,250,7.7,2.9,104,67,1.2,0.8,1325,301,15.1,3.3,15.6,3.4,5350,78,20.5,0.3,4045,33,15.5,0.1,3626,574,15.4,2.4,351,178,1.4,0.7,19737,25434,8460,674,475754795.0,77.6,8.0,138.46,2,59622,6607,3700,827,15.5,3.5,23905,3.1,348,11228,3.1,352,11282,3.2,363,11366,2.8,316,11318,3.4,385,11353,3.7,425,11380,3.7,421,11438,3.8,437,11370,3.3,375,11408,3.3,375,11375,3.4,387,11355,3.2,364,11310,3.4,382,11267,3.6,404,11231,3.6,406,11349,3.0,337,11288,3.3,370,11268,3.5,394,11316,0,1,-1,0,0,0,-1,0,-1,0,0,-1,-1,0,-1,454,9711,2024-09-27 10:30:00+00:00,2024-09-27 10:30:00+00:00,4.7,34,34,6.9,DR-4830-GA,Hurricane,4830.0,GA,42,0,0,150,128,115,89,45,9,45,16,0,95,7,32,0,1.7,0.1,0.5,63.3,77.8,71.1,0.0
"Camden County, Georgia","POLYGON ((-81.936749 31.060787, -81.925979 31.061596, -81.92398 31.087988, -81.91301 31.096142, -81.889574 31.100809, -81.840671 31.097665, -81.819066 31.136504, -81.766241 31.16965, -81.764128 31.154505, -81.724194 31.149594, -81.686225 31.122419, -81.66526 31.125088, -81.631624 31.108117, -81.587721 31.118078, -81.577316 31.117235, -81.564124 31.130751, -81.5579 31.124427, -81.564086 31.105499, -81.572692 31.097269, -81.556716 31.080807, -81.539764 31.083776, -81.526565 31.063194, -81.492454 31.054476, -81.486297 31.034595, -81.456893 31.037197, -81.44493 31.028994, -81.4431497861428 31.0166641710864, -81.451444 31.015515, -81.457795 31.010259, -81.45924 31.005692, -81.469298 30.996028, -81.490586 30.984952, -81.493651 30.977528, -81.4901828990314 30.9734160825315, -81.486966 30.969602, -81.475789 30.965976, -81.472321 30.969899, -81.466814 30.97091, -81.453568 30.965573, -81.447388 30.956732, -81.4365471221365 30.95667000368, -81.426929 30.956615, -81.420108 30.974076, -81.415825 30.977192, -81.408484 30.977718, -81.403409 30.957914, -81.405153 30.908203, -81.428577 30.836336, -81.430835 30.831156, -81.44013 30.821369, -81.446927 30.81039, -81.455287 30.79093, -81.460061 30.769912, -81.461065 30.753684, -81.45947 30.741979, -81.449375 30.715601, -81.444124 30.709714, -81.448718 30.709353, -81.459979 30.710434, -81.464466 30.711045, -81.4653858893509 30.7113014423461, -81.472598 30.713312, -81.475755 30.714754, -81.483788 30.723891, -81.487334 30.726081, -81.489539 30.7261, -81.507218 30.722936, -81.516119 30.722236, -81.52142 30.722536, -81.528281 30.723359, -81.530534 30.722858, -81.532788 30.721606, -81.53404 30.719853, -81.53452 30.717936, -81.535542 30.716348, -81.537671 30.714345, -81.539298 30.713468, -81.540927 30.713343, -81.542679 30.713593, -81.544683 30.713969, -81.546936 30.714345, -81.54919 30.715972, -81.55257 30.716974, -81.56171 30.715597, -81.566223 30.717836, -81.5668832268409 30.7183183806951, -81.571424 30.721636, -81.5724397848579 30.7219451519133, -81.573724 30.722336, -81.586825 30.723735, -81.593654 30.725459, -81.601212 30.728141, -81.604016 30.727287, -81.605722 30.725337, -81.607673 30.721924, -81.609501 30.720705, -81.617669 30.722046, -81.619619 30.724849, -81.620829 30.729535, -81.621936 30.731188, -81.625105 30.733017, -81.629616 30.732407, -81.633273 30.729603, -81.646144 30.727591, -81.649196 30.728686, -81.650448 30.729703, -81.651778 30.732284, -81.652169 30.735648, -81.651731 30.740235, -81.652131 30.742436, -81.6545180566719 30.7438829302325, -81.654542677328 30.7438978542065, -81.656549 30.745114, -81.662181 30.746522, -81.664606 30.7466, -81.667344 30.745661, -81.668283 30.744644, -81.669332 30.741335, -81.670132 30.740235, -81.672832 30.738935, -81.688934 30.741434, -81.690999 30.742841, -81.691827 30.743991, -81.692824 30.747101, -81.694787 30.748415, -81.7114882881451 30.7459041622077, -81.719937 30.744634, -81.727137 30.746935, -81.732238 30.749635, -81.742747 30.759202, -81.743105 30.759913, -81.743449 30.762272, -81.744194 30.763869, -81.745046 30.76504, -81.746323 30.765892, -81.747583 30.766456, -81.751294 30.767083, -81.755086 30.76832, -81.7583304080093 30.7706467822918, -81.75935 30.771378, -81.763384 30.773821, -81.768204 30.773955, -81.77048 30.772482, -81.772623 30.769536, -81.775033 30.768331, -81.779183 30.768063, -81.782666 30.769938, -81.784363 30.773591, -81.792782 30.784434, -81.806666 30.789685, -81.808543 30.790016, -81.827028 30.788935, -81.84039 30.786386, -81.842073 30.787122, -81.8435558560958 30.7883242778374, -81.846301 30.79055, -81.852641 30.794441, -81.868624 30.792756, -81.876898 30.799518, -81.882741 30.805126, -81.891298 30.815948, -81.892921 30.819271, -81.895737 30.821101, -81.899397 30.821665, -81.902354 30.82082, -81.904855 30.82834, -81.892139 30.90988, -81.895187 30.904821, -81.914795 30.911592, -81.892028 30.960474, -81.91616 30.979332, -81.908297 30.994421, -81.91143 31.010696, -81.904724 31.020618, -81.906036 31.039715, -81.936006 31.047993, -81.936749 31.060787))",13039,1,1,1,1,EM-3616-GA,DR-4830-GA,58118,19475,2604,33.51,4.48,27777,2725,47.79,4.69,10866,2172,18.7,3.74,Yes,22.61,8.4,50.89,18.87,7.55,40.88,24.31,7.88,51.36,59099,56036,0,23192,36,21024,382,90.7,1.6,13410,500,63.8,2.3,7614,516,36.2,2.3,63.3,0.4,980,253,4.7,1.2,547,251,2.6,1.2,2471,420,11.8,2.0,12.4,2.0,13481,0,24.1,0.0,8235,81,14.7,0.1,8400,768,16.2,1.5,459,176,0.9,0.3,16201,54768,20374,882,1632396445.0,29.6,4.3,86.9,1,72185,5686,6459,1176,11.6,2.1,55741,3.2,744,23410,3.2,765,23562,3.3,791,23738,2.8,653,23603,3.4,798,23715,3.7,890,23839,3.6,854,23548,4.0,948,23480,3.0,713,23788,3.2,756,23851,3.1,749,23848,2.9,684,23813,3.2,758,23808,3.5,824,23827,3.4,826,23975,2.8,656,23811,3.1,745,24016,3.4,816,24195,0,0,0,0,0,0,-1,0,0,0,0,1,-1,1,-1,18962,28126,2024-09-27 06:30:00+00:00,2024-09-27 06:30:00+00:00,67.4,50,50,1.3,DR-4830-GA,Hurricane,4830.0,GA,1038,0,0,2499,1667,1387,1362,730,71,729,109,0,1194,67,337,0,11.9,0.3,3.5,47.8,94.4,46.2,0.0
"Candler County, Georgia","POLYGON ((-82.254526 32.351498, -82.187944 32.433571, -82.183637 32.459231, -82.181145 32.474066, -82.148338 32.520429, -82.079842 32.560063, -82.030233 32.53877, -81.971003 32.51324, -81.97456 32.487801, -81.974121 32.469971, -81.956141 32.449475, -81.934931 32.421428, -81.918671 32.41541, -81.956924 32.286228, -81.969069 32.268783, -81.969555 32.269309, -81.999843 32.276189, -82.025339 32.278883, -82.232788 32.318838, -82.241993 32.347202, -82.254526 32.351498))",13043,1,1,1,1,EM-3616-GA,DR-4830-GA,11039,2966,802,26.87,7.27,5372,866,48.66,7.84,2701,757,24.47,6.86,No,64.89,19.78,89.78,50.94,16.98,84.9,0.0,0.0,0.0,11130,10972,0,4653,23,4183,144,89.9,3.3,2614,196,62.5,4.6,1569,208,37.5,4.6,76.6,3.8,418,135,10.0,3.2,71,57,1.7,1.4,956,209,22.9,4.8,23.2,4.9,2754,119,25.1,1.1,2006,51,18.3,0.5,2277,388,21.3,3.6,678,157,6.6,1.5,10981,10981,4116,216,629520842.0,100.0,5.2,45.18,3,49332,4834,2311,516,21.5,4.8,10737,3.7,165,4488,3.5,159,4549,3.5,157,4474,3.0,136,4602,3.4,157,4589,4.1,190,4585,4.1,179,4400,4.2,191,4504,3.3,154,4614,3.4,158,4629,3.2,149,4654,3.1,145,4604,3.4,157,4585,3.6,165,4547,3.6,162,4523,2.9,131,4499,3.5,156,4429,4.0,175,4396,0,0,0,-1,0,0,1,1,0,1,1,1,1,1,-1,5898,6410,2024-09-28 20:45:00+00:00,2024-09-28 20:45:00+00:00,92.0,50,50,3.4,DR-4830-GA,Hurricane,4830.0,GA,1665,0,4,2800,2491,1715,2354,1875,169,1873,311,1,1701,161,1168,1,66.9,4.0,44.8,60.8,95.3,62.4,100.0
"Charlton County, Georgia","POLYGON ((-82.415329 30.946802, -82.415603 31.01359, -82.342466 31.013429, -82.131698 31.010714, -82.083115 31.010448, -82.080191 31.013907, -82.06087 31.075809, -81.936006 31.047993, -81.906036 31.039715, -81.904724 31.020618, -81.91143 31.010696, -81.908297 30.994421, -81.91616 30.979332, -81.892028 30.960474, -81.914795 30.911592, -81.895187 30.904821, -81.892139 30.90988, -81.904855 30.82834, -81.902354 30.82082, -81.903762 30.818989, -81.906296 30.817018, -81.910943 30.815891, -81.924466 30.817568, -81.934673 30.820427, -81.935462 30.821134, -81.9384 30.825748, -81.943187 30.827437, -81.949806 30.827496, -81.959778 30.821171, -81.9620624871704 30.8181754472865, -81.962194 30.818003, -81.962758 30.813638, -81.96246 30.808443, -81.962008 30.800445, -81.962553 30.796528, -81.973876 30.778488, -81.9788814075052 30.7764954535349, -81.979081 30.776416, -81.981293 30.776768, -81.988625 30.780057, -81.990875 30.781612, -81.994992 30.786074, -82.004994 30.791745, -82.007886 30.792938, -82.0166767397352 30.7917130765446, -82.017072 30.791658, -82.022887 30.787992, -82.023869 30.786686, -82.024056 30.783157, -82.017902 30.775845, -82.011618 30.763122, -82.012681 30.761289, -82.017938 30.755263, -82.028421 30.750981, -82.032667 30.750674, -82.035986 30.750998, -82.038989 30.749262, -82.039656 30.747727, -82.040048 30.737547, -82.04119 30.734247, -82.043817 30.72964, -82.041032 30.725079, -82.039176 30.723177, -82.037585 30.718639, -82.036448 30.706583, -82.041834 30.692374, -82.050454 30.676263, -82.049529 30.655544, -82.046136 30.651763, -82.042293 30.649448, -82.039616 30.643305, -82.039113 30.641128, -82.039962 30.63714, -82.03763 30.633266, -82.033948 30.629598, -82.02852 30.621824, -82.026562 30.613298, -82.027359 30.60672, -82.026962 30.606147, -82.0204488878846 30.6038578335711, -82.016523 30.602478, -82.015728 30.601698, -82.012129 30.593767, -82.008111 30.577011, -82.005497 30.563488, -82.013236 30.550083, -82.018381 30.531176, -82.018888 30.523819, -82.0176988330505 30.5209885547049, -82.01701 30.519349, -82.015846 30.518157, -82.01479 30.513, -82.015912 30.495489, -82.018242 30.492075, -82.017317 30.487628, -82.017002 30.478769, -82.017799 30.475071, -82.023754 30.467278, -82.025477 30.457744, -82.028232 30.447385, -82.030084 30.444842, -82.036224 30.438448, -82.03723 30.434506, -82.034484 30.428036, -82.034025 30.422345, -82.039992 30.414267, -82.041185 30.409953, -82.042011 30.403253, -82.041185 30.396828, -82.035891 30.385273, -82.036845 30.37787, -82.040766 30.370144, -82.047938 30.363251, -82.0499665504695 30.3623762347418, -82.05009 30.362323, -82.060055 30.360313, -82.068554 30.359169, -82.081128 30.358791, -82.094709 30.360766, -82.1001429509055 30.3642462652382, -82.101821 30.365321, -82.101439 30.366541, -82.102523 30.367809, -82.104857 30.368305, -82.116408 30.36732, -82.143306 30.363378, -82.158134 30.359898, -82.161782 30.357836, -82.165217 30.35802, -82.170079 30.358914, -82.171533 30.359854, -82.1719966251191 30.3603310272083, -82.180043 30.36861, -82.183823 30.373698, -82.189873 30.375924, -82.192966 30.378765, -82.204177 30.401316, -82.210318 30.424577, -82.209897 30.432806, -82.206513 30.437069, -82.204002 30.444495, -82.20485 30.451828, -82.206067 30.455495, -82.207549 30.456916, -82.207735 30.460492, -82.204641 30.468857, -82.200965 30.474427, -82.201443 30.485154, -82.206472 30.491867, -82.212879 30.498741, -82.218541 30.504177, -82.225054 30.50782, -82.226961 30.510271, -82.230405 30.51733, -82.229427 30.520814, -82.23078 30.526749, -82.23498 30.533057, -82.235848 30.537178, -82.235631 30.544877, -82.231944 30.556262, -82.227282 30.561033, -82.223053 30.563202, -82.218607 30.564395, -82.214413 30.56695, -82.2148461613534 30.5685089992323, -82.149872 30.784336, -82.158398 30.786335, -82.17816 30.790953, -82.420442 30.795229, -82.415329 30.946802))",13049,1,1,1,1,EM-3616-GA,DR-4830-GA,10503,3313,755,31.54,7.19,3950,794,37.61,7.56,3240,669,30.85,6.37,Yes,90.91,63.51,97.1,86.15,52.2,95.59,0.0,0.0,0.0,13021,12711,0,4708,39,4086,178,86.8,3.6,3193,280,78.1,5.7,893,235,21.9,5.7,52.5,4.5,276,140,6.8,3.5,19,18,0.5,0.4,895,259,21.9,6.5,22.0,6.5,2502,228,19.7,1.8,1872,70,14.7,0.6,2364,456,19.8,3.8,366,256,3.0,2.1,12518,12518,3993,220,2020415649.0,100.0,5.5,16.05,3,52191,6477,2727,562,26.2,5.4,10392,3.5,151,4361,3.7,163,4372,3.6,156,4352,2.8,124,4389,3.5,153,4403,4.0,175,4364,3.9,167,4311,4.4,193,4350,3.3,143,4347,3.2,140,4361,3.3,145,4351,3.2,141,4373,3.6,161,4429,3.8,169,4397,4.0,174,4393,3.3,145,4371,3.5,153,4337,3.8,163,4317,0,1,-1,0,0,1,-1,0,-1,1,1,-1,-1,1,-1,3735,6714,2024-09-27 13:15:00+00:00,2024-09-27 13:15:00+00:00,55.6,50,50,1.4,DR-4830-GA,Hurricane,4830.0,GA,356,0,0,805,551,454,485,303,38,303,62,0,529,36,212,0,19.7,0.9,7.4,65.7,94.7,70.0,0.0
"Chatham County, Georgia","POLYGON ((-81.391698 32.095886, -81.36859 32.112597, -81.365593 32.114766, -81.327992 32.141731, -81.284699 32.173049, -81.266017 32.18663, -81.253546 32.195493, -81.229025 32.21329, -81.22427 32.216654, -81.195355 32.237495, -81.159636 32.229819, -81.146530388013 32.226938177361, -81.143139 32.221731, -81.136727 32.213669, -81.136012 32.212858, -81.128283 32.208634, -81.12315 32.201329, -81.118234 32.189201, -81.117934 32.185301, -81.119834 32.181202, -81.120434 32.178702, -81.119361 32.177142, -81.119434 32.175402, -81.121134 32.174902, -81.124492 32.17212, -81.128134 32.169102, -81.129402 32.166922, -81.129634 32.165602, -81.128434 32.164402, -81.123134 32.162902, -81.122034 32.161803, -81.120034 32.153303, -81.118334 32.144403, -81.119134 32.142104, -81.119994 32.134268, -81.1194621632529 32.1310571319867, -81.117234 32.117605, -81.113334 32.113205, -81.111134 32.112005, -81.100458 32.111181, -81.093386 32.11123, -81.091498 32.110782, -81.090874 32.10699, -81.088234 32.10395, -81.0875706967497 32.1035017609435, -81.083546 32.100782, -81.066906 32.090351, -81.060442 32.087503, -81.050234 32.085308, -81.038265 32.084469, -81.032674 32.08545, -81.021622 32.090897, -81.0200974360579 32.0926698182523, -81.016009 32.097424, -81.011961 32.100176, -81.006745 32.101152, -81.002297 32.100048, -80.999833 32.099014, -80.994333 32.094608, -80.991733 32.091208, -80.987733 32.084209, -80.983133 32.079609, -80.978833 32.077309, -80.959402 32.071259, -80.954482 32.068622, -80.943226 32.057824, -80.933557 32.047554, -80.926753 32.041672, -80.922794 32.039151, -80.917845 32.037575, -80.910669 32.036735, -80.892977 32.034949, -80.885517 32.0346, -80.8705669576105 32.0284248840285, -80.859111 32.023693, -80.852276 32.026676, -80.84313 32.024226, -80.8407378703839 32.0122514495778, -80.840549 32.011306, -80.841913 32.002643, -80.848441 31.988279, -80.8498636791917 31.9864049594283, -80.8509036656018 31.9850350253364, -80.8516425278325 31.9840617505425, -80.862814 31.969346, -80.882814 31.959075, -80.897687 31.949065, -80.911207 31.943769, -80.929101 31.944964, -80.930279 31.956705, -80.941145711549 31.9570182562905, -80.942941781038 31.9570700318496, -80.948491 31.95723, -80.972392 31.94127, -80.9737559997699 31.9340155906276, -80.9747307101335 31.9288316102831, -80.975714 31.923602, -80.968494 31.915822, -80.954469 31.911768, -80.941359 31.912984, -80.934508 31.90918, -80.947294 31.89621, -80.971434 31.877941, -80.99269 31.857641, -81.000317 31.856744, -81.014478 31.867474, -81.041548 31.876198, -81.065255 31.877095, -81.0611942207306 31.8653352661914, -81.058596 31.857811, -81.05907 31.850106, -81.06279 31.84474, -81.076178 31.836132, -81.075812 31.829031, -81.057181 31.822687, -81.050946 31.822383, -81.04794 31.824881, -81.039808 31.823, -81.036958 31.819558, -81.036873 31.812721, -81.047345 31.802865, -81.068116 31.768735, -81.077057 31.761256, -81.097402 31.753126, -81.130634 31.722692, -81.138448 31.720934, -81.154686330339 31.7262025789643, -81.159528 31.746031, -81.173124 31.763929, -81.161917 31.779217, -81.163326 31.787722, -81.17973 31.791317, -81.177027 31.816113, -81.159726 31.823615, -81.157827 31.834517, -81.138533 31.855921, -81.15263 31.862215, -81.161187 31.887571, -81.180429 31.90071, -81.208655 31.888512, -81.217201 31.897736, -81.202227 31.90237, -81.190665 31.915012, -81.195507 31.921963, -81.212309 31.918358, -81.235596 31.887672, -81.241342 31.88936, -81.233177 31.907954, -81.239344 31.911621, -81.259014 31.905364, -81.263132 31.927109, -81.288836 31.945898, -81.287771 31.954223, -81.28863 31.977201, -81.307298 31.981118, -81.308852 31.98233, -81.304436 32.000709, -81.334635 32.027704, -81.367004 32.047877, -81.384727 32.079517, -81.387143 32.090229, -81.391698 32.095886))",13051,1,1,1,1,EM-3616-GA,DR-4830-GA,293473,99659,10094,33.96,3.44,132977,10487,45.31,3.57,60837,8356,20.73,2.85,Yes,37.62,21.18,58.17,26.73,17.61,47.79,38.18,21.57,58.9,307336,298143,0,135983,132,119241,1147,87.7,0.8,67117,1231,56.3,1.0,52124,1470,43.7,1.0,59.5,0.1,6250,689,5.2,0.6,1713,342,1.4,0.3,14019,956,11.8,0.8,12.4,0.8,62410,92,20.9,0.1,48814,43,16.4,0.1,44971,2101,15.5,0.7,11389,1471,4.1,0.5,8908,295291,118480,5201,1120736307.0,3.0,4.4,682.41,1,70556,2731,44111,6222,15.2,2.1,290391,3.0,4561,150393,3.1,4714,151759,3.1,4779,153089,2.6,4008,152223,3.2,4846,152069,3.6,5481,153328,3.5,5311,153100,3.8,5733,150799,3.0,4546,151815,3.1,4680,151654,3.0,4604,151028,2.9,4319,150557,3.0,4563,150726,3.3,5021,150195,3.3,4931,150796,2.6,3969,150211,3.0,4448,150113,3.3,4927,150967,-1,-1,1,0,0,0,-1,0,-1,0,0,-1,-1,1,-1,118846,162775,2024-09-27 15:30:00+00:00,2024-09-27 15:30:00+00:00,73.0,50,50,4.4,DR-4830-GA,Hurricane,4830.0,GA,17857,0,12,34181,22605,17915,18351,8607,658,8578,1270,2,13636,571,2882,2,28.7,0.6,7.2,39.9,86.8,33.6,100.0
"Clinch County, Georgia","POLYGON ((-82.9705 30.94981, -82.971247 31.183988, -82.966747 31.183987, -82.784361 31.183269, -82.671669 31.183739, -82.666642 31.173282, -82.592071 31.018487, -82.550339 31.000404, -82.534262 30.9807, -82.520124 30.963132, -82.490558 30.963166, -82.492204 30.832564, -82.495476 30.819553, -82.435852 30.820068, -82.435242 30.729149, -82.420128 30.729198, -82.41999 30.716637, -82.435112 30.716566, -82.428902 30.690317, -82.430862 30.612848, -82.418793 30.613132, -82.4189159951919 30.5817349193742, -82.459581 30.584264, -82.4597924203985 30.5842766709258, -82.524938 30.588181, -82.536272 30.588877, -82.545095 30.589353, -82.553199 30.589926, -82.565516 30.590614, -82.569278 30.590957, -82.584002138186 30.5917854612315, -82.582778 30.658075, -82.586463 30.675048, -82.581202 30.696237, -82.604005 30.713676, -82.637361 30.717135, -82.674819 30.725316, -82.693717 30.734191, -82.709976 30.729234, -82.743934 30.733516, -82.766159 30.732404, -82.795356 30.74209, -82.80529 30.749835, -82.815963 30.7761, -82.830543 30.781375, -82.834831 30.799451, -82.830482 30.808776, -82.845909 30.827198, -82.846353 30.834988, -82.971336 30.869392, -82.9705 30.94981))",13065,1,1,1,1,EM-3616-GA,DR-4830-GA,6746,1297,608,19.23,9.01,2964,648,43.94,9.61,2485,560,36.84,8.3,No,97.99,82.02,99.48,97.47,74.21,99.36,0.0,0.0,0.0,6871,6722,0,3031,30,2470,122,81.5,4.0,1731,160,70.1,5.8,739,150,29.9,5.8,71.4,2.3,132,62,5.3,2.5,41,48,1.7,1.9,540,149,21.9,6.0,21.9,6.0,1679,0,25.0,0.0,1122,52,16.7,0.8,1110,309,16.7,4.7,393,150,6.3,2.4,6749,6749,2587,145,2110841411.0,100.0,5.6,8.28,3,45718,5761,1552,302,23.3,4.5,6652,3.7,93,2512,3.7,93,2520,3.7,93,2482,2.9,74,2555,4.0,102,2541,4.4,111,2511,4.3,105,2416,4.8,119,2489,3.7,95,2557,4.0,109,2718,3.7,100,2714,3.6,95,2668,3.7,98,2631,3.8,97,2570,4.1,107,2581,3.1,78,2531,3.6,89,2461,4.0,97,2411,-1,0,0,-1,0,1,1,0,0,1,1,1,0,0,0,1668,4733,2024-09-27 05:15:00+00:00,2024-09-27 05:15:00+00:00,35.2,50,64,2.5,DR-4830-GA,Hurricane,4830.0,GA,1094,0,12,2126,1956,1450,1889,1574,280,1574,460,4,1436,260,1094,4,86.1,11.3,63.7,67.5,92.9,69.5,100.0
"Coffee County, Georgia","POLYGON ((-83.145587 31.472276, -83.11166 31.478229, -83.096731 31.506193, -83.083514 31.516107, -83.060043 31.565493, -83.058807 31.611212, -83.044848 31.610805, -83.044424 31.62416, -83.030189 31.623688, -83.029361 31.636185, -83.014099 31.635803, -83.013625 31.652989, -82.998794 31.660467, -82.99836 31.673164, -82.995698 31.780983, -82.97831 31.793201, -82.955261 31.782999, -82.94651 31.787752, -82.886986 31.779581, -82.876007 31.786943, -82.86309 31.783005, -82.853897 31.799147, -82.836366 31.816154, -82.836633 31.671398, -82.817387 31.671293, -82.627342 31.672672, -82.628185 31.56593, -82.596283 31.557899, -82.596522 31.532002, -82.597509 31.469293, -82.628181 31.469324, -82.628975 31.36393, -82.667818 31.363908, -82.696928 31.364131, -82.817174 31.364484, -82.837692 31.400698, -82.849617 31.403189, -82.926321 31.402775, -82.958061 31.402998, -82.958282 31.4099, -82.958519 31.417274, -83.140483 31.420395, -83.151087 31.461552, -83.145587 31.472276))",13069,1,1,1,1,EM-3616-GA,DR-4830-GA,40644,12574,1945,30.94,4.79,17263,2085,42.47,5.13,10807,1769,26.59,4.35,No,76.44,49.33,89.02,63.52,39.62,84.27,77.56,50.0,91.77,43851,43161,0,17426,45,15318,353,87.9,2.0,9667,541,63.1,3.5,5651,567,36.9,3.5,64.5,1.5,805,220,5.3,1.4,216,98,1.4,0.6,2779,370,18.1,2.4,18.6,2.4,10622,60,24.6,0.1,6303,223,14.6,0.5,6429,811,16.1,2.0,2470,423,6.1,1.0,28834,43092,15277,837,1533916511.0,66.9,5.5,72.76,2,49804,5308,9093,1740,22.5,4.3,40349,4.1,747,18169,4.1,753,18314,4.1,739,18129,3.6,667,18351,4.1,743,18237,4.3,793,18326,4.6,824,18099,4.4,803,18176,3.7,680,18343,4.5,839,18689,4.2,768,18479,4.0,736,18561,4.0,760,18797,4.2,785,18789,4.1,747,18432,3.4,642,18675,3.8,698,18394,4.1,744,18287,0,0,0,0,0,1,0,0,-1,1,1,1,-1,1,-1,15230,22750,2024-09-27 17:45:00+00:00,2024-09-27 17:45:00+00:00,66.9,64,64,4.2,DR-4830-GA,Hurricane,4830.0,GA,8258,0,44,13537,12648,9769,12198,9853,1403,9845,2706,21,8371,1222,6383,21,88.4,9.2,64.3,61.8,87.1,64.8,100.0
"Colquitt County, Georgia","POLYGON ((-84.013851 31.102436, -84.002977 31.11189, -84.000911 31.260357, -83.99943 31.334966, -83.813689 31.332675, -83.759086 31.332225, -83.758934 31.318954, -83.714134 31.318365, -83.713975 31.326027, -83.713867 31.331652, -83.65409 31.330661, -83.512607 31.327405, -83.515297 31.302349, -83.505386 31.25964, -83.513474 31.228489, -83.510054 31.226479, -83.509961 31.205972, -83.540698 31.17898, -83.543492 31.147986, -83.555463 31.144779, -83.557331 31.110501, -83.567499 31.100747, -83.574857 31.078135, -83.573959 31.033875, -83.600108 31.034677, -83.669882 31.036486, -83.736158 31.037679, -83.764435 31.038153, -83.78083 31.038502, -83.796067 31.026003, -83.800953 31.038832, -83.918397 31.040508, -83.93081 31.040646, -84.002944 31.041553, -84.003855 31.044093, -84.003627 31.07729, -84.003201 31.102349, -84.013851 31.102436))",13071,1,1,1,1,EM-3616-GA,DR-4830-GA,45780,12901,1958,28.18,4.28,20452,2138,44.67,4.67,12427,1854,27.15,4.05,No,79.14,55.27,89.46,69.8,44.65,84.9,80.47,55.82,92.11,46977,45907,0,19288,47,16807,358,87.1,1.8,10660,502,63.4,2.8,6147,493,36.6,2.8,70.1,0.9,1867,370,11.1,2.2,215,110,1.3,0.7,3015,342,17.9,2.1,18.6,2.1,11825,30,25.8,0.1,7092,131,15.4,0.3,7934,618,17.5,1.4,3498,500,8.2,1.2,26681,45898,17172,951,1416897182.0,58.1,5.5,83.9,2,47821,3991,10601,1443,23.4,3.2,45349,3.3,688,20983,3.2,682,21019,3.3,677,20604,2.7,572,21212,3.2,687,21207,3.7,782,21090,3.7,773,20751,3.9,815,21166,2.9,619,21573,3.0,671,22458,2.8,619,22360,2.8,622,21912,3.2,693,21598,3.6,754,21090,3.4,715,21148,2.6,555,20975,3.1,632,20370,3.6,732,20080,-1,0,0,-1,0,1,1,1,-1,1,1,1,-1,1,0,16997,20635,2024-09-27 07:30:00+00:00,2024-09-27 07:30:00+00:00,82.4,50,64,6.7,DR-4830-GA,Hurricane,4830.0,GA,1147,0,0,2812,2035,1666,1827,1008,102,1008,193,0,1338,87,519,0,16.7,0.6,6.0,47.6,85.3,51.5,0.0
"Columbia County, Georgia","POLYGON ((-82.442846 33.631561, -82.425328 33.650629, -82.413541 33.654567, -82.412902 33.665028, -82.400339 33.671167, -82.372727 33.675435, -82.351492 33.682854, -82.329049 33.697676, -82.308246 33.700436, -82.276092 33.684532, -82.240657 33.693302, -82.218649 33.686299, -82.216868 33.6844, -82.212047 33.677317, -82.209677 33.67176, -82.208411 33.669872, -82.200718 33.66464, -82.199847 33.661758, -82.199747 33.657611, -82.201186 33.646898, -82.196583 33.630582, -82.186154 33.62088, -82.179854 33.615945, -82.174351 33.613117, -82.1641411027551 33.6110870003388, -82.161908 33.610643, -82.158331 33.60971, -82.156288 33.60863, -82.153357 33.606319, -82.15106 33.600956, -82.148816 33.598092, -82.142872 33.594278, -82.133523 33.590535, -82.12908 33.589925, -82.125864 33.590741, -82.1232210073782 33.5927400073782, -82.120385 33.594885, -82.116545 33.596485, -82.115327504273 33.5965013034719, -82.109376 33.596581, -82.10624 33.595637, -82.098816 33.586358, -82.096352 33.58407, -82.094128 33.582742, -82.087488 33.580614, -82.0760685882146 33.5781497442866, -82.073104 33.57751, -82.069039 33.575382, -82.057727 33.566774, -82.054943 33.565382, -82.048959 33.56487, -82.046335 33.56383, -82.037375 33.554662, -82.0364949169577 33.5527087834417, -82.034895 33.549158, -82.033023 33.546454, -82.028238 33.544934, -82.063027 33.520739, -82.070688 33.5161, -82.088436 33.502988, -82.098664 33.495461, -82.108451 33.488497, -82.110016 33.487494, -82.128742 33.473935, -82.179949 33.438729, -82.189092 33.431249, -82.221232 33.407734, -82.294179 33.354635, -82.309598 33.365563, -82.319684 33.379457, -82.340573 33.40665, -82.334901 33.41812, -82.384762 33.467281, -82.399348 33.496848, -82.400473 33.506422, -82.384924 33.52995, -82.437223 33.552109, -82.432766 33.568851, -82.413171 33.592149, -82.432988 33.608147, -82.442846 33.631561))",13073,1,1,1,1,EM-3616-GA,DR-4830-GA,164917,73017,6774,44.27,4.11,68406,6791,41.48,4.12,23494,4904,14.25,2.97,No,3.43,1.65,17.62,3.77,1.89,15.09,0.0,0.0,0.0,167472,159638,0,60412,46,52083,969,86.2,1.6,40881,1101,78.5,1.6,11202,860,21.5,1.6,66.1,0.1,1980,455,3.8,0.9,1026,342,2.0,0.7,3282,594,6.3,1.1,7.0,1.2,40030,73,25.1,0.1,23470,88,14.7,0.1,21628,1566,13.9,1.0,4679,813,3.1,0.5,23319,156010,55449,2669,751599702.0,14.9,4.8,537.61,1,97031,6186,11211,2134,6.8,1.3,163766,3.3,2378,73085,3.3,2448,73350,3.4,2497,73945,2.8,2048,74438,3.5,2541,73563,3.9,2868,73327,3.8,2807,73698,4.1,3023,72846,3.3,2411,73078,3.6,2643,72752,3.4,2450,72537,3.1,2270,72443,3.4,2462,72806,3.6,2615,72665,3.5,2582,73137,2.8,2103,74549,3.2,2325,73144,3.6,2654,73406,-1,1,-1,1,0,-1,1,-1,0,-1,-1,1,-1,0,-1,71235,69945,2024-09-28 14:15:00+00:00,2024-09-28 14:15:00+00:00,100.0,50,50,9.7,DR-4830-GA,Hurricane,4830.0,GA,22399,0,24,39952,36862,26206,34468,27662,995,27643,2386,6,28347,865,19481,6,76.7,1.9,53.1,71.0,86.9,70.5,100.0
"Cook County, Georgia","POLYGON ((-83.567499 31.100747, -83.557331 31.110501, -83.555463 31.144779, -83.543492 31.147986, -83.540698 31.17898, -83.509961 31.205972, -83.510054 31.226479, -83.513474 31.228489, -83.505386 31.25964, -83.515297 31.302349, -83.512607 31.327405, -83.460644 31.326263, -83.434492 31.350361, -83.438823 31.316391, -83.433115 31.298893, -83.409405 31.286799, -83.385684 31.258461, -83.34477 31.25109, -83.333202 31.239265, -83.334182 31.191518, -83.3223 31.177205, -83.305611 31.167233, -83.304813 31.147946, -83.321307 31.120155, -83.321935 31.097664, -83.317323 31.095648, -83.279781 31.063351, -83.295052 31.027278, -83.295522 31.027275, -83.397904 31.029903, -83.475617 31.031964, -83.502596 31.053119, -83.542036 31.051115, -83.564717 31.067902, -83.574857 31.078135, -83.567499 31.100747))",13075,1,1,1,1,EM-3616-GA,DR-4830-GA,17645,5852,1069,33.17,6.06,7312,1143,41.44,6.48,4481,979,25.4,5.55,No,70.52,33.39,88.89,54.71,27.04,83.64,0.0,0.0,0.0,17984,17363,0,7399,22,6323,190,85.5,2.6,4055,279,64.1,4.1,2268,271,35.9,4.1,70.9,0.2,535,172,8.5,2.7,101,53,1.6,0.8,955,197,15.1,3.1,15.5,3.1,4400,0,25.3,0.0,2803,11,16.1,0.1,2735,369,16.1,2.1,425,212,2.6,1.3,10195,17229,6432,363,591694198.0,59.2,5.6,75.42,2,50258,5675,3469,750,19.9,4.3,17439,3.6,293,8107,3.3,272,8172,3.3,273,8197,2.8,229,8177,3.6,291,8192,4.0,323,8114,4.0,318,7997,4.1,329,8058,3.3,266,7994,3.8,308,8011,3.3,260,7930,4.2,338,8048,3.3,263,7995,3.6,288,8005,3.6,286,8041,2.8,222,8054,3.2,252,7995,3.4,274,7975,-1,0,0,0,0,0,1,1,-1,1,0,1,-1,1,-1,1637,10079,2024-09-27 16:45:00+00:00,2024-09-27 16:45:00+00:00,16.2,64,64,4.9,DR-4830-GA,Hurricane,4830.0,GA,1725,0,1,3166,2339,1803,2087,1115,125,1112,220,1,1863,109,695,1,50.1,2.0,17.6,58.8,87.2,62.5,100.0
"Crisp County, Georgia","POLYGON ((-83.961278 32.030595, -83.792026 32.029641, -83.609663 32.027938, -83.610294 31.987842, -83.612196 31.85956, -83.612256 31.854089, -83.61249 31.816324, -83.613492 31.804113, -83.651154 31.804288, -83.802723 31.803579, -83.8262 31.809773, -83.845323 31.83119, -83.924263 31.848393, -83.939437 31.847929, -83.926524 31.863292, -83.934061 31.88139, -83.922494 31.909653, -83.919119 31.923092, -83.932597 31.96496, -83.950415 31.997197, -83.950304 32.015378, -83.961278 32.030595))",13081,1,1,0,1,EM-3616-GA,DR-4830-GA,19340,4835,1210,25.0,6.26,8619,1324,44.57,6.85,5886,1176,30.43,6.08,No,89.88,62.91,96.68,83.64,51.57,94.96,0.0,0.0,0.0,19468,19995,0,9902,34,7966,312,80.4,3.1,4279,494,53.7,5.7,3687,475,46.3,5.7,74.6,2.6,735,205,9.2,2.5,181,161,2.3,2.0,2444,390,30.7,4.8,31.1,4.7,4669,165,23.4,0.8,3873,64,19.4,0.3,3975,413,20.2,2.1,274,215,1.5,1.2,9197,20128,8346,448,706237949.0,45.7,5.4,73.82,1,43174,5584,4981,1030,26.0,5.4,19167,3.9,372,9638,3.5,340,9635,3.3,322,9616,3.0,291,9553,3.6,337,9475,3.8,359,9506,3.8,354,9269,3.9,365,9379,3.3,308,9259,3.5,326,9320,3.4,307,9096,3.3,295,8948,3.6,320,8906,3.8,332,8780,3.7,330,8863,3.0,261,8832,3.5,302,8740,3.8,334,8732,-1,-1,1,-1,0,1,1,1,0,1,1,1,1,1,-1,6,9694,2024-09-27 07:00:00+00:00,2024-09-27 07:00:00+00:00,0.1,34,50,6.0,,,,,0,0,0,0,0,0,0,0,0,0,0,0,0,0,0,0,0.0,0.0,0.0,0.0,0.0,0.0,0.0
"Dawson County, Georgia","POLYGON ((-84.345553 34.562735, -84.328979 34.583438, -84.310167 34.579561, -84.302372 34.578317, -84.255328 34.568318, -84.254677 34.597496, -84.223907 34.596992, -84.196754 34.617924, -84.188557 34.602692, -84.19104 34.539181, -84.18387 34.533603, -84.143967 34.498883, -84.115358 34.473277, -84.101135 34.471272, -84.090513 34.460118, -84.050638 34.44459, -84.011549 34.429677, -83.980649 34.418389, -83.975603 34.408593, -83.984332 34.382959, -83.981433 34.357829, -83.972319 34.348396, -83.960172 34.342713, -83.957077 34.334011, -84.018542 34.334313, -84.044143 34.334349, -84.066513 34.334423, -84.114866 34.33461, -84.176378 34.334871, -84.258075 34.335156, -84.257586 34.380992, -84.25727 34.416021, -84.256875 34.465619, -84.259448 34.46734, -84.318851 34.46786, -84.345659 34.54841, -84.345553 34.562735))",13085,1,1,0,1,EM-3616-GA,DR-4830-GA,31631,12344,1681,39.03,5.31,13555,1745,42.85,5.52,5732,1394,18.12,4.41,No,19.24,5.02,51.49,15.09,4.4,41.51,0.0,0.0,0.0,33748,28704,0,12531,28,10844,278,86.5,2.2,8500,347,78.4,3.2,2344,369,21.6,3.2,65.4,0.9,386,136,3.6,1.2,158,85,1.5,0.8,840,310,7.7,2.9,8.5,2.9,5753,86,20.0,0.3,5601,66,19.5,0.2,3667,516,12.9,1.8,648,272,2.4,1.0,18598,26798,10313,531,546042252.0,69.4,5.1,127.11,2,89330,9206,2534,567,8.0,1.8,31518,2.6,411,15896,2.7,433,15969,2.8,447,16089,2.3,359,15943,2.9,463,16011,3.2,515,16066,3.1,500,16130,3.4,550,15991,2.5,407,15981,2.7,434,15927,2.9,457,15932,2.5,403,15910,2.8,443,15889,3.1,499,15892,3.1,490,16021,2.3,373,15892,2.7,437,15929,2.9,467,16029,-1,1,-1,0,0,0,1,-1,-1,-1,-1,-1,1,0,-1,820,20180,2024-09-27 03:30:00+00:00,2024-09-27 03:30:00+00:00,4.1,34,34,7.0,,,,,0,0,0,0,0,0,0,0,0,0,0,0,0,0,0,0,0.0,0.0,0.0,0.0,0.0,0.0,0.0
"Decatur County, Georgia","POLYGON ((-84.875546 30.727481, -84.859555 30.753028, -84.858671 30.763604, -84.849921 30.77219, -84.81392 30.78139, -84.80102 30.801389, -84.78682 30.801489, -84.78532 30.823589, -84.76892 30.837089, -84.769519 30.876393, -84.755917 30.88527, -84.752947 31.041212, -84.731619 31.050087, -84.730855 31.06919, -84.665455 31.068227, -84.645793 31.06801, -84.644678 31.079504, -84.542653 31.079029, -84.508967 31.078405, -84.508078 31.0784, -84.376612 31.078883, -84.376206 30.987613, -84.379031 30.816928, -84.379315 30.789974, -84.3807060980397 30.6899565548245, -84.3807324332368 30.6899573482654, -84.474519 30.692783, -84.5258897248691 30.6959430501973, -84.535155 30.696513, -84.539483 30.696765, -84.5508035833097 30.6972892123549, -84.606364 30.699862, -84.606501 30.699855, -84.644932 30.701982, -84.7251551548901 30.7056334194176, -84.836448 30.710699, -84.8634606987134 30.7115052207476, -84.864693 30.711542, -84.869877 30.721887, -84.875546 30.727481))",13087,1,1,0,1,EM-3616-GA,DR-4830-GA,28352,8105,1617,28.59,5.7,11756,1766,41.46,6.23,8491,1560,29.95,5.5,No,88.64,63.38,95.76,81.44,52.2,93.7,90.4,64.72,97.94,29391,29118,0,13106,34,10474,331,79.9,2.5,6478,384,61.8,3.5,3996,411,38.2,3.5,69.9,0.6,676,241,6.5,2.2,302,172,2.9,1.6,2434,377,23.2,3.4,23.2,3.4,7090,27,24.3,0.1,4894,50,16.8,0.2,4671,489,16.7,1.7,745,259,2.7,0.9,15510,29367,11466,626,1546842847.0,52.8,5.5,49.17,2,50452,5642,6274,1347,22.3,4.8,28097,3.7,448,12015,3.6,436,12129,3.6,439,12088,3.0,366,12156,3.6,437,12052,4.2,500,11986,4.1,491,11906,4.2,510,12042,3.4,416,12116,3.5,422,12223,3.6,426,11997,3.6,420,11798,3.6,424,11764,4.0,466,11706,3.8,449,11793,3.3,385,11754,3.6,421,11576,4.2,481,11556,-1,0,0,-1,0,1,1,0,0,1,1,1,0,1,-1,2840,20743,2024-09-27 10:30:00+00:00,2024-09-27 10:30:00+00:00,13.7,34,34,5.9,,,,,0,0,0,0,0,0,0,0,0,0,0,0,0,0,0,0,0.0,0.0,0.0,0.0,0.0,0.0,0.0
"Dodge County, Georgia","POLYGON ((-83.346528 32.272489, -83.346103 32.283818, -83.332224 32.284033, -83.286459 32.322225, -83.300777 32.338577, -83.302465 32.343866, -83.173252 32.452533, -83.138991 32.423069, -83.111429 32.372051, -83.074483 32.303218, -83.016448 32.194816, -82.990967 32.147274, -82.886964 32.197974, -82.884803 32.196072, -82.87179 32.18273, -82.927865 32.135274, -82.934566 32.153274, -82.955466 32.135274, -82.942066 32.124074, -82.965373 32.104052, -83.016784 32.059704, -83.095237 31.99413, -83.205739 31.900325, -83.215643 31.910439, -83.226437 31.935931, -83.261534 31.952076, -83.292061 31.984506, -83.284783 32.003129, -83.296923 32.011245, -83.290102 32.027444, -83.307722 32.050919, -83.295206 32.07918, -83.324333 32.095571, -83.324373 32.104015, -83.337313 32.105885, -83.319893 32.120203, -83.308926 32.125709, -83.324805 32.150367, -83.291106 32.178825, -83.373931 32.249741, -83.346528 32.272489))",13091,1,1,1,1,EM-3616-GA,DR-4830-GA,18176,5768,1034,31.73,5.69,7406,1107,40.75,6.09,5002,966,27.52,5.31,No,81.04,49.1,92.58,72.95,38.99,88.67,0.0,0.0,0.0,19630,19909,0,8584,23,6657,304,77.6,3.5,4552,347,68.4,4.2,2105,294,31.6,4.2,61.8,0.7,754,209,11.3,3.2,300,208,4.5,3.1,1388,258,20.9,3.7,22.7,4.0,3785,0,19.0,0.0,3819,56,19.2,0.3,4060,441,22.1,2.4,141,82,0.7,0.4,13705,19925,7507,372,1284554870.0,68.8,5.0,40.17,2,46462,5196,4221,804,23.5,4.5,17945,3.3,271,8109,3.5,285,8202,3.5,287,8242,2.9,233,8048,4.0,321,8053,4.4,357,8096,4.4,354,8063,4.5,361,8112,3.7,305,8171,3.5,288,8224,3.6,299,8255,3.3,271,8122,3.6,289,8128,3.7,305,8139,3.6,296,8152,2.9,236,8205,3.5,288,8193,3.7,304,8194,-1,0,0,0,0,1,-1,1,0,1,1,-1,1,1,-1,1743,8960,2024-09-29 20:30:00+00:00,2024-09-29 20:30:00+00:00,19.5,64,64,8.5,DR-4830-GA,Hurricane,4830.0,GA,753,0,3,1634,1255,1002,1130,647,102,647,187,1,1007,93,404,1,24.5,1.5,9.7,61.6,91.2,62.4,100.0
"Dooly County, Georgia","POLYGON ((-84.0276 32.171165, -84.031087 32.178854, -84.012641 32.201363, -83.989543 32.216884, -83.965121 32.248005, -83.897481 32.280977, -83.894777 32.292175, -83.88298 32.291642, -83.848379 32.29097, -83.718434 32.290162, -83.70033 32.282583, -83.615579 32.288556, -83.606397 32.288435, -83.606505 32.267506, -83.615799 32.251468, -83.606926 32.238282, -83.607786 32.184958, -83.608547 32.118405, -83.609474 32.036123, -83.609663 32.027938, -83.792026 32.029641, -83.961278 32.030595, -83.969194 32.03855, -83.97989 32.043979, -83.976969 32.062195, -83.986737 32.070687, -83.974838 32.092187, -83.99781 32.10045, -84.011951 32.119548, -84.033494 32.153078, -84.0276 32.171165))",13093,1,1,0,1,EM-3616-GA,DR-4830-GA,9213,2314,698,25.12,7.58,4910,780,53.29,8.47,1989,704,21.59,7.64,No,43.7,5.72,84.5,33.33,5.03,77.35,0.0,0.0,0.0,11186,11026,0,4796,30,3919,231,81.7,4.7,2612,258,66.6,5.7,1307,240,33.4,5.7,61.0,1.5,333,120,8.5,3.2,47,56,1.2,1.4,806,212,20.6,5.1,21.7,5.0,1753,0,15.9,0.0,2424,63,22.0,0.6,1623,278,17.9,3.1,143,66,1.4,0.6,11208,11208,4047,199,1016908643.0,100.0,4.9,28.55,3,50396,5057,2068,579,22.5,6.3,9191,4.1,153,3757,4.2,158,3770,4.2,157,3754,3.5,136,3855,4.1,159,3847,4.7,179,3820,4.7,175,3729,4.9,188,3826,3.8,145,3825,3.7,144,3942,4.1,162,3933,3.8,145,3805,4.0,147,3715,4.5,161,3595,4.2,151,3612,3.4,121,3585,4.1,144,3482,4.4,150,3432,-1,0,0,-1,1,0,-1,1,-1,1,1,-1,1,1,-1,497,8081,2024-09-27 19:30:00+00:00,2024-09-27 19:30:00+00:00,6.2,34,34,5.8,,,,,0,0,0,0,0,0,0,0,0,0,0,0,0,0,0,0,0.0,0.0,0.0,0.0,0.0,0.0,0.0
"Echols County, Georgia","POLYGON ((-83.135777 30.721966, -83.130212 30.722098, -83.135126 30.7351, -83.136236 30.775229, -83.124865 30.803655, -83.104365 30.803703, -83.103235 30.831426, -83.088099 30.831193, -83.088082 30.848658, -83.019419 30.849453, -83.011429 30.847473, -83.007118 30.85914, -82.982155 30.872249, -82.971336 30.869392, -82.846353 30.834988, -82.845909 30.827198, -82.830482 30.808776, -82.834831 30.799451, -82.830543 30.781375, -82.815963 30.7761, -82.80529 30.749835, -82.795356 30.74209, -82.766159 30.732404, -82.743934 30.733516, -82.709976 30.729234, -82.693717 30.734191, -82.674819 30.725316, -82.637361 30.717135, -82.604005 30.713676, -82.581202 30.696237, -82.586463 30.675048, -82.582778 30.658075, -82.584002138186 30.5917854612315, -82.689316 30.597711, -82.6895370493431 30.5977231320544, -82.698663 30.598224, -82.698947 30.598263, -82.877311 30.609016, -82.878831 30.609074, -82.9399180790312 30.6125808239629, -83.0557139891585 30.6192283160166, -83.0559626094486 30.6192425885535, -83.131431 30.623575, -83.1366140447318 30.623976460785, -83.135777 30.721966))",13101,1,1,1,1,EM-3616-GA,DR-4830-GA,3709,1196,322,32.25,8.68,1824,346,49.18,9.33,689,290,18.58,7.82,No,21.91,1.27,73.72,18.24,1.26,63.52,0.0,0.0,0.0,3698,3705,0,1474,128,1209,121,82.0,5.2,929,131,76.8,7.5,280,94,23.2,7.5,68.2,10.5,132,79,10.9,6.2,37,39,3.1,3.1,131,60,10.8,4.8,11.7,5.0,1034,141,27.9,3.8,468,130,12.6,3.5,362,117,9.8,3.2,400,153,11.7,4.5,3697,3697,1286,57,1088849470.0,100.0,4.4,8.79,3,50311,5757,796,192,21.6,5.2,3688,3.4,61,1789,3.3,60,1806,3.2,56,1770,2.8,52,1836,3.7,68,1833,4.1,75,1814,3.9,69,1790,3.7,69,1844,2.8,52,1869,2.9,55,1928,2.6,50,1919,2.8,52,1866,2.9,53,1828,3.1,56,1783,3.1,55,1790,2.5,44,1784,2.7,47,1713,3.3,55,1678,-1,1,-1,0,0,0,0,0,0,0,0,1,-1,0,0,670,2033,2024-09-27 04:15:00+00:00,2024-09-27 04:15:00+00:00,33.0,64,64,3.5,DR-4830-GA,Hurricane,4830.0,GA,388,0,4,744,688,523,662,537,85,535,146,1,541,79,407,1,61.5,7.0,44.3,72.7,92.9,76.1,100.0
"Effingham County, Georgia","POLYGON ((-81.538558 32.509059, -81.3892612409816 32.5953827593042, -81.380999 32.589652, -81.379216 32.589022, -81.376237 32.589217, -81.373178 32.592115, -81.37157 32.592018, -81.369757 32.591231, -81.368982 32.590025, -81.368386 32.584221, -81.366964 32.577059, -81.328753 32.561228, -81.320588 32.559534, -81.309009 32.56097, -81.300593 32.562843, -81.297955 32.563026, -81.29676 32.562648, -81.281324 32.556464, -81.2812975973478 32.556440280647, -81.279238 32.55459, -81.275213 32.545202, -81.274927 32.544158, -81.274802 32.541143, -81.276242 32.538558, -81.277131 32.535417, -81.2625722468333 32.5251582093134, -81.252882 32.51833, -81.249827 32.517541, -81.247874 32.518231, -81.24501 32.518317, -81.237095 32.517314, -81.23466 32.51627, -81.234023 32.513778, -81.234834 32.512271, -81.236707 32.511402, -81.238411 32.510192, -81.238728 32.508896, -81.238281 32.505988, -81.233585 32.498488, -81.227528 32.493884, -81.212428 32.478685, -81.200029 32.467985, -81.194829 32.465086, -81.192429 32.464786, -81.189229 32.465586, -81.188129 32.465386, -81.186829 32.464086, -81.187329 32.462886, -81.192629 32.456286, -81.197529 32.452086, -81.200908 32.451593, -81.202359 32.450448, -81.203046 32.448844, -81.203046 32.447164, -81.202206 32.445484, -81.201137 32.444033, -81.201137 32.442964, -81.201595 32.44136, -81.202588 32.439833, -81.20453 32.438687, -81.207246 32.437542, -81.20843 32.435987, -81.20513 32.423788, -81.194931 32.411489, -81.189731 32.407289, -81.180931 32.39649, -81.177231 32.39169, -81.178131 32.38459, -81.181072 32.380398, -81.1802586580644 32.3795668795168, -81.173432 32.372591, -81.169332 32.369436, -81.168722 32.367544, -81.169332 32.365591, -81.170553 32.363821, -81.170858 32.362722, -81.170126 32.361318, -81.161732 32.356092, -81.155032 32.350093, -81.154974 32.348794, -81.155136 32.34717, -81.154812 32.346412, -81.154433 32.346087, -81.154 32.345924, -81.153296 32.345816, -81.152105 32.345816, -81.150589 32.34587, -81.149073 32.346682, -81.148477 32.347549, -81.147632 32.349393, -81.144032 32.351093, -81.1439190087336 32.3510779344978, -81.142532 32.350893, -81.140932 32.349393, -81.133632 32.341293, -81.133032 32.334794, -81.137032 32.329994, -81.137633 32.328194, -81.135733 32.324594, -81.125433 32.309295, -81.123933 32.308695, -81.122933 32.307295, -81.122333 32.305395, -81.119833 32.289596, -81.119633 32.287596, -81.121433 32.284496, -81.128034 32.276297, -81.130834 32.274597, -81.136534 32.272697, -81.145834 32.263397, -81.148334 32.255098, -81.155595 32.246022, -81.156587 32.24391, -81.155995 32.241478, -81.153531 32.237687, -81.1484983815839 32.2299598580208, -81.146530388013 32.226938177361, -81.159636 32.229819, -81.195355 32.237495, -81.22427 32.216654, -81.229025 32.21329, -81.253546 32.195493, -81.266017 32.18663, -81.284699 32.173049, -81.327992 32.141731, -81.365593 32.114766, -81.36859 32.112597, -81.391698 32.095886, -81.406776 32.101931, -81.402177 32.144505, -81.413665 32.16024, -81.418601 32.196582, -81.413554 32.208047, -81.429221 32.216586, -81.43583 32.241289, -81.433128 32.244736, -81.450279 32.297416, -81.465499 32.328648, -81.487831 32.333886, -81.49089 32.351695, -81.507575 32.357792, -81.508455 32.37063, -81.520377 32.380862, -81.522035 32.379245, -81.542404 32.41716, -81.531392 32.43885, -81.536025 32.481354, -81.548006 32.489286, -81.538558 32.509059))",13103,1,1,1,1,EM-3616-GA,DR-4830-GA,71286,28814,3092,40.42,4.34,29937,3204,42.0,4.49,12535,2546,17.58,3.57,No,15.89,5.79,42.33,13.84,5.03,33.96,19.18,4.79,42.46,73148,67265,0,25256,47,23555,354,93.3,1.4,18494,599,78.5,2.3,5061,552,21.5,2.3,63.6,0.4,1248,286,5.3,1.2,291,157,1.2,0.7,1885,327,8.0,1.4,9.0,1.5,17911,37,26.6,0.1,8239,110,12.2,0.2,7772,770,11.7,1.2,875,223,1.4,0.4,48066,64769,22892,1239,1240163625.0,74.2,5.4,135.27,2,83900,6940,6032,1299,8.5,1.8,70971,2.7,958,34886,2.7,955,35141,2.7,970,35318,2.2,779,35177,2.8,1002,35175,3.3,1169,35480,3.2,1125,35320,3.5,1222,34830,2.5,862,35025,2.6,916,35131,2.5,885,35039,2.3,819,34935,2.7,938,34992,3.0,1032,34817,3.0,1038,34896,2.3,800,34699,2.7,930,34626,3.0,1051,34812,1,1,-1,1,0,0,0,0,-1,-1,-1,1,-1,-1,-1,27466,31971,2024-09-27 10:30:00+00:00,2024-09-27 10:30:00+00:00,85.9,50,50,4.4,DR-4830-GA,Hurricane,4830.0,GA,2706,0,1,5914,4154,3402,3274,1457,133,1455,211,1,3864,127,788,1,25.1,0.6,6.2,65.3,95.5,54.2,100.0
"Elbert County, Georgia","POLYGON ((-83.102487 34.17305, -83.095491 34.202488, -83.078004 34.223606, -83.018785 34.234085, -83.003469 34.231275, -82.980018 34.210066, -82.934512 34.234904, -82.915535 34.247684, -82.879244 34.256985, -82.82382 34.27062, -82.7737024263561 34.2887440302129, -82.770928 34.285402, -82.765266 34.281539, -82.762945 34.28199, -82.761995 34.281492, -82.755028 34.276067, -82.749856 34.27087, -82.746656 34.266407, -82.748656 34.264107, -82.748756 34.263407, -82.744056 34.252407, -82.744982 34.244861, -82.744834 34.242957, -82.74198 34.230196, -82.743461 34.227343, -82.744415 34.224913, -82.740447 34.219679, -82.740544 34.218387, -82.74238 34.213766, -82.7421244542381 34.2117088566164, -82.74192 34.210063, -82.732761 34.195338, -82.731975 34.193154, -82.732359 34.180564, -82.731881 34.178363, -82.730824 34.175906, -82.725409 34.169774, -82.723312 34.165895, -82.7211539570055 34.1601733049563, -82.717507 34.150504, -82.715373 34.148165, -82.70414 34.141007, -82.699758 34.139318, -82.69553 34.138815, -82.692152 34.138986, -82.690386 34.138293, -82.68629 34.134454, -82.67732 34.131657, -82.67522 34.129779, -82.668113 34.12016, -82.666879 34.113591, -82.661851 34.107754, -82.660322 34.106897, -82.659077 34.103544, -82.658561 34.103118, -82.654019 34.100346, -82.652175 34.099704, -82.648184 34.098649, -82.647028 34.097825, -82.641553 34.092212, -82.64103 34.090861, -82.641252 34.088914, -82.640701 34.088341, -82.640151 34.087609, -82.640345 34.086304, -82.642797 34.081312, -82.64522 34.079046, -82.6455437299794 34.0768437552419, -82.645661 34.076046, -82.64398 34.072237, -82.640543 34.067595, -82.635991 34.064941, -82.633565 34.064822, -82.630972 34.065528, -82.626963 34.063457, -82.622155 34.058516, -82.621255 34.056916, -82.620955 34.054416, -82.619155 34.051316, -82.613355 34.046816, -82.609655 34.039917, -82.603055 34.034817, -82.596155 34.030517, -82.594555 34.028717, -82.594055 34.025917, -82.595855 34.018518, -82.595655 34.016118, -82.5944878368938 34.0139372478806, -82.591855 34.009018, -82.589245 34.000118, -82.586234 33.997151, -82.583394 33.995286, -82.577735 33.993743, -82.576222 33.993106, -82.57554 33.992049, -82.575351 33.990904, -82.57633 33.989694, -82.578244 33.988671, -82.579996 33.987011, -82.580571 33.98514, -82.580551 33.982463, -82.579576 33.979761, -82.57754 33.977034, -82.574724 33.974113, -82.569864 33.970684, -82.568288 33.968772, -82.566145 33.9639, -82.5657 33.958682, -82.564582 33.95581, -82.5645307378126 33.9557408056418, -82.602844 33.979782, -82.624992 33.982319, -82.639742 33.973018, -82.645451 33.984195, -82.654876 33.991265, -82.701658 33.981346, -82.718719 33.984776, -82.753566 33.972253, -82.770939 33.972636, -82.779506 33.971124, -82.824594 33.984381, -82.863434 33.983002, -82.885671 34.000077, -82.927483 34.00742, -82.943497 34.027843, -82.976294 34.043219, -82.991458 34.065054, -83.036163 34.098511, -83.03104 34.113309, -83.04792 34.12109, -83.067528 34.154804, -83.097416 34.163914, -83.102487 34.17305))",13105,1,1,1,1,EM-3616-GA,DR-4830-GA,19978,5746,1101,28.76,5.51,8616,1190,43.13,5.96,5616,1045,28.11,5.23,No,82.98,53.75,93.34,76.09,43.39,89.93,0.0,0.0,0.0,20152,19725,0,9370,30,8245,252,88.0,2.7,5655,351,68.6,3.7,2590,311,31.4,3.7,76.1,1.0,851,244,10.3,2.9,83,55,1.0,0.7,1295,258,15.7,3.1,16.6,3.3,4336,33,22.0,0.2,4185,71,21.2,0.4,3744,405,19.2,2.1,611,225,3.3,1.2,13937,19637,8016,414,909352140.0,71.0,5.2,55.93,2,50367,5977,3558,799,18.0,4.0,19748,4.0,357,8862,3.8,340,8893,3.6,325,8916,3.3,289,8883,3.7,331,8936,4.2,382,9039,5.1,465,9041,4.3,381,8924,3.5,308,8859,3.9,345,8885,4.0,357,8830,3.7,321,8694,4.0,354,8771,4.1,361,8717,3.9,344,8740,4.3,383,8808,3.6,310,8680,3.9,335,8681,0,0,0,-1,0,1,1,1,-1,1,1,0,1,1,-1,7679,11226,2024-09-27 18:15:00+00:00,2024-09-27 18:15:00+00:00,68.4,50,50,7.4,DR-4830-GA,Hurricane,4830.0,GA,521,0,0,1162,763,620,684,363,35,362,69,0,663,33,204,0,14.1,0.4,4.4,57.1,94.3,56.4,0.0
"Emanuel County, Georgia","POLYGON ((-82.623056 32.521566, -82.602955 32.521467, -82.602563 32.509473, -82.597855 32.532866, -82.585322 32.52523, -82.564378 32.53249, -82.589764 32.556133, -82.594439 32.579158, -82.512002 32.625163, -82.517717 32.633677, -82.498921 32.642733, -82.492924 32.634046, -82.463854 32.647236, -82.490315 32.662035, -82.499431 32.68634, -82.452189 32.729699, -82.434149 32.762258, -82.398331 32.777445, -82.41858 32.811315, -82.361637 32.816394, -82.35482 32.827281, -82.320435 32.840033, -82.316512 32.835772, -82.30083 32.826763, -82.256299 32.823988, -82.214168 32.803711, -82.157638 32.816023, -82.144977 32.812741, -82.102344 32.711357, -82.082871 32.663324, -82.001236 32.60691, -82.026842 32.555163, -82.030233 32.53877, -82.079842 32.560063, -82.148338 32.520429, -82.181145 32.474066, -82.183637 32.459231, -82.187944 32.433571, -82.254526 32.351498, -82.241993 32.347202, -82.232788 32.318838, -82.279845 32.294182, -82.302764 32.293673, -82.354603 32.292475, -82.356378 32.313494, -82.378936 32.336902, -82.391679 32.335276, -82.409118 32.35383, -82.411201 32.365251, -82.396564 32.386961, -82.394316 32.411516, -82.38194 32.440596, -82.405082 32.453462, -82.482798 32.49212, -82.490524 32.496273, -82.517486 32.499592, -82.534524 32.497158, -82.563046 32.505708, -82.618649 32.504966, -82.647733 32.512507, -82.623056 32.521566))",13107,1,1,1,1,EM-3616-GA,DR-4830-GA,21926,6491,1098,29.6,5.01,9581,1180,43.7,5.38,5854,1025,26.7,4.67,No,77.04,48.15,89.84,64.77,38.36,84.9,0.0,0.0,0.0,23224,22961,0,9990,24,8267,306,82.8,3.1,4944,336,59.8,3.6,3323,331,40.2,3.6,69.9,0.5,558,156,6.7,1.9,200,130,2.4,1.6,2214,332,26.8,3.9,27.1,3.9,5750,24,25.0,0.1,3698,29,16.1,0.1,4540,489,20.6,2.2,443,116,2.1,0.5,15517,22768,8644,472,1762679432.0,68.2,5.5,33.45,2,46017,5074,5657,1048,26.1,4.8,21649,4.6,451,9732,3.9,380,9759,4.0,385,9706,4.0,394,9797,4.2,414,9776,5.4,526,9761,5.0,486,9665,5.2,507,9689,4.4,437,9858,5.1,499,9855,4.2,420,9951,4.5,457,10107,4.1,405,9908,4.4,429,9806,4.2,415,9884,3.6,353,9754,4.0,387,9627,5.0,482,9604,-1,-1,1,-1,0,1,1,0,0,1,1,1,-1,1,-1,13774,12649,2024-09-30 15:00:00+00:00,2024-09-30 15:00:00+00:00,100.0,50,50,7.7,DR-4830-GA,Hurricane,4830.0,GA,4151,0,12,7045,6305,4494,6042,4791,531,4787,991,5,4376,475,3123,5,85.2,6.4,57.9,62.1,89.5,65.2,100.0
"Evans County, Georgia","POLYGON ((-82.025339 32.278883, -81.999843 32.276189, -81.969555 32.269309, -81.969069 32.268783, -81.953213 32.266832, -81.892725 32.274783, -81.857389 32.257391, -81.841651 32.240921, -81.81628 32.23747, -81.8047 32.220039, -81.778471 32.162295, -81.780858 32.15289, -81.77729 32.131939, -81.76334 32.11762, -81.75634 32.104584, -81.741043 32.1045, -81.718658 32.089351, -81.761735 32.0479, -81.889118 32.050438, -81.90995 32.056939, -81.97979 32.081412, -82.003682 32.18365, -82.003931 32.184685, -82.025339 32.278883))",13109,1,1,1,1,EM-3616-GA,DR-4830-GA,10143,2612,711,25.75,7.01,4697,770,46.31,7.59,2834,666,27.94,6.57,No,82.37,43.44,94.84,74.84,34.59,91.81,0.0,0.0,0.0,10869,10740,0,4676,20,3876,196,82.9,4.2,2482,195,64.0,4.4,1394,196,36.0,4.4,74.9,3.0,193,98,5.0,2.5,137,93,3.5,2.4,679,147,17.5,3.7,18.5,4.0,2755,25,25.7,0.2,1846,109,17.2,1.0,1645,236,16.2,2.3,614,271,6.0,2.7,10774,10774,4099,193,473690212.0,100.0,4.7,58.91,3,50831,2340,2399,519,23.7,5.1,10112,3.1,146,4749,3.2,153,4826,3.3,154,4695,2.6,124,4785,3.5,169,4821,3.8,180,4772,3.8,180,4704,3.9,190,4881,2.8,139,4952,2.7,138,5069,2.8,141,5070,2.5,128,5024,3.0,152,4985,3.4,165,4904,3.1,151,4866,2.7,128,4793,3.2,151,4682,3.7,172,4627,-1,0,0,-1,0,1,1,0,0,1,1,1,0,1,0,6470,7031,2024-09-27 11:00:00+00:00,2024-09-27 11:00:00+00:00,92.0,50,50,2.4,DR-4830-GA,Hurricane,4830.0,GA,1457,0,1,2522,2196,1380,2076,1621,143,1618,229,1,1454,127,971,1,65.1,3.7,41.7,57.7,88.8,60.0,100.0
"Franklin County, Georgia","POLYGON ((-83.398049 34.460998, -83.373054 34.470216, -83.27054 34.473518, -83.252653 34.474039, -83.224638 34.475418, -83.177838 34.477017, -83.160419 34.491431, -83.119713 34.523868, -83.1035628109401 34.5366302194271, -83.103176 34.533406, -83.102179 34.532179, -83.096858 34.531524, -83.092564 34.532944, -83.087789 34.532078, -83.084855 34.530967, -83.078113 34.524837, -83.077995 34.523746, -83.086861 34.517798, -83.087189 34.515939, -83.069451 34.502131, -83.065515 34.501126, -83.057843 34.503711, -83.054463 34.50289, -83.0494672080646 34.495092874783, -83.052903 34.4917, -83.063738 34.471852, -83.094093 34.416073, -83.101874 34.373872, -83.107063 34.344669, -83.096169 34.338131, -83.101279 34.307132, -83.105934 34.278912, -83.11336 34.27353, -83.166252 34.242336, -83.202827 34.248337, -83.236679 34.248142, -83.250426 34.243458, -83.286491 34.253311, -83.297584 34.264572, -83.329048 34.248367, -83.355269 34.22374, -83.337902 34.261277, -83.376939 34.305785, -83.393915 34.324801, -83.393689 34.32634, -83.379711 34.410688, -83.381496 34.420072, -83.38223 34.428591, -83.398049 34.460998))",13119,1,1,0,1,EM-3616-GA,DR-4830-GA,24142,7196,1225,29.81,5.07,10819,1283,44.81,5.31,6127,1059,25.38,4.39,No,70.4,41.22,85.87,54.08,32.7,79.87,0.0,0.0,0.0,25208,23840,0,10767,30,8774,253,81.5,2.3,6678,298,76.1,3.3,2096,309,23.9,3.3,68.9,1.3,470,123,5.4,1.4,186,81,2.1,0.9,1286,218,14.7,2.4,15.9,2.3,5288,93,22.2,0.4,4439,87,18.6,0.4,4082,428,17.3,1.8,776,206,3.4,0.9,23424,23424,8951,483,676873326.0,100.0,5.4,89.63,3,53221,4848,4050,764,16.9,3.2,23975,3.8,380,10074,3.6,365,10186,3.8,384,10189,3.0,301,10113,3.8,388,10265,4.7,477,10236,4.4,443,10153,4.4,450,10193,3.3,342,10289,3.6,369,10388,3.5,370,10496,3.3,329,10104,3.4,352,10212,3.7,378,10149,3.7,380,10223,2.8,282,10108,3.3,332,10005,3.8,373,9787,-1,1,-1,-1,0,1,1,0,0,1,1,0,1,1,-1,6227,18577,2024-09-27 16:15:00+00:00,2024-09-27 16:15:00+00:00,33.5,34,50,7.4,,,,,0,0,0,0,0,0,0,0,0,0,0,0,0,0,0,0,0.0,0.0,0.0,0.0,0.0,0.0,0.0
"Fulton County, Georgia","POLYGON ((-84.850713 33.511457, -84.815869 33.520249, -84.832336 33.545267, -84.808934 33.574085, -84.805655 33.58642, -84.783292 33.603572, -84.763097 33.614211, -84.752735 33.63021, -84.741775 33.623763, -84.735712 33.624613, -84.730034 33.63651, -84.677133 33.655409, -84.673941 33.656473, -84.661433 33.657009, -84.652733 33.683609, -84.630117 33.693116, -84.632649 33.699286, -84.605188 33.717094, -84.585432 33.730507, -84.582567 33.737366, -84.578132 33.743507, -84.573432 33.745507, -84.552633 33.762406, -84.539598 33.76979, -84.533546 33.779122, -84.529131 33.783306, -84.507911 33.795532, -84.495126 33.808542, -84.488964 33.81282, -84.480134 33.817319, -84.469426 33.826889, -84.463293 33.827113, -84.457881 33.824578, -84.455876 33.82577, -84.455493 33.826808, -84.460184 33.842184, -84.454229 33.858904, -84.453909 33.86764, -84.447173 33.874757, -84.443087 33.879216, -84.441416 33.890151, -84.442708 33.901543, -84.44648 33.911938, -84.436316 33.922911, -84.430073 33.925095, -84.418155 33.931762, -84.405177 33.943734, -84.401272 33.947843, -84.395486 33.952938, -84.383389 33.963253, -84.383058 33.966921, -84.377969 33.973688, -84.374944 33.987147, -84.383329 33.992804, -84.38644 33.992714, -84.394352 34.002654, -84.394448 34.002774, -84.400068 34.014891, -84.401325 34.025795, -84.402385 34.035249, -84.419134 34.055166, -84.419028 34.061374, -84.418927 34.070347, -84.418927 34.073298, -84.418534 34.094259, -84.418625 34.096569, -84.418428 34.109043, -84.399541 34.109666, -84.38832 34.118239, -84.379295 34.118763, -84.362678 34.123527, -84.361332 34.137024, -84.352302 34.176717, -84.337067 34.178982, -84.328523 34.18603, -84.299667 34.186191, -84.272791 34.186128, -84.259019 34.185918, -84.259019 34.178378, -84.258899 34.154855, -84.258887 34.136593, -84.258942 34.127222, -84.258946 34.109523, -84.254092 34.104294, -84.244586 34.102741, -84.235405 34.101346, -84.230841 34.096725, -84.213755 34.099143, -84.209823 34.094219, -84.205969 34.090679, -84.205837 34.090603, -84.189388 34.085467, -84.178344 34.070402, -84.168078 34.068029, -84.153605 34.059869, -84.143617 34.055374, -84.133512 34.057089, -84.115503 34.051063, -84.097693 34.050708, -84.107489 34.045062, -84.12134 34.03443, -84.141098 34.030005, -84.157127 34.032426, -84.168106 34.028814, -84.174005 34.022881, -84.179832 34.008, -84.18073 33.999363, -84.191703 33.991452, -84.204534 33.990212, -84.202101 33.997161, -84.212489 34.003785, -84.224109 34.003927, -84.232458 34.002053, -84.248316 33.998262, -84.254669 33.9861, -84.262276 33.987405, -84.262849 33.973676, -84.262654 33.973401, -84.258089 33.968184, -84.264729 33.965159, -84.271174 33.959803, -84.277093 33.957614, -84.282253 33.956209, -84.299824 33.959343, -84.302502 33.960065, -84.316562 33.966046, -84.317877 33.966574, -84.337335 33.97088, -84.33879 33.969377, -84.346081 33.966131, -84.347412 33.968109, -84.347825 33.950058, -84.347823 33.938017, -84.347913 33.915004, -84.348225 33.902716, -84.348315 33.890903, -84.348089 33.88209, -84.348242 33.865209, -84.348314 33.862146, -84.348298 33.857486, -84.348279 33.854238, -84.348384 33.852541, -84.34846 33.839732, -84.348468 33.826353, -84.348483 33.825403, -84.348506 33.825117, -84.348225 33.809004, -84.348327 33.806353, -84.348153 33.804625, -84.34843 33.790519, -84.348656 33.782966, -84.348738 33.77975, -84.348825 33.776315, -84.348982 33.771081, -84.349152 33.76546, -84.349182 33.759919, -84.34918 33.759739, -84.349197 33.747621, -84.349434 33.723992, -84.349438 33.722239, -84.34948 33.71765, -84.349511 33.709266, -84.349414 33.680346, -84.350148 33.647946, -84.365448 33.648125, -84.379988 33.64832, -84.397398 33.648296, -84.404934 33.648511, -84.445768 33.648807, -84.452928 33.644107, -84.457726 33.648866, -84.458053 33.629241, -84.458047 33.618884, -84.458077 33.616176, -84.458169 33.599933, -84.45821 33.594377, -84.458339 33.586372, -84.458927 33.565411, -84.458924 33.559759, -84.458665 33.550933, -84.464541 33.549777, -84.523742 33.536481, -84.531344 33.534487, -84.556857 33.528405, -84.576016 33.523369, -84.595136 33.518214, -84.606768 33.509739, -84.60954 33.502511, -84.621031 33.510713, -84.631833 33.511094, -84.667648 33.51171, -84.670726 33.511148, -84.674888 33.511029, -84.692893 33.511406, -84.730537 33.51079, -84.837018 33.511397, -84.850713 33.511457))",13121,1,1,1,1,EM-3616-GA,DR-4830-GA,1053395,440640,30735,41.83,2.92,431839,31762,40.99,3.02,180916,24522,17.17,2.33,No,13.61,7.92,31.1,11.95,6.92,25.78,0.0,0.0,0.0,1090354,1068507,0,500404,282,457791,1671,91.5,0.3,247837,3136,54.1,0.7,209954,3121,45.9,0.7,50.3,0.1,19732,1341,4.3,0.3,8105,1037,1.8,0.2,54817,2426,12.0,0.5,12.9,0.6,225602,171,21.1,0.1,132189,23,12.4,0.1,108034,3452,10.2,0.3,48882,2547,4.8,0.3,6745,1066710,448577,16994,1364484194.0,0.6,3.8,2024.77,1,94510,3086,136621,13422,13.0,1.3,1047709,3.4,20529,597594,3.5,21059,599957,3.5,20839,603325,3.2,19149,599646,3.6,21523,600681,4.0,23948,603243,3.9,23630,605564,4.1,24364,599395,3.6,21667,601702,3.7,22245,599546,3.7,22081,598881,3.6,21541,599608,3.6,21394,597045,3.8,22467,596096,3.7,22254,600792,3.3,19429,597388,3.4,20293,597102,3.7,22089,601468,1,-1,1,1,-1,-1,-1,-1,-1,0,0,-1,-1,-1,-1,33676,523879,2024-09-27 14:15:00+00:00,2024-09-27 14:15:00+00:00,6.4,34,34,8.0,DR-4830-GA,Hurricane,4830.0,GA,3733,0,1,10096,9064,7647,8393,3993,457,3976,812,0,2134,344,1063,0,2.2,0.1,0.9,21.1,75.3,26.7,0.0
"Gilmer County, Georgia","POLYGON ((-84.657098 34.728905, -84.638989 34.75443, -84.641463 34.777402, -84.627348 34.784728, -84.607678 34.796217, -84.582195 34.824592, -84.618637 34.855398, -84.426315 34.85493, -84.422593 34.857456, -84.417333 34.849815, -84.357365 34.825861, -84.343661 34.824781, -84.31081 34.801575, -84.252167 34.718161, -84.252292 34.66461, -84.242624 34.670908, -84.226471 34.653878, -84.193887 34.638834, -84.196754 34.617924, -84.223907 34.596992, -84.254677 34.597496, -84.255328 34.568318, -84.302372 34.578317, -84.310167 34.579561, -84.328979 34.583438, -84.345553 34.562735, -84.371496 34.562912, -84.371352 34.548495, -84.437226 34.54935, -84.467863 34.549967, -84.467989 34.563488, -84.476727 34.550128, -84.520379 34.556675, -84.52139 34.550463, -84.619301 34.549361, -84.654366 34.548946, -84.654522 34.582897, -84.654523 34.583187, -84.654456 34.607922, -84.654785 34.665589, -84.657098 34.728905))",13123,1,1,0,1,EM-3616-GA,DR-4830-GA,32784,9164,1631,27.95,4.97,14836,1772,45.25,5.41,8784,1545,26.79,4.71,No,77.41,48.28,90.19,66.03,38.36,85.53,0.0,0.0,0.0,33327,31976,0,18159,33,12612,459,69.5,2.5,10184,386,80.7,2.1,2428,309,19.3,2.1,81.6,1.3,864,221,6.9,1.8,160,87,1.3,0.7,1165,251,9.2,2.0,9.5,2.1,5944,78,18.6,0.2,8427,103,26.4,0.3,6079,632,19.1,2.0,767,231,2.5,0.8,24615,31353,12832,537,1103804462.0,78.5,4.2,73.57,2,62317,6212,4439,936,13.6,2.9,32555,2.8,402,14554,2.9,431,14794,3.0,457,15076,2.3,349,14952,2.9,445,15157,3.3,508,15330,3.2,491,15180,3.8,570,14947,2.7,401,15080,2.9,434,15224,3.0,452,15057,2.7,407,15025,3.1,465,15036,3.7,552,15101,3.4,528,15320,2.8,436,15389,3.0,456,15326,3.0,470,15413,-1,1,-1,-1,0,1,1,0,-1,-1,-1,-1,1,1,-1,3315,17887,2024-09-27 18:30:00+00:00,2024-09-27 18:30:00+00:00,18.5,34,34,5.3,,,,,0,0,0,0,0,0,0,0,0,0,0,0,0,0,0,0,0.0,0.0,0.0,0.0,0.0,0.0,0.0
"Glascock County, Georgia","POLYGON ((-82.755846 33.25344, -82.732751 33.256489, -82.702577 33.272883, -82.678406 33.274248, -82.645593 33.301448, -82.625519 33.30798, -82.591698 33.320985, -82.559753 33.32727, -82.431957 33.27483, -82.47443 33.247453, -82.584942 33.171453, -82.576324 33.158352, -82.578816 33.11984, -82.590499 33.123801, -82.661917 33.126331, -82.661602 33.129117, -82.708713 33.15204, -82.719041 33.17005, -82.739483 33.174368, -82.733438 33.208123, -82.748311 33.238348, -82.746191 33.246105, -82.755846 33.25344))",13125,1,1,1,1,EM-3616-GA,DR-4830-GA,2954,699,345,23.66,11.68,1462,358,49.49,12.12,793,298,26.84,10.09,No,77.7,15.74,96.91,66.66,13.84,94.96,0.0,0.0,0.0,3008,2913,0,1412,10,1042,89,73.8,6.3,773,90,74.2,7.0,269,81,25.8,7.0,65.9,3.4,70,37,6.7,3.5,26,20,2.5,1.9,154,69,14.8,6.4,16.4,6.4,626,0,21.5,0.0,531,37,18.2,1.3,525,166,18.5,5.9,0,14,0.0,1.7,2884,2884,1151,45,372299252.0,100.0,3.9,20.06,3,54862,7170,453,107,15.7,3.7,2891,3.1,45,1430,3.0,43,1433,2.8,41,1456,2.2,31,1435,2.8,40,1426,3.2,46,1417,3.0,43,1411,3.9,55,1420,2.7,39,1420,4.6,67,1445,2.9,41,1415,2.5,35,1425,3.1,44,1441,3.6,52,1432,3.0,43,1436,2.2,32,1442,3.0,43,1430,3.2,46,1438,-1,1,-1,0,0,0,0,0,0,0,0,-1,1,0,-1,1813,2355,2024-09-27 18:30:00+00:00,2024-09-27 18:30:00+00:00,77.0,50,50,9.1,DR-4830-GA,Hurricane,4830.0,GA,597,0,0,886,761,422,733,594,30,594,47,0,638,28,456,0,85.0,2.9,57.0,72.0,93.3,76.8,0.0
"Glynn County, Georgia","POLYGON ((-81.766872 31.201481, -81.760536 31.231697, -81.747198 31.281461, -81.732667 31.301345, -81.731694 31.330048, -81.725235 31.327206, -81.698134 31.367879, -81.704826 31.374873, -81.691977 31.400545, -81.661792 31.404302, -81.625987 31.453019, -81.62429 31.452982, -81.606986 31.439697, -81.605131 31.426895, -81.58673 31.414957, -81.577575 31.399429, -81.551437 31.378115, -81.535903 31.3764, -81.534255 31.367805, -81.505546 31.35561, -81.481078 31.335972, -81.46791 31.338457, -81.447723 31.32809, -81.435035 31.329306, -81.435874 31.313263, -81.403465 31.307669, -81.407752 31.290956, -81.401534 31.295182, -81.382995 31.317108, -81.368804 31.318703, -81.319122 31.309172, -81.298232 31.292456, -81.2699059255329 31.2944889357972, -81.274688 31.289454, -81.276862 31.254734, -81.282842 31.24433, -81.289136 31.225487, -81.2885746909123 31.2144430714016, -81.288403 31.211065, -81.293359 31.206332, -81.304957 31.206173, -81.314183 31.207938, -81.339028 31.186918, -81.3479086475676 31.1758737730162, -81.35488 31.167204, -81.360791 31.155903, -81.359349 31.149166, -81.3602698887054 31.1478577829367, -81.368241 31.136534, -81.38683 31.133214, -81.3993131107354 31.1340875359657, -81.399677 31.134113, -81.4007780590796 31.130139355616, -81.402096 31.125383, -81.403732 31.107115, -81.401209 31.086143, -81.401267 31.072781, -81.415123 31.026718, -81.420474 31.016703, -81.424732 31.013678, -81.432475 31.012991, -81.43471 31.014641, -81.434923 31.017804, -81.4431497861428 31.0166641710864, -81.44493 31.028994, -81.456893 31.037197, -81.486297 31.034595, -81.492454 31.054476, -81.526565 31.063194, -81.539764 31.083776, -81.556716 31.080807, -81.572692 31.097269, -81.564086 31.105499, -81.5579 31.124427, -81.564124 31.130751, -81.577316 31.117235, -81.587721 31.118078, -81.631624 31.108117, -81.66526 31.125088, -81.686225 31.122419, -81.724194 31.149594, -81.764128 31.154505, -81.766241 31.16965, -81.781828 31.165806, -81.766872 31.201481))",13127,1,1,1,1,EM-3616-GA,DR-4830-GA,85698,24257,3580,28.31,4.18,39062,3848,45.58,4.49,22379,3320,26.11,3.87,Yes,73.97,49.68,86.51,58.48,39.62,80.5,74.31,50.0,89.03,86540,84987,0,42928,45,34625,774,80.7,1.8,23214,723,67.0,1.8,11411,730,33.0,1.8,76.5,0.6,2304,452,6.7,1.3,733,304,2.1,0.9,4640,593,13.4,1.6,14.6,1.8,17909,23,21.1,0.1,18923,154,22.3,0.2,11069,929,13.2,1.1,2524,416,3.1,0.5,15749,84499,34339,1531,1086818208.0,18.6,4.5,201.37,1,70067,6316,13245,2226,15.7,2.6,84138,2.8,1180,41483,2.9,1226,41836,3.0,1254,42300,2.5,1037,42214,3.0,1264,42496,3.3,1433,42995,3.2,1388,43062,3.6,1535,42635,2.8,1198,42595,3.0,1261,42316,3.0,1281,42235,2.8,1174,41937,3.0,1254,41986,3.2,1351,41949,3.3,1378,42276,2.5,1073,42283,2.9,1225,42774,3.1,1342,43124,-1,1,-1,-1,0,1,1,1,0,0,0,-1,1,0,-1,44591,50522,2024-09-27 16:00:00+00:00,2024-09-27 16:00:00+00:00,88.3,50,50,1.6,DR-4830-GA,Hurricane,4830.0,GA,2875,0,1,6119,4000,3169,3274,1611,162,1611,304,1,2658,146,654,1,17.7,0.5,4.7,43.4,90.1,40.6,100.0
"Grady County, Georgia","POLYGON ((-84.379315 30.789974, -84.379031 30.816928, -84.376206 30.987613, -84.376612 31.078883, -84.159644 31.078414, -84.127779 31.078033, -84.116644 31.077971, -84.119011 31.006933, -84.119058 30.980956, -84.116599 30.975337, -84.118846 30.970988, -84.096887 30.935178, -84.076964 30.91557, -84.07987 30.874007, -84.072944 30.865634, -84.082524 30.85382, -84.08073 30.832716, -84.0837570571655 30.6758026344935, -84.107796 30.676809, -84.124993 30.678037, -84.155210353116 30.6795112589466, -84.250002 30.684136, -84.2541182528783 30.6842820559212, -84.281313 30.685247, -84.2825636638089 30.6853075717496, -84.375012 30.689785, -84.3807060980397 30.6899565548245, -84.379315 30.789974))",13131,1,1,0,1,EM-3616-GA,DR-4830-GA,25968,7008,1364,26.99,5.25,12330,1494,47.48,5.75,6630,1309,25.53,5.04,No,71.27,37.85,88.03,55.34,30.19,82.38,70.88,38.01,90.74,26271,26056,0,11601,49,10073,327,86.8,2.8,6453,420,64.1,3.7,3620,390,35.9,3.7,77.0,1.6,841,185,8.3,1.8,152,80,1.5,0.8,2155,323,21.4,3.2,22.1,3.3,6451,21,24.8,0.1,4885,138,18.7,0.5,4926,572,19.0,2.2,1396,278,5.7,1.1,15890,26236,10316,517,1177052070.0,60.6,5.0,57.73,2,52456,4527,5110,1046,19.7,4.0,25878,3.2,374,11528,3.1,362,11652,3.2,373,11528,2.7,314,11550,3.4,388,11506,3.9,451,11519,3.8,433,11443,3.9,453,11572,2.9,342,11614,3.2,383,11812,3.0,359,11800,3.0,344,11661,3.2,378,11725,3.6,415,11604,3.5,411,11626,2.8,321,11521,3.2,358,11334,3.6,409,11211,0,0,0,-1,0,1,1,1,-1,1,1,1,1,1,-1,5197,13714,2024-09-27 08:30:00+00:00,2024-09-27 08:30:00+00:00,37.9,50,50,6.5,,,,,0,0,0,0,0,0,0,0,0,0,0,0,0,0,0,0,0.0,0.0,0.0,0.0,0.0,0.0,0.0
"Greene County, Georgia","POLYGON ((-83.406189 33.698307, -83.29145 33.734315, -83.297394 33.739059, -83.28034 33.761774, -83.118729 33.698818, -83.048171 33.714108, -83.007881 33.689869, -82.995602 33.693583, -82.963678 33.676761, -82.950723 33.660802, -82.970512 33.641727, -82.980102 33.614716, -82.987724 33.628941, -83.00161 33.620243, -82.989899 33.603279, -83.010873 33.585597, -83.014038 33.580383, -82.986995 33.517957, -82.985588 33.489841, -83.012853 33.469178, -83.164207 33.35503, -83.169968 33.370674, -83.178101 33.380268, -83.197899 33.395321, -83.224098 33.379925, -83.212662 33.400394, -83.244186 33.399234, -83.239708 33.418373, -83.261699 33.443242, -83.256966 33.455315, -83.274864 33.464115, -83.279931 33.483438, -83.280891 33.522087, -83.269644 33.534392, -83.278351 33.544552, -83.286591 33.542675, -83.310847 33.562981, -83.338028 33.597427, -83.348969 33.597443, -83.347923 33.608849, -83.359596 33.622688, -83.359764 33.625775, -83.369395 33.654137, -83.379566 33.66058, -83.394913 33.690514, -83.406189 33.698307))",13133,1,1,0,1,EM-3616-GA,DR-4830-GA,20722,5636,1009,27.2,4.87,9602,1149,46.34,5.54,5484,1053,26.46,5.08,No,75.79,43.89,90.23,62.26,35.22,85.53,0.0,0.0,0.0,21091,19586,0,10503,26,7846,294,74.7,2.8,6209,300,79.1,3.5,1637,300,20.9,3.5,92.5,1.5,443,170,5.6,2.2,40,35,0.5,0.4,527,144,6.7,1.8,7.0,1.8,3462,36,17.7,0.2,5952,68,30.4,0.3,2638,336,13.6,1.7,287,149,1.5,0.8,18915,18915,7874,328,1003664492.0,100.0,4.2,48.81,3,79890,8486,2899,654,14.1,3.2,20605,3.8,291,7679,4.1,318,7814,4.0,315,7878,3.4,271,7914,3.9,313,8049,4.2,343,8113,4.1,330,8095,4.4,355,8047,3.5,284,8095,3.6,290,7975,3.9,303,7869,3.7,286,7827,4.2,330,7863,4.9,382,7849,4.8,376,7901,3.8,300,7969,4.0,321,7988,4.0,323,8053,-1,1,-1,-1,0,1,1,0,-1,-1,-1,-1,1,0,-1,5090,17358,2024-09-27 13:45:00+00:00,2024-09-27 13:45:00+00:00,29.3,50,50,7.7,,,,,0,0,0,0,0,0,0,0,0,0,0,0,0,0,0,0,0.0,0.0,0.0,0.0,0.0,0.0,0.0
"Habersham County, Georgia","POLYGON ((-83.666366 34.807046, -83.652194 34.822993, -83.613084 34.822015, -83.601566 34.826615, -83.586897 34.819991, -83.576248 34.795494, -83.556641 34.785057, -83.56221 34.781101, -83.548988 34.749451, -83.512788 34.731683, -83.503487 34.734291, -83.47893 34.72394, -83.431221 34.747345, -83.403662 34.728921, -83.390422 34.735645, -83.386229 34.736192, -83.3524926405687 34.7161214082301, -83.352485 34.715993, -83.351392 34.714456, -83.350976 34.713243, -83.349788 34.708274, -83.347718 34.705474, -83.347831 34.703669, -83.349636 34.70096, -83.349975 34.699155, -83.349411 34.697575, -83.347831 34.696108, -83.344671 34.693512, -83.342414 34.691255, -83.340383 34.688998, -83.339367 34.686967, -83.339334815182 34.686666100518, -83.365044 34.675308, -83.387005 34.631038, -83.414662 34.574034, -83.421954 34.558965, -83.45843 34.483933, -83.461419 34.481611, -83.518385 34.489406, -83.537538 34.491725, -83.552438 34.485839, -83.585365 34.453029, -83.6074 34.444008, -83.615218 34.431712, -83.638541 34.464163, -83.666398 34.503596, -83.666415 34.503602, -83.666969 34.507565, -83.655569 34.517985, -83.616745 34.541389, -83.616427 34.547307, -83.615517 34.553085, -83.63884 34.580029, -83.645706 34.604998, -83.638243 34.62238, -83.662872 34.659435, -83.656143 34.662251, -83.648236 34.667813, -83.645195 34.669235, -83.639223 34.711432, -83.623296 34.732194, -83.628295 34.763394, -83.681596 34.800882, -83.666366 34.807046))",13137,1,1,0,1,EM-3616-GA,DR-4830-GA,46347,13704,1937,29.57,4.18,23015,2078,49.66,4.48,9628,1760,20.77,3.8,No,37.97,16.47,64.08,28.3,14.46,53.45,0.0,0.0,0.0,49665,46948,0,18774,43,16048,345,85.5,1.8,11985,467,74.7,2.5,4063,424,25.3,2.5,69.3,0.6,924,203,5.8,1.3,286,112,1.8,0.7,1947,322,12.1,2.0,13.2,2.1,10287,0,21.9,0.0,8931,99,19.0,0.2,7340,545,16.2,1.2,2722,398,6.1,0.9,27312,46031,16408,861,717081397.0,59.3,5.2,166.26,2,71753,5952,6221,1164,13.5,2.5,45927,3.4,719,21298,3.5,753,21645,3.1,673,21858,2.6,556,21715,3.1,685,21875,3.7,821,21946,3.6,795,22006,3.7,826,22162,2.8,624,22391,3.0,669,22523,3.0,665,22501,2.8,613,22188,3.1,681,22108,3.2,720,22243,3.2,730,22486,2.5,566,22439,2.8,631,22301,3.3,731,22180,-1,1,-1,-1,1,0,1,0,-1,0,0,-1,1,1,-1,13705,28141,2024-09-27 11:45:00+00:00,2024-09-27 11:45:00+00:00,48.7,34,34,8.2,,,,,0,0,0,0,0,0,0,0,0,0,0,0,0,0,0,0,0.0,0.0,0.0,0.0,0.0,0.0,0.0
"Hancock County, Georgia","POLYGON ((-83.274011 33.199923, -83.262888 33.208024, -83.253461 33.25929, -83.228674 33.25679, -83.230031 33.276054, -83.178444 33.292046, -83.145813 33.311461, -83.150517 33.321607, -83.14353 33.334744, -83.14479 33.340774, -83.164207 33.35503, -83.012853 33.469178, -82.983657 33.447677, -82.951222 33.451787, -82.93966 33.442694, -82.901795 33.438788, -82.872597 33.446416, -82.851954 33.443543, -82.839663 33.43094, -82.824105 33.427627, -82.825807 33.39043, -82.821706 33.374268, -82.802916 33.365035, -82.79245 33.309413, -82.781574 33.304467, -82.785591 33.268726, -82.755846 33.25344, -82.746191 33.246105, -82.748311 33.238348, -82.777995 33.238428, -82.798866 33.221707, -82.825928 33.210501, -82.832047 33.201994, -82.855046 33.196427, -82.867717 33.178403, -82.888866 33.138603, -82.900998 33.128537, -82.914519 33.126792, -82.926674 33.11627, -82.959298 33.106966, -83.009672 33.080607, -83.052197 33.080682, -83.10131 33.050207, -83.117632 33.088853, -83.112896 33.098118, -83.109152 33.129829, -83.09886 33.13297, -83.097649 33.151536, -83.195373 33.176336, -83.260538 33.188533, -83.274108 33.187238, -83.274011 33.199923))",13141,1,1,1,1,EM-3616-GA,DR-4830-GA,7485,2192,602,29.29,8.04,2403,689,32.1,9.21,2890,650,38.61,8.68,No,98.67,86.38,99.67,98.73,79.87,99.99,0.0,0.0,0.0,8683,8630,0,4945,15,2852,248,57.7,5.1,2210,228,77.5,5.8,642,186,22.5,5.8,66.0,6.3,421,152,14.8,5.2,29,40,1.0,1.4,798,208,28.0,6.6,28.0,6.6,1303,199,15.1,2.3,2127,0,24.6,0.0,1661,357,23.4,5.0,72,61,0.9,0.7,8735,8735,3298,204,1220057416.0,100.0,6.2,18.54,3,40099,5182,2226,531,30.3,7.2,7348,5.9,158,2658,6.0,161,2696,6.0,156,2607,5.4,143,2642,5.7,148,2604,5.7,149,2595,6.2,160,2594,6.0,158,2618,6.2,167,2676,7.4,201,2730,6.2,167,2704,5.8,154,2676,5.5,147,2682,5.7,151,2662,5.2,137,2627,4.5,115,2578,4.6,116,2536,4.9,123,2526,-1,1,-1,0,-1,1,0,1,-1,1,1,-1,1,1,-1,6515,7059,2024-09-27 14:45:00+00:00,2024-09-27 14:45:00+00:00,92.3,50,50,7.7,DR-4830-GA,Hurricane,4830.0,GA,560,0,0,1024,695,555,604,354,46,354,84,0,662,43,240,0,35.9,1.6,12.4,64.6,93.5,67.8,0.0
"Hart County, Georgia","POLYGON ((-83.11336 34.27353, -83.105934 34.278912, -83.101279 34.307132, -83.096169 34.338131, -83.107063 34.344669, -83.101874 34.373872, -83.094093 34.416073, -83.063738 34.471852, -83.052903 34.4917, -83.0494672080646 34.495092874783, -83.048289 34.493254, -83.043771 34.488816, -83.034712 34.483495, -83.032513 34.483032, -83.029315 34.484147, -83.0285774188715 34.483811202294, -83.002924 34.472132, -82.9990547221144 34.4723053618251, -82.99509 34.472483, -82.995279 34.475648, -82.992671 34.479072, -82.9922154353933 34.4791982077022, -82.979568 34.482702, -82.960668 34.482002, -82.954667 34.477302, -82.947367 34.479602, -82.940867 34.486102, -82.928466 34.484202, -82.925766 34.481802, -82.922866 34.481402, -82.908365 34.485402, -82.902665 34.485902, -82.882864 34.479003, -82.876864 34.475303, -82.873831 34.471508, -82.874864 34.468891, -82.875864 34.468003, -82.876464 34.465803, -82.875463 34.463503, -82.865345 34.460319, -82.862156 34.458748, -82.860707 34.457428, -82.860874 34.451469, -82.860127 34.449707, -82.855762 34.443977, -82.8555135670338 34.4417878715586, -82.854434 34.432275, -82.851367 34.426812, -82.848651 34.423844, -82.8484952603989 34.4232580968799, -82.847781 34.420571, -82.847446 34.412049, -82.841997 34.399766, -82.8418649796327 34.3992871064472, -82.841326 34.397332, -82.841997 34.392503, -82.841524 34.39013, -82.836611 34.382676, -82.835203 34.373899, -82.835413 34.369177, -82.8351696247434 34.3673275860701, -82.835004 34.366069, -82.833702 34.364242, -82.8332805100878 34.3640218676494, -82.82342 34.358872, -82.809949 34.349998, -82.798198 34.341317, -82.795223 34.34096, -82.794054 34.339772, -82.791235 34.331048, -82.791608 34.327428, -82.7911851736109 34.3248739178552, -82.790966 34.32355, -82.78684 34.310381, -82.781752 34.302901, -82.780308 34.296701, -82.7737024263561 34.2887440302129, -82.82382 34.27062, -82.879244 34.256985, -82.915535 34.247684, -82.934512 34.234904, -82.980018 34.210066, -83.003469 34.231275, -83.018785 34.234085, -83.078004 34.223606, -83.115847 34.262125, -83.11336 34.27353))",13147,1,1,0,1,EM-3616-GA,DR-4830-GA,27048,9557,1378,35.33,5.09,10930,1475,40.41,5.45,6561,1275,24.26,4.71,No,63.45,31.36,83.61,50.31,25.78,76.72,0.0,0.0,0.0,28052,26484,0,13019,40,10543,315,81.0,2.4,7916,366,75.1,3.1,2627,349,24.9,3.1,75.8,0.8,491,168,4.7,1.6,103,63,1.0,0.6,1178,254,11.2,2.4,11.9,2.4,5468,49,20.6,0.2,5947,77,22.5,0.3,4685,480,18.3,1.9,564,216,2.2,0.9,19865,25828,10388,475,601970607.0,76.9,4.6,111.13,2,53100,5282,3984,849,14.9,3.2,26806,3.7,422,11437,3.7,433,11716,3.7,442,11809,3.1,365,11781,3.7,437,11819,4.2,492,11852,4.1,486,11903,4.2,502,11994,3.3,396,11947,3.3,401,11986,3.6,429,12063,3.4,403,11855,3.6,424,11892,3.8,453,11909,3.7,444,12011,3.1,369,11958,3.4,411,11937,3.7,443,11833,-1,1,-1,0,0,0,1,0,-1,0,0,-1,1,1,-1,7303,16951,2024-09-27 18:15:00+00:00,2024-09-27 18:15:00+00:00,43.1,34,50,8.1,,,,,0,0,0,0,0,0,0,0,0,0,0,0,0,0,0,0,0.0,0.0,0.0,0.0,0.0,0.0,0.0
"Irwin County, Georgia","POLYGON ((-83.500702 31.59399, -83.491647 31.61941, -83.490672 31.696093, -83.460637 31.69539, -83.452972 31.7082, -83.466637 31.741806, -83.453634 31.757861, -83.370272 31.757056, -83.369642 31.769651, -83.339664 31.769552, -83.324915 31.746605, -83.325617 31.680603, -83.314654 31.680415, -83.313713 31.680391, -83.265636 31.679859, -83.266363 31.654203, -83.243979 31.653259, -83.177218 31.651691, -83.176509 31.678515, -83.146536 31.677787, -82.99836 31.673164, -82.998794 31.660467, -83.013625 31.652989, -83.014099 31.635803, -83.029361 31.636185, -83.030189 31.623688, -83.044424 31.62416, -83.044848 31.610805, -83.058807 31.611212, -83.060043 31.565493, -83.083514 31.516107, -83.096731 31.506193, -83.11166 31.478229, -83.145587 31.472276, -83.284229 31.475624, -83.338728 31.475991, -83.376475 31.482029, -83.398767 31.532783, -83.420699 31.553567, -83.437164 31.554384, -83.47093 31.555957, -83.470825 31.569391, -83.500951 31.570117, -83.500702 31.59399))",13155,1,1,1,1,EM-3616-GA,DR-4830-GA,8955,2655,673,29.65,7.52,4352,715,48.6,7.98,1948,611,21.75,6.82,No,44.86,8.49,82.12,34.59,7.55,74.21,0.0,0.0,0.0,9155,9385,0,4185,29,3725,198,89.0,4.7,2653,205,71.2,4.8,1072,197,28.8,4.8,66.4,4.1,88,74,2.4,2.0,31,37,0.8,1.0,463,150,12.4,3.9,12.4,3.9,2109,74,22.5,0.8,1635,102,17.4,1.1,766,196,8.4,2.1,85,54,1.0,0.6,9666,9666,3617,167,917795237.0,100.0,4.6,27.28,3,52918,6491,1719,403,19.4,4.5,8847,3.3,136,4131,3.2,133,4198,3.2,131,4131,2.5,105,4126,3.5,145,4139,3.9,161,4131,4.3,175,4064,4.0,162,4080,3.1,128,4095,3.6,146,4098,3.1,121,3925,3.3,130,3943,3.1,123,3930,3.5,138,3913,3.5,139,3952,3.1,119,3884,3.2,123,3824,4.0,154,3872,0,1,-1,0,0,0,0,-1,-1,0,0,0,0,-1,-1,7511,5616,2024-09-28 11:45:00+00:00,2024-09-28 11:45:00+00:00,100.0,50,64,7.5,DR-4830-GA,Hurricane,4830.0,GA,829,0,0,1611,1349,936,1275,949,87,949,152,0,990,82,563,0,43.2,2.3,25.5,61.5,94.3,59.3,0.0
"Jackson County, Georgia","POLYGON ((-83.817682 34.127493, -83.797005 34.145086, -83.773452 34.165076, -83.755644 34.180189, -83.747799 34.186807, -83.696335 34.230622, -83.6835 34.241549, -83.659479 34.261873, -83.619918 34.29538, -83.561521 34.252712, -83.518337 34.256474, -83.479531 34.260693, -83.457761 34.243099, -83.425401 34.217934, -83.422797 34.212466, -83.402428 34.197499, -83.379441 34.171304, -83.363835 34.164059, -83.361011 34.148355, -83.357051 34.116199, -83.374298 34.082151, -83.381365 34.078539, -83.386763 34.050241, -83.359495 34.040288, -83.384422 34.038531, -83.383957 34.031017, -83.420588 34.017386, -83.422029 34.016886, -83.453563 34.004709, -83.474776 33.9963, -83.484473 33.992827, -83.503054 33.999577, -83.498243 33.987529, -83.537385 33.965912, -83.563277 34.031864, -83.584158 34.041058, -83.58801 34.038074, -83.600538 34.0353, -83.614647 34.047161, -83.6349 34.046209, -83.669121 34.048337, -83.673454 34.053036, -83.700874 34.054316, -83.70918 34.045127, -83.717076 34.055073, -83.740578 34.069496, -83.765134 34.065292, -83.791031 34.087193, -83.793524 34.101136, -83.814771 34.113405, -83.817682 34.127493))",13157,1,1,0,1,EM-3616-GA,DR-4830-GA,88373,35846,3371,40.56,3.81,38551,3488,43.62,3.95,13976,2753,15.81,3.12,No,7.81,3.24,27.64,6.92,3.14,22.64,0.0,0.0,0.0,93825,80640,0,29389,41,26976,335,91.8,1.1,21524,557,79.8,1.9,5452,513,20.2,1.9,66.0,0.6,1163,286,4.3,1.1,673,195,2.5,0.7,2177,335,8.1,1.2,9.5,1.2,20370,0,25.3,0.0,11691,182,14.5,0.2,11563,888,14.5,1.1,2622,520,3.5,0.7,47684,75907,26174,1723,879812977.0,62.8,6.6,223.45,2,84439,4825,7295,1624,8.3,1.8,87890,2.8,1257,44824,2.9,1285,44533,2.9,1271,44429,2.4,1053,44436,3.0,1336,44461,3.5,1534,44265,3.2,1451,44916,3.5,1558,44683,2.7,1215,44911,2.9,1311,45189,2.8,1277,45305,2.6,1187,44883,2.8,1287,45348,3.0,1359,44858,3.0,1352,44945,2.4,1089,44604,2.8,1238,44412,3.1,1379,44380,1,1,-1,1,0,-1,1,0,0,-1,-1,1,-1,1,-1,7830,64554,2024-09-27 13:15:00+00:00,2024-09-27 13:15:00+00:00,12.1,34,34,5.5,,,,,0,0,0,0,0,0,0,0,0,0,0,0,0,0,0,0,0.0,0.0,0.0,0.0,0.0,0.0,0.0
"Jasper County, Georgia","POLYGON ((-83.863058 33.368278, -83.853942 33.367239, -83.831545 33.392926, -83.845207 33.414721, -83.823385 33.438037, -83.812195 33.434657, -83.771278 33.452495, -83.742085 33.476479, -83.704743 33.488518, -83.674644 33.487225, -83.687523 33.512204, -83.682196 33.52622, -83.653403 33.507946, -83.533736 33.434472, -83.53935 33.353314, -83.539948 33.312249, -83.541592 33.287754, -83.545876 33.171944, -83.816048 33.131816, -83.813919 33.147633, -83.822929 33.157856, -83.822261 33.180238, -83.80729 33.192423, -83.82575 33.210275, -83.814103 33.242134, -83.824595 33.263613, -83.827408 33.291987, -83.842757 33.318359, -83.840409 33.328902, -83.862952 33.343477, -83.857091 33.353793, -83.863058 33.368278))",13159,1,1,0,1,EM-3616-GA,DR-4830-GA,16433,5482,985,33.36,5.99,7102,1032,43.22,6.28,3849,854,23.42,5.2,No,57.6,23.09,82.28,44.02,19.49,74.84,0.0,0.0,0.0,17219,15345,0,6452,26,5812,199,90.1,3.1,4893,284,84.2,3.9,919,225,15.8,3.9,69.4,1.0,406,132,7.0,2.3,45,53,0.8,0.9,720,146,12.4,2.5,13.1,2.6,3598,11,23.4,0.1,2691,52,17.5,0.3,2453,375,16.1,2.5,256,103,1.8,0.7,14588,14588,5412,384,954167639.0,100.0,7.1,39.6,3,67681,7697,2426,485,14.8,3.0,16349,3.3,246,7427,3.2,241,7450,3.4,253,7450,2.9,219,7457,3.4,254,7470,3.8,288,7488,3.8,287,7488,4.1,303,7479,3.1,230,7493,3.3,247,7545,3.2,238,7538,3.1,230,7507,3.5,262,7476,3.9,293,7446,3.8,287,7485,3.0,224,7411,3.4,249,7362,3.7,277,7390,0,1,-1,0,0,0,1,0,-1,0,0,1,1,1,-1,1167,6695,2024-09-27 12:00:00+00:00,2024-09-27 12:00:00+00:00,17.4,34,34,5.6,,,,,0,0,0,0,0,0,0,0,0,0,0,0,0,0,0,0,0.0,0.0,0.0,0.0,0.0,0.0,0.0
"Jeff Davis County, Georgia","POLYGON ((-82.836366 31.816154, -82.824691 31.813479, -82.79581 31.835096, -82.772774 31.861677, -82.757192 31.857031, -82.730763 31.882681, -82.699861 31.903582, -82.67686 31.910282, -82.674366 31.919959, -82.65766 31.923583, -82.645659 31.918883, -82.603382 31.937623, -82.564956 31.957086, -82.544455 31.955887, -82.543655 31.958914, -82.533097 31.961351, -82.517077 31.957914, -82.491485 31.948678, -82.480224 31.954961, -82.499496 31.960567, -82.483131 31.968961, -82.479607 31.971653, -82.458152 31.96389, -82.431531 31.966182, -82.431449 31.844374, -82.431362 31.837993, -82.458682 31.838104, -82.51888 31.838393, -82.520158 31.74919, -82.550691 31.749112, -82.550714 31.736334, -82.520567 31.736201, -82.52142 31.710796, -82.521393 31.672512, -82.535152 31.672582, -82.559535 31.672642, -82.627342 31.672672, -82.817387 31.671293, -82.836633 31.671398, -82.836366 31.816154))",13161,1,1,1,1,EM-3616-GA,DR-4830-GA,14871,4949,967,33.28,6.5,5713,1026,38.42,6.9,4209,854,28.3,5.74,No,83.74,51.74,94.36,76.72,41.51,91.19,0.0,0.0,0.0,15119,14838,0,6379,17,5368,285,84.2,4.4,3671,276,68.4,4.6,1697,287,31.6,4.6,71.8,1.9,436,179,8.1,3.3,166,96,3.1,1.8,840,279,15.6,5.1,16.8,5.1,3893,25,26.2,0.2,2308,89,15.6,0.6,3344,450,22.6,3.1,736,219,5.3,1.5,9862,14779,5560,312,857075892.0,66.7,5.6,44.66,2,47635,6076,2920,645,19.7,4.4,14817,4.4,254,5761,4.4,259,5842,4.7,272,5768,4.5,264,5900,4.9,283,5810,5.6,328,5846,5.8,340,5846,5.5,325,5867,4.5,262,5844,5.0,294,5918,4.4,253,5703,4.4,253,5686,4.8,274,5691,4.7,264,5664,4.5,255,5641,3.9,216,5585,4.5,249,5560,5.0,277,5571,-1,0,0,0,0,1,1,0,0,0,0,1,-1,1,-1,8791,8564,2024-09-27 20:45:00+00:00,2024-09-27 20:45:00+00:00,100.0,50,64,5.8,DR-4830-GA,Hurricane,4830.0,GA,2926,0,10,4642,4329,3349,4160,3332,518,3325,911,5,3164,468,2361,5,86.5,9.6,61.9,68.2,90.3,71.0,100.0
"Jefferson County, Georgia","POLYGON ((-82.661917 33.126331, -82.590499 33.123801, -82.578816 33.11984, -82.576324 33.158352, -82.584942 33.171453, -82.47443 33.247453, -82.431957 33.27483, -82.383829 33.312106, -82.371972 33.310879, -82.353498 33.312318, -82.311539 33.297146, -82.296806 33.277325, -82.273514 33.267605, -82.26758 33.267397, -82.232554 33.231211, -82.272263 33.137231, -82.281054 33.110354, -82.29118 33.062827, -82.272353 32.937796, -82.291467 32.888454, -82.316512 32.835772, -82.320435 32.840033, -82.35482 32.827281, -82.361637 32.816394, -82.41858 32.811315, -82.398331 32.777445, -82.434149 32.762258, -82.458249 32.768223, -82.502216 32.800917, -82.521052 32.822356, -82.525952 32.833557, -82.511002 32.916445, -82.539352 32.947752, -82.550225 33.019351, -82.555962 33.014128, -82.598018 33.032013, -82.604348 33.045538, -82.617899 33.051144, -82.612873 33.057764, -82.641569 33.084392, -82.638105 33.100701, -82.645838 33.101143, -82.661922 33.126311, -82.661917 33.126331))",13163,1,1,1,1,EM-3616-GA,DR-4830-GA,14855,4275,923,28.78,6.21,6648,1013,44.75,6.82,3932,912,26.47,6.14,No,75.87,36.26,92.17,62.89,29.56,88.04,0.0,0.0,0.0,15019,15468,0,7165,34,5838,239,81.5,3.3,3962,265,67.9,4.5,1876,297,32.1,4.5,70.3,1.6,501,136,8.6,2.3,96,81,1.6,1.4,1397,253,23.9,4.0,24.0,4.0,3512,71,22.7,0.5,2873,29,18.6,0.2,2370,257,15.8,1.7,341,131,2.3,0.9,15709,15709,6170,372,1363771350.0,100.0,6.0,29.83,3,45829,5624,3296,749,22.5,5.1,14679,4.6,308,6757,4.4,294,6712,4.5,301,6713,4.3,291,6755,4.7,315,6705,5.5,372,6720,5.4,359,6628,5.4,360,6654,4.9,329,6710,5.9,399,6770,4.9,333,6780,4.5,299,6715,4.3,291,6702,4.8,316,6640,4.5,299,6652,4.0,268,6622,4.3,280,6472,4.6,294,6455,-1,0,0,0,0,0,1,1,0,1,1,0,1,1,-1,9662,9767,2024-09-30 01:45:00+00:00,2024-09-30 01:45:00+00:00,98.9,50,50,10.7,DR-4830-GA,Hurricane,4830.0,GA,3433,0,13,5540,4910,3323,4737,3804,399,3802,759,4,3554,360,2583,4,94.9,6.8,65.1,64.2,90.2,67.9,100.0
"Jenkins County, Georgia","POLYGON ((-82.147942 32.819758, -82.123742 32.883656, -82.081349 32.916762, -82.03699 32.919122, -81.956448 32.923724, -81.857946 32.953875, -81.783565 32.928435, -81.767553 32.909411, -81.803929 32.827742, -81.834815 32.757646, -81.867938 32.68115, -81.865745 32.662761, -81.841005 32.649093, -82.001236 32.60691, -82.082871 32.663324, -82.102344 32.711357, -82.144977 32.812741, -82.147942 32.819758))",13165,1,1,1,1,EM-3616-GA,DR-4830-GA,7565,2509,736,33.17,9.73,3006,804,39.74,10.63,2050,719,27.1,9.5,No,78.87,19.97,96.71,69.18,16.98,94.96,0.0,0.0,0.0,8836,8674,0,4427,324,3067,252,69.3,5.3,2680,256,87.4,5.4,387,173,12.6,5.4,64.9,11.0,469,204,15.3,6.6,74,77,2.4,2.5,591,181,19.3,6.0,19.3,6.0,1612,273,18.6,3.2,1802,339,20.8,3.9,1638,389,21.4,5.1,125,117,1.5,1.4,8674,8674,3245,165,899705945.0,100.0,5.1,24.97,3,42539,5477,2161,526,28.9,7.0,7472,4.1,145,3506,4.0,143,3595,3.8,138,3663,3.9,143,3687,3.8,140,3648,4.6,166,3620,4.3,158,3642,4.4,164,3694,3.9,147,3724,4.2,154,3684,3.7,134,3591,3.4,121,3558,3.8,135,3593,3.5,127,3591,3.6,130,3646,2.9,105,3625,3.3,119,3594,3.7,132,3569,-1,1,-1,0,0,0,0,1,0,1,1,-1,1,1,-1,1616,4834,2024-09-28 14:15:00+00:00,2024-09-28 14:15:00+00:00,33.4,50,50,3.6,DR-4830-GA,Hurricane,4830.0,GA,924,0,1,1999,1712,1092,1627,1286,137,1285,250,0,1210,126,803,0,65.2,4.5,41.9,60.5,92.0,62.5,0.0
"Johnson County, Georgia","POLYGON ((-82.94512 32.751434, -82.946966 32.759358, -82.802456 32.809756, -82.77536 32.794871, -82.768568 32.769077, -82.737559 32.780059, -82.709978 32.784688, -82.680757 32.79676, -82.666957 32.782859, -82.609774 32.797815, -82.574424 32.815676, -82.560555 32.820056, -82.521052 32.822356, -82.502216 32.800917, -82.458249 32.768223, -82.434149 32.762258, -82.452189 32.729699, -82.499431 32.68634, -82.490315 32.662035, -82.463854 32.647236, -82.492924 32.634046, -82.498921 32.642733, -82.517717 32.633677, -82.512002 32.625163, -82.594439 32.579158, -82.589764 32.556133, -82.564378 32.53249, -82.585322 32.52523, -82.597855 32.532866, -82.602563 32.509473, -82.602955 32.521467, -82.623056 32.521566, -82.647733 32.512507, -82.674457 32.523866, -82.672621 32.551346, -82.668557 32.612164, -82.686816 32.619115, -82.794538 32.66023, -82.785782 32.6867, -82.862763 32.71576, -82.957066 32.708318, -82.94512 32.751434))",13167,1,1,1,1,EM-3616-GA,DR-4830-GA,7579,2034,495,26.84,6.53,3139,532,41.42,7.02,2406,469,31.75,6.19,No,92.9,69.33,97.51,89.93,58.48,96.22,0.0,0.0,0.0,9178,9192,0,3571,30,3235,126,90.6,3.5,2433,165,75.2,4.4,802,147,24.8,4.4,61.2,0.0,355,116,11.0,3.6,48,41,1.5,1.3,873,188,27.0,5.9,27.0,5.9,1656,0,18.0,0.0,1834,0,20.0,0.0,1541,225,20.0,2.9,49,36,0.6,0.4,9189,9189,3100,159,784815228.0,100.0,5.1,30.32,3,51602,3574,1945,477,26.2,6.4,7416,3.6,120,3339,3.7,123,3340,3.9,131,3356,4.0,136,3365,4.1,138,3351,4.7,159,3353,4.5,153,3383,4.8,162,3361,4.1,139,3373,4.1,134,3292,3.8,123,3236,3.1,100,3234,3.6,118,3252,4.1,132,3238,3.9,127,3257,3.3,108,3253,4.0,131,3264,3.9,127,3245,0,1,-1,-1,0,1,-1,1,0,1,1,-1,1,1,-1,5645,7068,2024-09-29 14:15:00+00:00,2024-09-29 14:15:00+00:00,79.9,50,50,11.1,DR-4830-GA,Hurricane,4830.0,GA,1355,0,6,2306,2081,1451,1994,1596,212,1595,340,4,1641,200,1168,4,71.3,6.6,49.3,71.2,94.3,73.2,100.0
"Lamar County, Georgia","POLYGON ((-84.269169 33.031438, -84.248659 33.03933, -84.248196 33.065824, -84.24837 33.078557, -84.248185 33.189019, -84.227503 33.188905, -84.224277 33.179388, -84.123981 33.17862, -84.123767 33.202824, -84.041498 33.202629, -84.040915 33.167342, -84.041355 33.129603, -84.042944 33.023919, -84.044113 32.947874, -84.054175 32.931497, -84.12334 32.932184, -84.122361 32.989576, -84.201549 32.990524, -84.27014 32.991011, -84.269169 33.031438))",13171,1,1,0,1,EM-3616-GA,DR-4830-GA,19786,6484,1299,32.77,6.57,8831,1369,44.63,6.92,4471,1154,22.6,5.83,No,51.01,15.55,81.67,38.36,13.84,73.58,0.0,0.0,0.0,20690,19098,0,7738,21,7000,242,90.5,3.1,5336,266,76.2,3.4,1664,258,23.8,3.4,63.0,0.3,631,188,9.0,2.7,325,163,4.6,2.3,1060,265,15.1,3.8,17.8,3.8,4134,26,21.6,0.1,3247,15,17.0,0.1,3163,402,16.8,2.1,89,57,0.5,0.3,11675,18500,6897,414,475264402.0,63.1,6.0,100.82,2,63622,6537,2783,581,14.2,3.0,19618,4.5,350,7812,3.9,302,7844,4.0,317,7914,3.3,256,7738,4.1,320,7781,4.9,377,7698,5.0,393,7818,5.2,409,7808,4.3,340,7858,4.3,334,7757,4.5,344,7596,4.0,301,7582,4.3,328,7597,4.4,339,7636,4.5,344,7710,3.7,284,7647,4.2,324,7672,4.7,365,7698,0,1,-1,0,0,0,-1,1,0,0,1,-1,1,1,-1,3262,11844,2024-09-27 07:45:00+00:00,2024-09-27 07:45:00+00:00,27.5,34,34,8.4,,,,,0,0,0,0,0,0,0,0,0,0,0,0,0,0,0,0,0.0,0.0,0.0,0.0,0.0,0.0,0.0
"Lanier County, Georgia","POLYGON ((-83.197876 31.06221, -83.167128 31.065454, -83.165037 31.127343, -83.165072 31.147198, -83.038246 31.146705, -83.039517 31.156838, -83.050093 31.183571, -83.046885 31.18368, -82.971247 31.183988, -82.9705 30.94981, -82.971336 30.869392, -82.982155 30.872249, -83.007118 30.85914, -83.011429 30.847473, -83.019419 30.849453, -83.025993 30.864669, -83.02037 30.904337, -83.042924 30.947296, -83.13327 30.949011, -83.179465 30.950128, -83.180622 31.025488, -83.197971 31.025405, -83.197876 31.06221))",13173,1,1,1,1,EM-3616-GA,DR-4830-GA,10170,3422,787,33.65,7.74,4337,828,42.65,8.14,2411,686,23.71,6.75,No,59.54,16.35,87.81,45.28,14.46,82.38,0.0,0.0,0.0,10464,10094,0,4134,15,3442,160,83.3,3.9,2471,221,71.8,5.5,971,196,28.2,5.5,59.5,3.0,191,90,5.5,2.7,79,64,2.3,1.9,545,177,15.8,5.1,16.9,5.0,2300,87,22.8,0.9,1465,108,14.5,1.1,1418,291,15.0,3.1,257,118,2.7,1.3,9877,9877,3570,232,509030779.0,100.0,6.5,50.25,3,54586,6008,1758,427,17.5,4.2,10066,3.9,151,3919,3.9,154,3944,4.0,159,3934,3.0,120,3946,4.0,157,3954,4.5,177,3948,4.7,187,3938,4.9,196,3960,3.7,147,3970,4.4,176,4026,3.8,152,4003,5.2,208,4021,4.3,168,3948,4.5,175,3907,4.4,173,3920,3.9,151,3899,3.9,150,3826,4.4,168,3802,-1,1,-1,0,0,0,-1,0,0,0,0,0,-1,0,-1,1761,5251,2024-09-27 04:45:00+00:00,2024-09-27 04:45:00+00:00,33.5,64,64,4.2,DR-4830-GA,Hurricane,4830.0,GA,1410,0,10,2616,2419,1900,2285,1854,311,1853,538,8,1777,267,1291,8,76.0,9.0,53.8,67.9,85.9,69.7,100.0
"Laurens County, Georgia","POLYGON ((-83.155984 32.618615, -82.957066 32.708318, -82.862763 32.71576, -82.785782 32.6867, -82.794538 32.66023, -82.686816 32.619115, -82.668557 32.612164, -82.672621 32.551346, -82.674457 32.523866, -82.647733 32.512507, -82.657057 32.507167, -82.633126 32.491037, -82.64858 32.467238, -82.693958 32.454146, -82.702163 32.431617, -82.697166 32.417484, -82.724422 32.363576, -82.748732 32.32915, -82.721964 32.309283, -82.761959 32.275574, -82.761881 32.264176, -82.768668 32.269684, -82.858308 32.194386, -82.884803 32.196072, -82.886964 32.197974, -82.990967 32.147274, -83.016448 32.194816, -83.074483 32.303218, -83.111429 32.372051, -83.138991 32.423069, -83.154128 32.450978, -83.226536 32.584201, -83.155984 32.618615))",13175,1,1,1,1,EM-3616-GA,DR-4830-GA,49760,15063,2339,30.27,4.7,22813,2533,45.85,5.09,11884,2220,23.88,4.46,No,61.08,30.75,81.45,49.05,25.15,73.58,0.0,0.0,0.0,50287,49619,0,22008,33,18133,434,82.4,2.0,11835,476,65.3,2.3,6298,466,34.7,2.3,75.4,0.5,864,205,4.8,1.1,698,242,3.8,1.3,3554,383,19.6,2.0,20.8,2.2,12331,93,24.9,0.2,8992,86,18.1,0.2,7991,617,16.4,1.3,929,304,2.0,0.7,28728,49570,19501,1021,2090990052.0,58.0,5.2,61.4,2,56867,5554,9418,1742,19.2,3.5,49106,4.0,803,20031,4.2,838,20030,4.3,857,19938,3.6,708,19852,4.2,835,19886,4.7,936,19862,4.8,946,19809,5.0,993,19669,4.2,834,19764,4.4,845,19398,4.2,831,19734,4.0,784,19631,4.2,826,19613,4.4,851,19494,4.3,845,19435,3.7,710,19335,3.9,747,19266,4.4,849,19327,-1,0,0,0,0,0,1,0,0,1,1,1,1,1,-1,10103,30404,2024-09-28 01:15:00+00:00,2024-09-28 01:15:00+00:00,33.2,50,64,9.7,DR-4830-GA,Hurricane,4830.0,GA,4804,0,11,9094,7011,5300,6328,3970,427,3965,824,3,4976,392,2221,3,50.2,2.4,21.9,54.7,91.8,56.0,100.0
"Liberty County, Georgia","POLYGON ((-81.813382 32.01623, -81.761735 32.0479, -81.718658 32.089351, -81.698448 32.090713, -81.672798 32.063873, -81.651685 32.058455, -81.640251 32.049866, -81.603665 32.008469, -81.59423 31.991779, -81.593292 31.971233, -81.578712 31.97246, -81.564231 31.95949, -81.522323 31.958952, -81.510261 31.968998, -81.484817 31.964031, -81.475456 31.974167, -81.463844 31.950014, -81.426894 31.938677, -81.407737 31.944302, -81.404961 31.937002, -81.404926 31.936868, -81.404388 31.919701, -81.391578 31.893562, -81.39363 31.880901, -81.384941 31.878872, -81.378783 31.850761, -81.35306 31.837583, -81.355008 31.829746, -81.355837 31.8149, -81.338953 31.820363, -81.338746 31.84075, -81.311027 31.789915, -81.276231 31.79391, -81.268333 31.759977, -81.220862 31.743637, -81.198394185031 31.7260700164189, -81.203572 31.719448, -81.186303 31.701509, -81.161084 31.691401, -81.154624 31.693874, -81.151888 31.698411, -81.149369 31.699304, -81.139394 31.699917, -81.131137 31.695774, -81.135608 31.683491, -81.136408 31.674832, -81.131728 31.654484, -81.133493 31.623348, -81.14997 31.593476, -81.160364 31.570436, -81.173079 31.555908, -81.178822 31.55553, -81.183252 31.560058, -81.186114 31.568032, -81.1891019471852 31.5680567887492, -81.1940234981324 31.5680976191538, -81.192565 31.578783, -81.190124 31.598101, -81.234421 31.63782, -81.261868 31.650142, -81.302416 31.650716, -81.314548 31.659382, -81.335019 31.650628, -81.377258 31.655061, -81.399512 31.644158, -81.417587 31.652094, -81.434188 31.64109, -81.467964 31.679056, -81.465967 31.694317, -81.491798 31.699575, -81.499603 31.699968, -81.611115 31.751858, -81.640044 31.764777, -81.64199 31.768888, -81.643301 31.785703, -81.660331 31.800806, -81.68811 31.8094, -81.695442 31.812812, -81.721153 31.838203, -81.765357 31.87454, -81.765777 31.887847, -81.765442 31.88856, -81.745414 31.936275, -81.74694 31.969326, -81.779273 31.981004, -81.793922 31.977796, -81.824405 32.014882, -81.813382 32.01623))",13179,1,1,1,1,EM-3616-GA,DR-4830-GA,68885,21982,3062,31.91,4.45,36052,3183,52.34,4.62,10851,2427,15.75,3.52,Yes,7.46,2.64,29.55,6.29,2.52,24.53,8.73,1.71,30.13,68607,66826,0,27228,38,23406,485,86.0,1.8,11690,634,49.9,2.5,11716,634,50.1,2.5,60.0,0.3,1480,337,6.3,1.5,411,139,1.8,0.6,3649,430,15.6,1.8,16.1,1.8,18494,63,27.7,0.1,6558,71,9.8,0.1,9410,833,15.9,1.4,2248,398,3.7,0.7,15344,65256,23413,1278,1337632044.0,23.5,5.5,126.35,1,57699,5005,10488,1938,16.2,3.0,64574,3.9,919,23689,4.0,954,23846,4.1,976,24025,3.9,933,23878,4.2,1007,23956,4.6,1108,24098,4.4,1063,24022,4.7,1136,23946,3.8,903,23947,3.9,945,24181,3.9,922,23890,3.6,862,23696,4.0,958,23728,4.3,1030,23815,4.3,1020,23899,3.5,843,23758,3.9,932,23642,4.3,1020,23715,-1,-1,1,0,1,-1,-1,0,-1,1,1,1,-1,1,-1,24392,33193,2024-09-27 19:00:00+00:00,2024-09-27 19:00:00+00:00,73.5,50,50,2.5,DR-4830-GA,Hurricane,4830.0,GA,3516,0,1,7873,5439,4388,4487,2193,245,2190,457,0,3728,214,936,0,33.6,1.0,9.4,47.4,87.3,42.7,0.0
"Lincoln County, Georgia","POLYGON ((-82.639742 33.973018, -82.624992 33.982319, -82.602844 33.979782, -82.5645307378126 33.9557408056418, -82.556835 33.945353, -82.554497 33.943819, -82.543128 33.940949, -82.53977 33.941551, -82.534111 33.943651, -82.526741 33.943765, -82.524515 33.94336, -82.51295 33.936969, -82.50764 33.931456, -82.503584 33.926048, -82.496109 33.913459, -82.492929 33.909754, -82.480111 33.901897, -82.469913 33.892838, -82.459391 33.886386, -82.455105 33.88165, -82.448109 33.877543, -82.440503 33.875123, -82.438644 33.873919, -82.43115 33.867051, -82.429164 33.865844, -82.422803 33.863754, -82.417871 33.864233, -82.414259 33.865348, -82.408354 33.86632, -82.403881 33.865477, -82.400517 33.863343, -82.395736 33.859089, -82.390527 33.857162, -82.384973 33.854428, -82.37975 33.851086, -82.374286 33.84559, -82.371775 33.843813, -82.369107 33.842375, -82.3581928034975 33.838609583199, -82.3563300030289 33.8379669137932, -82.351881 33.836432, -82.346933 33.834298, -82.337829 33.827156, -82.32448 33.820033, -82.3163272781522 33.8128853394032, -82.314746 33.811499, -82.313339 33.809205, -82.308997 33.805892, -82.302885 33.802907, -82.300213 33.800627, -82.29928 33.798939, -82.298923 33.795839, -82.299601 33.786483, -82.299393 33.785037, -82.298286 33.783518, -82.294984 33.781868, -82.292468 33.782406, -82.289762 33.782032, -82.285804 33.780058, -82.28106 33.776056, -82.277681 33.772032, -82.270445 33.767913, -82.267719 33.767651, -82.266127 33.766745, -82.265019 33.765742, -82.26438 33.763481, -82.263206 33.761962, -82.259471 33.760245, -82.258049 33.760429, -82.255267 33.75969, -82.247472 33.752591, -82.246161 33.746347, -82.240405 33.734901, -82.239098 33.730872, -82.235753 33.71439, -82.237192 33.70788, -82.234576 33.700216, -82.222709 33.689124, -82.218649 33.686299, -82.240657 33.693302, -82.276092 33.684532, -82.308246 33.700436, -82.329049 33.697676, -82.351492 33.682854, -82.372727 33.675435, -82.400339 33.671167, -82.412902 33.665028, -82.413541 33.654567, -82.425328 33.650629, -82.430915 33.655076, -82.458237 33.637471, -82.479518 33.639535, -82.544259 33.740694, -82.573652 33.786116, -82.594553 33.828429, -82.571928 33.865501, -82.577741 33.874729, -82.605687 33.859942, -82.645451 33.984195, -82.639742 33.973018))",13181,1,1,1,1,EM-3616-GA,DR-4830-GA,7872,2267,615,28.8,7.81,3728,663,47.36,8.42,1877,584,23.84,7.42,No,60.59,13.74,89.69,48.42,11.95,84.9,0.0,0.0,0.0,8049,7773,0,4487,31,2976,197,66.3,4.4,2355,205,79.1,4.7,621,146,20.9,4.7,79.3,1.1,157,101,5.3,3.4,15,20,0.5,0.6,360,93,12.1,3.1,12.1,3.1,1476,29,19.0,0.4,1962,12,25.2,0.2,1497,238,19.5,3.1,17,19,0.2,0.2,7690,7690,3245,173,544884775.0,100.0,5.3,36.55,3,58502,7288,1185,272,15.1,3.5,7856,4.3,133,3095,4.2,131,3117,4.2,134,3173,3.4,109,3192,4.1,130,3153,4.7,146,3137,4.7,149,3188,4.8,152,3166,3.8,119,3162,5.3,170,3179,4.3,134,3114,3.9,121,3074,4.1,127,3086,4.4,137,3079,4.5,141,3137,3.6,117,3207,3.9,123,3143,4.1,127,3135,-1,1,-1,0,0,0,1,0,-1,0,0,-1,1,1,-1,5934,5274,2024-09-29 01:30:00+00:00,2024-09-29 01:30:00+00:00,100.0,50,50,7.5,DR-4830-GA,Hurricane,4830.0,GA,1360,0,2,2260,1945,1165,1836,1420,109,1418,191,1,1652,102,1049,1,75.9,3.7,47.6,73.1,93.6,74.0,100.0
"Long County, Georgia","POLYGON ((-81.975815 31.804859, -81.956383 31.808706, -81.940414 31.839872, -81.921921 31.852289, -81.912529 31.886833, -81.892471 31.895264, -81.881985 31.924095, -81.881989 31.924783, -81.889641 31.948683, -81.854576 31.988328, -81.824405 32.014882, -81.793922 31.977796, -81.779273 31.981004, -81.74694 31.969326, -81.745414 31.936275, -81.765442 31.88856, -81.765777 31.887847, -81.765357 31.87454, -81.721153 31.838203, -81.695442 31.812812, -81.68811 31.8094, -81.660331 31.800806, -81.643301 31.785703, -81.64199 31.768888, -81.640044 31.764777, -81.611115 31.751858, -81.499603 31.699968, -81.491798 31.699575, -81.566009 31.576467, -81.569051 31.575124, -81.622216 31.551295, -81.663206 31.538667, -81.696426 31.553272, -81.701774 31.584922, -81.717742 31.589056, -81.724784 31.599431, -81.755859 31.615449, -81.768041 31.614106, -81.771476 31.62803, -81.79058 31.633882, -81.787487 31.643151, -81.813637 31.664458, -81.814117 31.652303, -81.830941 31.65731, -81.838378 31.666943, -81.850624 31.667671, -81.8488 31.678495, -81.867126 31.691078, -81.874366 31.704179, -81.874397 31.710197, -81.904964 31.724303, -81.912146 31.754241, -81.944534 31.761127, -81.951492 31.785852, -81.969052 31.789324, -81.981033 31.791367, -81.975815 31.804859))",13183,1,1,1,1,EM-3616-GA,DR-4830-GA,19333,8245,1351,42.65,6.99,7851,1422,40.61,7.36,3237,1150,16.74,5.95,No,11.13,1.27,52.51,10.06,1.26,42.13,0.0,0.0,0.0,20439,17512,0,6605,22,5836,286,88.4,4.3,3692,355,63.3,6.0,2144,389,36.7,6.0,58.6,1.6,582,267,10.0,4.4,115,94,2.0,1.6,935,280,16.0,4.6,16.8,4.8,4857,38,27.7,0.2,1610,109,9.2,0.6,3270,543,19.7,3.2,429,165,2.6,1.0,12973,16168,5492,327,1037028629.0,80.2,6.0,40.38,2,63146,6137,2913,582,15.1,3.0,19232,3.5,252,7262,3.8,277,7332,3.6,267,7373,2.9,215,7304,3.6,267,7354,4.0,297,7388,4.0,294,7385,4.4,325,7389,3.3,245,7382,3.6,266,7468,3.5,260,7371,3.3,240,7289,3.7,267,7290,4.0,291,7309,3.8,281,7341,3.2,232,7312,3.6,263,7266,4.0,289,7277,0,0,0,1,0,0,-1,1,0,0,0,1,-1,1,-1,10838,5982,2024-09-27 14:45:00+00:00,2024-09-27 14:45:00+00:00,100.0,50,50,2.3,DR-4830-GA,Hurricane,4830.0,GA,1193,0,1,2468,1830,1461,1510,863,98,861,171,0,1645,85,543,0,42.3,1.7,14.8,66.7,86.7,63.1,0.0
"Lowndes County, Georgia","POLYGON ((-83.456764 30.76578, -83.453253 30.792882, -83.449983 30.81759, -83.43759 30.814363, -83.413598 30.828882, -83.395736 30.825445, -83.374068 30.839314, -83.369978 30.837667, -83.360024 30.83632, -83.34792 30.847114, -83.355857 30.872178, -83.369498 30.884171, -83.398644 30.883888, -83.417612 30.889391, -83.43998 30.904513, -83.437455 30.93865, -83.429265 30.948733, -83.443077 30.984995, -83.463689 31.005935, -83.468039 31.029217, -83.475617 31.031964, -83.397904 31.029903, -83.295522 31.027275, -83.295052 31.027278, -83.197971 31.025405, -83.180622 31.025488, -83.179465 30.950128, -83.13327 30.949011, -83.042924 30.947296, -83.02037 30.904337, -83.025993 30.864669, -83.019419 30.849453, -83.088082 30.848658, -83.088099 30.831193, -83.103235 30.831426, -83.104365 30.803703, -83.124865 30.803655, -83.136236 30.775229, -83.135126 30.7351, -83.130212 30.722098, -83.135777 30.721966, -83.1366140447318 30.623976460785, -83.156232 30.625496, -83.163371 30.625887, -83.1724160043374 30.6263342401496, -83.174474 30.626436, -83.187454 30.627215, -83.27172279078 30.6321812869432, -83.309256456485 30.634393291556, -83.309523 30.634409, -83.311715 30.634569, -83.34108 30.636338, -83.3577037830355 30.6373471003798, -83.36579 30.641449, -83.363054 30.65383, -83.396273 30.677314, -83.43968 30.688565, -83.454075 30.70061, -83.484766 30.752372, -83.456764 30.76578))",13185,1,1,1,1,EM-3616-GA,DR-4830-GA,116927,37124,4813,31.75,4.12,54690,5042,46.77,4.31,25113,4073,21.48,3.48,No,42.89,22.04,66.21,32.7,18.24,55.34,43.49,22.6,67.46,122082,119055,0,50323,95,44928,565,89.3,1.1,25201,849,56.1,1.7,19727,801,43.9,1.7,60.2,0.3,2216,336,4.9,0.7,878,232,2.0,0.5,7904,739,17.6,1.6,18.1,1.7,29282,16,24.6,0.1,15466,155,13.0,0.1,14117,1156,12.4,1.0,2739,552,2.5,0.5,41482,118251,44207,2023,1287872477.0,35.1,4.6,237.81,1,54984,4118,22576,3517,19.5,3.0,115749,3.7,1835,49189,3.7,1851,49402,3.7,1850,49604,3.1,1549,49383,3.9,1915,49451,4.6,2283,49643,4.5,2243,49539,4.7,2296,49203,3.7,1837,49292,4.1,2015,49262,3.8,1846,49108,3.8,1860,49039,4.0,1935,48965,4.1,2016,48761,4.1,2025,49005,3.4,1648,48619,3.7,1806,48362,4.3,2085,48374,0,-1,1,0,0,0,-1,0,-1,1,1,1,-1,0,-1,61947,75786,2024-09-27 05:30:00+00:00,2024-09-27 05:30:00+00:00,81.7,64,64,5.4,DR-4830-GA,Hurricane,4830.0,GA,17550,0,55,30799,27366,18330,25814,20400,1589,20383,3210,18,14892,1143,10130,18,68.6,3.5,45.4,48.4,71.9,49.7,100.0
"Lumpkin County, Georgia","POLYGON ((-84.188557 34.602692, -84.158035 34.648243, -84.124914 34.664419, -84.098701 34.653225, -84.07077 34.656361, -84.03651 34.641934, -84.038517 34.651733, -84.032794 34.651974, -84.024109 34.670753, -83.994698 34.678211, -83.982612 34.71589, -83.939007 34.740859, -83.93601 34.73829, -83.856506 34.722191, -83.863606 34.688593, -83.874707 34.673193, -83.870904 34.668552, -83.876152 34.620518, -83.864456 34.615581, -83.864436 34.610933, -83.866806 34.602751, -83.864368 34.560524, -83.843788 34.532397, -83.832831 34.532307, -83.843405 34.505494, -83.843315 34.497022, -83.877684 34.475644, -83.887627 34.459936, -83.898901 34.459861, -83.931886 34.469345, -83.920685 34.451126, -83.935093 34.449003, -83.965992 34.434111, -83.975146 34.432722, -83.970893 34.422811, -83.980649 34.418389, -84.011549 34.429677, -84.050638 34.44459, -84.090513 34.460118, -84.101135 34.471272, -84.115358 34.473277, -84.143967 34.498883, -84.18387 34.533603, -84.19104 34.539181, -84.188557 34.602692))",13187,1,1,0,1,EM-3616-GA,DR-4830-GA,31661,10750,1389,33.95,4.39,13938,1457,44.02,4.6,6973,1214,22.02,3.83,No,46.59,22.71,70.83,35.85,18.87,60.37,0.0,0.0,0.0,36016,33931,0,13325,66,11374,337,85.4,2.5,8914,363,78.4,2.3,2460,274,21.6,2.3,54.6,1.2,484,144,4.3,1.3,230,113,2.0,1.0,1022,238,9.0,2.1,10.2,2.3,5809,169,17.1,0.5,6181,132,18.2,0.4,4193,497,12.5,1.5,437,164,1.4,0.5,26980,33488,11676,543,732820611.0,80.6,4.7,118.36,2,72676,6994,4735,749,15.1,2.4,31387,3.4,554,16535,3.2,526,16570,3.3,545,16659,2.5,415,16535,3.4,568,16641,4.3,716,16772,4.0,673,16793,4.2,694,16687,3.2,533,16684,3.5,586,16713,3.0,502,16607,3.0,502,16589,3.5,573,16564,3.6,596,16499,3.6,599,16642,2.8,456,16491,3.1,515,16465,4.1,689,16676,-1,1,-1,0,0,0,-1,0,0,-1,-1,-1,1,0,-1,2327,17316,2024-09-27 12:30:00+00:00,2024-09-27 12:30:00+00:00,13.4,34,34,7.0,,,,,0,0,0,0,0,0,0,0,0,0,0,0,0,0,0,0,0.0,0.0,0.0,0.0,0.0,0.0,0.0
"Madison County, Georgia","POLYGON ((-83.402428 34.197499, -83.372694 34.206229, -83.355269 34.22374, -83.329048 34.248367, -83.297584 34.264572, -83.286491 34.253311, -83.250426 34.243458, -83.236679 34.248142, -83.202827 34.248337, -83.166252 34.242336, -83.11336 34.27353, -83.115847 34.262125, -83.078004 34.223606, -83.095491 34.202488, -83.102487 34.17305, -83.097416 34.163914, -83.067528 34.154804, -83.04792 34.12109, -83.03104 34.113309, -83.036163 34.098511, -82.991458 34.065054, -82.976294 34.043219, -83.001602 34.030899, -83.0289 34.030975, -83.048889 34.015804, -83.059471 34.018982, -83.090584 34.032616, -83.100967 34.024792, -83.124397 34.047585, -83.165049 34.033959, -83.187683 34.018208, -83.191416 34.012539, -83.220718 34.000501, -83.237006 34.013557, -83.258413 33.999098, -83.263306 34.006141, -83.299545 34.012751, -83.308974 34.018905, -83.326723 34.028664, -83.339516 34.032477, -83.359495 34.040288, -83.386763 34.050241, -83.381365 34.078539, -83.374298 34.082151, -83.357051 34.116199, -83.361011 34.148355, -83.363835 34.164059, -83.379441 34.171304, -83.402428 34.197499))",13195,1,1,0,1,EM-3616-GA,DR-4830-GA,32191,11612,1570,36.07,4.88,12927,1649,40.16,5.12,7652,1363,23.77,4.23,No,59.98,31.36,80.18,46.22,25.78,71.69,0.0,0.0,0.0,32771,30914,0,12371,26,10895,281,88.1,2.3,8240,380,75.6,3.5,2655,408,24.4,3.5,70.8,0.6,569,176,5.2,1.6,228,121,2.1,1.1,1318,351,12.1,3.2,12.4,3.1,7224,21,23.4,0.1,5595,57,18.1,0.2,5681,682,18.5,2.2,862,196,3.0,0.7,27306,30120,11267,637,731214551.0,90.7,5.7,106.69,2,65296,5969,4176,852,13.0,2.7,32002,3.4,471,13930,3.2,456,14097,3.4,478,14140,2.7,382,13974,3.3,464,13973,3.9,534,13815,3.8,519,13677,4.0,550,13875,3.2,455,14221,3.5,495,14310,3.1,435,14224,2.9,405,14136,3.1,435,14228,3.4,480,14186,3.4,480,14224,2.8,392,14125,3.1,437,14032,3.5,484,13926,0,1,-1,0,0,0,1,0,0,0,0,1,1,1,-1,3430,18279,2024-09-27 11:15:00+00:00,2024-09-27 11:15:00+00:00,18.8,34,50,5.9,,,,,0,0,0,0,0,0,0,0,0,0,0,0,0,0,0,0,0.0,0.0,0.0,0.0,0.0,0.0,0.0
"Mcduffie County, Georgia","POLYGON ((-82.643525 33.618034, -82.633502 33.611132, -82.617049 33.612171, -82.623749 33.619394, -82.617847 33.632203, -82.586683 33.640492, -82.583603 33.650477, -82.573511 33.639505, -82.565583 33.645918, -82.544281 33.638573, -82.537228 33.64916, -82.525209 33.644698, -82.507223 33.659994, -82.479518 33.639535, -82.458237 33.637471, -82.430915 33.655076, -82.425328 33.650629, -82.442846 33.631561, -82.432988 33.608147, -82.413171 33.592149, -82.432766 33.568851, -82.437223 33.552109, -82.384924 33.52995, -82.400473 33.506422, -82.399348 33.496848, -82.384762 33.467281, -82.334901 33.41812, -82.340573 33.40665, -82.319684 33.379457, -82.309598 33.365563, -82.294179 33.354635, -82.353498 33.312318, -82.371972 33.310879, -82.383829 33.312106, -82.411074 33.319922, -82.417427 33.332326, -82.449977 33.340505, -82.51072 33.342045, -82.535779 33.35746, -82.548068 33.352783, -82.544313 33.374721, -82.553566 33.415563, -82.565563 33.428891, -82.584563 33.449654, -82.587747 33.457317, -82.60393 33.496586, -82.649705 33.608768, -82.643525 33.618034))",13189,1,1,1,1,EM-3616-GA,DR-4830-GA,21728,5780,1372,26.6,6.31,10109,1493,46.53,6.87,5839,1317,26.87,6.06,No,77.82,39.69,92.74,67.29,32.07,89.3,0.0,0.0,0.0,21764,21687,0,9466,39,8298,260,87.7,2.9,5412,392,65.2,4.5,2886,390,34.8,4.5,76.9,0.9,409,145,4.9,1.7,72,51,0.9,0.6,1388,343,16.7,4.1,17.1,4.1,5424,39,25.0,0.2,4004,51,18.5,0.2,2666,370,12.4,1.7,43,41,0.2,0.2,12844,21632,8589,513,666608438.0,59.4,6.0,84.05,2,53389,5992,4128,923,19.1,4.3,21573,5.1,470,9208,4.8,446,9207,4.6,429,9241,4.5,421,9366,5.1,469,9245,5.5,510,9212,6.0,555,9301,5.6,509,9140,5.0,463,9204,6.7,624,9317,4.9,450,9144,4.7,429,9124,4.5,414,9120,4.5,409,9068,4.5,409,9126,3.8,355,9301,4.0,367,9097,4.5,412,9126,0,0,0,-1,0,1,1,0,-1,1,1,1,1,0,-1,11232,11683,2024-09-28 20:45:00+00:00,2024-09-28 20:45:00+00:00,96.1,50,50,8.4,DR-4830-GA,Hurricane,4830.0,GA,4291,0,4,6800,6005,3480,5787,4807,251,4805,512,0,4093,218,3018,0,81.9,3.0,57.9,60.2,86.9,62.8,0.0
"Mcintosh County, Georgia","POLYGON ((-81.663206 31.538667, -81.622216 31.551295, -81.569051 31.575124, -81.566009 31.576467, -81.491798 31.699575, -81.465967 31.694317, -81.467964 31.679056, -81.434188 31.64109, -81.417587 31.652094, -81.399512 31.644158, -81.377258 31.655061, -81.335019 31.650628, -81.314548 31.659382, -81.302416 31.650716, -81.261868 31.650142, -81.234421 31.63782, -81.190124 31.598101, -81.192565 31.578783, -81.1940234981324 31.5680976191538, -81.1943802746182 31.5681005790598, -81.204315 31.568183, -81.214536 31.557601, -81.240699 31.552313, -81.254218 31.55594, -81.260076 31.54828, -81.262602334849 31.5379206415605, -81.263905 31.532579, -81.263437 31.530932, -81.258809 31.52906, -81.2550879591796 31.5288982670885, -81.2413604489203 31.5283016087047, -81.217948 31.527284, -81.213519 31.528152, -81.199518 31.537596, -81.193016 31.535833, -81.181592 31.527697, -81.17831 31.52241, -81.177254 31.517074, -81.189643 31.503588, -81.204883 31.473124, -81.246911 31.422784, -81.258616 31.404425, -81.2770926961662 31.3703581909107, -81.278798 31.367214, -81.279338 31.351127, -81.282923 31.326491, -81.274513 31.326237, -81.268027 31.324218, -81.25482 31.315452, -81.260958 31.30391, -81.2699059255329 31.2944889357972, -81.298232 31.292456, -81.319122 31.309172, -81.368804 31.318703, -81.382995 31.317108, -81.401534 31.295182, -81.407752 31.290956, -81.403465 31.307669, -81.435874 31.313263, -81.435035 31.329306, -81.447723 31.32809, -81.46791 31.338457, -81.481078 31.335972, -81.505546 31.35561, -81.534255 31.367805, -81.535903 31.3764, -81.551437 31.378115, -81.577575 31.399429, -81.58673 31.414957, -81.605131 31.426895, -81.606986 31.439697, -81.62429 31.452982, -81.612054 31.469405, -81.65818 31.510147, -81.652252 31.528551, -81.663206 31.538667))",13191,1,1,1,1,EM-3616-GA,DR-4830-GA,11446,3312,689,28.94,6.02,4525,748,39.53,6.54,3609,666,31.53,5.82,Yes,92.45,70.22,97.19,88.67,59.74,95.59,95.2,71.57,98.96,11800,11187,0,6796,17,4784,241,70.4,3.5,3838,241,80.2,4.3,946,225,19.8,4.3,80.1,2.7,517,158,10.8,3.2,56,43,1.2,0.9,1088,272,22.7,5.3,23.2,5.4,1698,35,15.2,0.3,3279,108,29.3,1.0,2847,417,25.7,3.8,14,15,0.1,0.1,10975,10975,4681,249,1117184399.0,100.0,5.3,25.44,3,56573,6792,2142,465,18.7,4.1,11425,3.5,170,4883,3.8,189,4940,3.6,181,4978,3.4,169,4989,3.8,189,5015,3.9,195,5057,3.8,191,5064,4.4,219,5034,3.3,167,5019,3.6,178,4998,3.5,175,4981,3.3,165,4942,3.4,169,4938,3.8,189,4938,3.9,192,4976,3.5,174,4997,3.7,185,5040,3.7,190,5067,-1,1,-1,0,0,1,1,1,-1,1,1,-1,1,1,-1,8839,8918,2024-09-27 12:45:00+00:00,2024-09-27 12:45:00+00:00,99.1,50,50,1.6,DR-4830-GA,Hurricane,4830.0,GA,612,0,0,1365,994,820,874,515,124,512,207,1,951,120,375,1,28.5,2.6,10.7,69.7,96.8,73.2,100.0
"Mitchell County, Georgia","POLYGON ((-84.506823 31.123336, -84.478804 31.148554, -84.468303 31.169073, -84.420169 31.19759, -84.41216 31.190139, -84.409044 31.210051, -84.393956 31.229693, -84.366588 31.239775, -84.359736 31.258983, -84.335513 31.291501, -84.338192 31.306807, -84.316302 31.311679, -84.31312 31.32234, -84.234254 31.34042, -84.226348 31.351479, -84.201019 31.355558, -84.194552 31.392575, -84.175871 31.398006, -84.177118 31.410646, -84.153266 31.413699, -84.141124 31.440179, -84.137769 31.442677, -84.062144 31.443078, -83.997796 31.443753, -83.999364 31.336858, -83.99943 31.334966, -84.000911 31.260357, -84.002977 31.11189, -84.013851 31.102436, -84.003201 31.102349, -84.003627 31.07729, -84.116644 31.077971, -84.127779 31.078033, -84.159644 31.078414, -84.376612 31.078883, -84.508078 31.0784, -84.506823 31.123336))",13205,1,1,0,1,EM-3616-GA,DR-4830-GA,19983,4723,1043,23.64,5.22,9504,1147,47.56,5.74,5756,1026,28.8,5.13,No,85.54,58.77,94.11,79.24,47.79,91.19,0.0,0.0,0.0,20329,21441,0,9042,28,7995,224,88.4,2.5,5227,317,65.4,3.9,2768,336,34.6,3.9,69.3,1.2,749,209,9.4,2.6,184,112,2.3,1.4,2364,334,29.6,4.1,30.2,4.2,4903,18,22.9,0.1,3877,86,18.1,0.4,4289,500,21.7,2.5,484,118,2.4,0.6,16485,21755,8156,507,1326483082.0,75.8,6.2,42.48,2,48774,5332,4698,1099,23.8,5.6,19737,3.7,318,8707,3.8,330,8765,3.8,329,8662,3.4,291,8656,4.0,342,8654,4.4,382,8627,4.4,383,8631,4.6,397,8725,3.9,344,8821,3.7,334,8961,3.8,336,8914,3.6,312,8732,3.8,332,8693,4.3,366,8595,4.1,356,8624,3.5,300,8505,3.8,315,8283,4.3,352,8233,0,0,0,-1,0,1,1,1,0,1,1,1,1,1,-1,1015,9884,2024-09-27 12:45:00+00:00,2024-09-27 12:45:00+00:00,10.3,34,50,6.2,,,,,0,0,0,0,0,0,0,0,0,0,0,0,0,0,0,0,0.0,0.0,0.0,0.0,0.0,0.0,0.0
"Monroe County, Georgia","POLYGON ((-84.12334 32.932184, -84.054175 32.931497, -84.044113 32.947874, -84.042944 33.023919, -84.041355 33.129603, -84.040915 33.167342, -84.041498 33.202629, -83.980697 33.202322, -83.928424 33.20191, -83.877014 33.202387, -83.842978 33.196855, -83.822261 33.180238, -83.822929 33.157856, -83.813919 33.147633, -83.816048 33.131816, -83.773917 33.07936, -83.747004 33.063373, -83.721212 33.023364, -83.726834 33.016558, -83.722429 32.975687, -83.705949 32.962264, -83.710685 32.952792, -83.734112 32.952393, -83.725855 32.944905, -83.776629 32.915052, -83.776921 32.914871, -83.791204 32.906614, -83.817756 32.891341, -83.863831 32.864683, -83.872752 32.859489, -83.891922 32.848351, -83.968421 32.84886, -83.968309 32.857136, -83.978409 32.848936, -84.124275 32.849562, -84.12334 32.932184))",13207,1,1,0,1,EM-3616-GA,DR-4830-GA,29501,11552,1758,39.16,5.96,11559,1856,39.18,6.29,6390,1580,21.66,5.36,No,44.14,13.26,76.14,33.96,11.95,66.66,0.0,0.0,0.0,31437,28919,0,11354,35,10423,297,91.8,2.6,8653,406,83.0,3.7,1770,398,17.0,3.7,66.2,1.0,506,192,4.9,1.8,104,59,1.0,0.6,740,243,7.1,2.3,7.5,2.3,6067,80,21.0,0.3,5447,57,18.8,0.2,4147,546,15.0,2.0,259,100,0.9,0.4,22879,27957,10257,593,1025872454.0,81.8,5.8,70.58,2,80692,9234,3408,767,11.7,2.6,29177,3.0,416,13889,3.0,425,13973,3.1,432,14034,2.6,359,13895,3.2,444,13892,3.6,497,13973,3.5,481,13937,3.8,525,13910,2.9,407,13980,3.1,428,13981,3.0,422,13929,3.0,418,13885,3.1,431,13931,3.4,471,13856,3.3,460,13943,2.6,364,13857,3.0,412,13814,3.2,443,13884,0,1,-1,0,0,0,1,0,-1,-1,-1,-1,1,0,-1,1637,12415,2024-09-27 11:30:00+00:00,2024-09-27 11:30:00+00:00,13.2,34,34,6.5,,,,,0,0,0,0,0,0,0,0,0,0,0,0,0,0,0,0,0.0,0.0,0.0,0.0,0.0,0.0,0.0
"Montgomery County, Georgia","POLYGON ((-82.649298 32.311132, -82.40913 32.353738, -82.438987 32.29318, -82.439603 32.273711, -82.440927 32.22598, -82.441124 32.217998, -82.445998 32.191009, -82.453672 32.148348, -82.463608 32.09041, -82.483131 31.968961, -82.499496 31.960567, -82.480224 31.954961, -82.491485 31.948678, -82.517077 31.957914, -82.533097 31.961351, -82.543655 31.958914, -82.547561 31.981588, -82.597671 32.013979, -82.607505 32.032016, -82.602096 32.046512, -82.613815 32.060619, -82.610606 32.075211, -82.622985 32.082271, -82.611411 32.089111, -82.623634 32.113731, -82.62619 32.132736, -82.613593 32.149951, -82.612876 32.161549, -82.626563 32.169963, -82.632324 32.195663, -82.625327 32.206016, -82.63243 32.226002, -82.648567 32.244476, -82.636634 32.269142, -82.651534 32.286704, -82.645232 32.295799, -82.655486 32.297561, -82.649298 32.311132))",13209,1,1,1,1,EM-3616-GA,DR-4830-GA,8063,2204,525,27.33,6.51,3679,558,45.63,6.92,2180,475,27.04,5.89,No,78.6,42.33,92.64,68.55,33.96,88.67,0.0,0.0,0.0,8566,8675,0,3776,34,3021,130,80.0,3.4,2297,156,76.0,4.3,724,137,24.0,4.3,61.1,0.1,172,62,5.7,2.1,52,28,1.7,0.9,493,123,16.3,4.1,17.5,4.2,1777,0,20.5,0.0,1512,3,17.4,0.1,1143,166,14.0,2.0,277,119,3.4,1.4,8499,8610,3157,163,624563059.0,98.7,5.2,35.7,2,53248,6168,1663,385,20.7,4.8,8029,4.5,153,3433,4.3,148,3451,4.5,153,3386,3.7,128,3435,4.7,159,3359,5.4,182,3399,5.5,186,3368,5.5,187,3378,4.1,143,3470,4.4,154,3520,3.7,130,3495,4.1,145,3520,4.5,157,3471,4.4,151,3459,4.2,144,3462,3.3,114,3455,3.9,132,3377,4.7,157,3362,-1,1,-1,-1,0,1,-1,0,-1,1,1,-1,1,0,-1,4785,4718,2024-09-30 15:00:00+00:00,2024-09-30 15:00:00+00:00,100.0,50,50,7.4,DR-4830-GA,Hurricane,4830.0,GA,1579,0,7,2603,2405,1892,2300,1814,243,1813,518,3,1841,227,1336,3,86.2,8.0,60.0,70.7,93.4,73.7,100.0
"Newton County, Georgia","POLYGON ((-84.054271 33.520008, -84.044837 33.52495, -84.044493 33.525776, -84.033241 33.538173, -84.032117 33.539408, -84.024279 33.548226, -84.010681 33.563312, -84.010452 33.563564, -83.995773 33.579896, -83.993442 33.582512, -83.972655 33.605482, -83.966315 33.612487, -83.951533 33.628898, -83.931499 33.650898, -83.931268 33.651259, -83.920548 33.691899, -83.925054 33.710515, -83.913229 33.712697, -83.918235 33.721955, -83.917495 33.736832, -83.914823 33.744203, -83.892612 33.730381, -83.851342 33.70468, -83.782435 33.661501, -83.778069 33.65875, -83.758286 33.646351, -83.734353 33.645639, -83.701085 33.623307, -83.69941 33.609442, -83.680896 33.596919, -83.687386 33.588559, -83.677669 33.571176, -83.682196 33.52622, -83.687523 33.512204, -83.674644 33.487225, -83.704743 33.488518, -83.742085 33.476479, -83.771278 33.452495, -83.812195 33.434657, -83.823385 33.438037, -83.845207 33.414721, -83.831545 33.392926, -83.853942 33.367239, -83.863058 33.368278, -83.8643 33.377054, -83.895081 33.396725, -83.912299 33.41768, -83.923913 33.444194, -83.927008 33.452539, -83.947884 33.477222, -83.946526 33.481761, -83.958001 33.484612, -83.999447 33.494324, -84.011076 33.492477, -84.037184 33.49578, -84.04413 33.520352, -84.051278 33.510965, -84.054271 33.520008))",13217,1,1,1,1,EM-3616-GA,DR-4830-GA,119056,42652,5047,35.83,4.24,57542,5199,48.33,4.37,18862,4040,15.84,3.39,No,7.92,2.93,29.42,7.55,2.52,23.9,0.0,0.0,0.0,124010,115530,0,42836,42,40531,463,94.6,1.1,29962,861,73.9,2.0,10569,841,26.1,2.0,63.6,0.5,2162,402,5.3,1.0,1031,358,2.5,0.9,5574,670,13.8,1.7,14.7,1.7,29569,0,25.6,0.0,15331,195,13.3,0.2,16036,1308,14.0,1.1,2579,782,2.4,0.7,38216,112483,39477,3276,709175872.0,34.0,8.3,410.8,1,76151,5822,14027,2905,11.8,2.5,118396,4.1,2407,59309,4.0,2359,59438,3.9,2356,59731,3.6,2133,59363,4.1,2425,59520,4.7,2791,59888,4.6,2733,60052,4.7,2811,59493,4.4,2618,59815,4.4,2611,59602,4.2,2524,59486,4.1,2456,59523,4.2,2494,59294,4.3,2552,59126,4.2,2520,59549,3.8,2227,59186,3.8,2268,59068,4.4,2607,59638,1,1,-1,0,0,-1,0,0,0,1,1,1,-1,0,-1,5344,43490,2024-09-27 13:15:00+00:00,2024-09-27 13:15:00+00:00,12.3,34,34,6.1,DR-4830-GA,Hurricane,4830.0,GA,323,0,0,1093,881,704,796,386,31,386,47,0,399,25,133,0,2.7,0.1,1.0,36.5,80.6,34.5,0.0
"Oglethorpe County, Georgia","POLYGON ((-83.306619 33.811444, -83.275933 33.847977, -83.24086 33.90443, -83.259033 33.924017, -83.27575 33.942755, -83.269551 33.957969, -83.268992 34.000604, -83.258413 33.999098, -83.237006 34.013557, -83.220718 34.000501, -83.191416 34.012539, -83.187683 34.018208, -83.165049 34.033959, -83.124397 34.047585, -83.100967 34.024792, -83.090584 34.032616, -83.059471 34.018982, -83.048889 34.015804, -83.0289 34.030975, -83.001602 34.030899, -82.976294 34.043219, -82.943497 34.027843, -82.927483 34.00742, -82.885671 34.000077, -82.863434 33.983002, -82.824594 33.984381, -82.779506 33.971124, -82.794067 33.94865, -82.810206 33.945468, -82.848777 33.939599, -82.874587 33.921767, -82.89008 33.896489, -82.912276 33.877246, -82.922082 33.85676, -82.946795 33.842674, -82.9616 33.811007, -82.9763 33.80235, -82.987286 33.78071, -82.949046 33.733333, -82.993133 33.701523, -82.995602 33.693583, -83.007881 33.689869, -83.048171 33.714108, -83.118729 33.698818, -83.28034 33.761774, -83.280914 33.783424, -83.306619 33.811444))",13221,1,1,0,1,EM-3616-GA,DR-4830-GA,15754,5188,917,32.93,5.82,7242,969,45.97,6.15,3324,818,21.1,5.19,No,40.33,11.54,72.8,30.19,10.06,62.89,0.0,0.0,0.0,16172,15221,0,6450,40,5242,205,81.3,3.3,4273,251,81.5,4.2,969,229,18.5,4.2,68.2,3.1,314,122,6.0,2.3,49,37,0.9,0.7,560,156,10.7,3.0,11.2,2.9,3286,42,21.6,0.3,2886,157,19.0,1.0,2334,297,15.5,2.0,451,186,3.1,1.3,14825,14825,5803,299,1137165329.0,100.0,5.2,33.77,3,67249,7011,2053,465,13.1,3.0,15642,3.0,217,7341,3.1,234,7469,3.0,228,7478,2.5,186,7445,3.0,226,7432,3.6,262,7335,3.5,258,7286,3.7,276,7440,3.0,227,7624,3.2,247,7692,2.9,219,7622,2.6,199,7517,2.9,221,7550,3.1,234,7493,3.1,231,7541,2.6,192,7516,2.9,213,7429,3.1,231,7342,-1,1,-1,0,0,0,1,0,-1,0,0,-1,1,1,-1,4244,7312,2024-09-27 13:15:00+00:00,2024-09-27 13:15:00+00:00,58.0,50,50,7.2,,,,,0,0,0,0,0,0,0,0,0,0,0,0,0,0,0,0,0.0,0.0,0.0,0.0,0.0,0.0,0.0
"Paulding County, Georgia","POLYGON ((-85.049833 33.952635, -84.978683 33.951393, -84.969418 33.973501, -84.962887 33.9895, -84.922742 34.082497, -84.914443 34.075297, -84.880339 34.082573, -84.839398 34.082541, -84.740727 34.08236, -84.737836 34.079399, -84.738438 34.057396, -84.738841 34.034733, -84.738933 34.029962, -84.739237 34.002868, -84.739437 33.97774, -84.739636 33.947602, -84.728404 33.947702, -84.723534 33.934863, -84.723537 33.934734, -84.72423 33.903596, -84.724435 33.881766, -84.724436 33.881559, -84.724935 33.827559, -84.725033 33.820065, -84.724139 33.80617, -84.724122 33.791439, -84.730974 33.788568, -84.750195 33.787719, -84.750393 33.787725, -84.767494 33.786895, -84.786386 33.784316, -84.793599 33.783241, -84.799853 33.779909, -84.858827 33.775229, -84.879151 33.774758, -84.897247 33.779529, -84.901688 33.780703, -84.972138 33.79978, -85.037926 33.811942, -85.037674 33.829027, -85.036735 33.900931, -85.05031 33.904488, -85.049833 33.952635))",13223,1,1,0,1,EM-3616-GA,DR-4830-GA,182793,83123,7174,45.47,3.92,77489,7196,42.39,3.94,22181,5155,12.13,2.82,No,0.86,0.6,8.4,1.89,0.63,7.55,0.0,0.0,0.0,188549,174292,0,61504,74,58608,631,95.3,1.0,47042,1145,80.3,1.7,11566,1026,19.7,1.7,59.1,0.2,3172,520,5.4,0.9,1677,464,2.9,0.8,5396,693,9.2,1.2,10.2,1.2,44800,48,25.7,0.1,19909,138,11.4,0.1,19964,1510,11.5,0.9,4145,713,2.5,0.4,34541,168661,56911,4171,809073023.0,20.5,7.3,539.91,1,93773,7871,14053,2849,7.7,1.6,182040,3.1,2856,90999,3.2,2911,91317,3.3,2988,91909,2.8,2546,91578,3.3,2985,91843,3.7,3414,92244,3.6,3325,92324,3.8,3501,91841,3.0,2787,91776,3.2,2935,91652,3.2,2896,91569,3.0,2766,91576,3.2,2907,91376,3.5,3153,91197,3.4,3132,91733,2.8,2594,91230,3.1,2829,91190,3.5,3209,91998,1,1,-1,1,0,-1,-1,0,0,-1,-1,1,-1,-1,-1,1424,80984,2024-09-27 11:45:00+00:00,2024-09-27 11:45:00+00:00,1.8,34,34,7.4,,,,,0,0,0,0,0,0,0,0,0,0,0,0,0,0,0,0,0.0,0.0,0.0,0.0,0.0,0.0,0.0
"Pierce County, Georgia","POLYGON ((-82.417246 31.417119, -82.401794 31.417278, -82.401512 31.430292, -82.35683 31.430229, -82.344843 31.43013, -82.330021 31.457095, -82.300621 31.467812, -82.300422 31.493175, -82.269661 31.492643, -82.255946 31.517409, -82.226585 31.530699, -82.219044 31.518709, -82.163391 31.475658, -82.151123 31.469924, -82.132794 31.471262, -82.09051 31.480009, -82.063387 31.466362, -82.052754 31.454569, -82.057524 31.409117, -82.041129 31.373721, -82.04084 31.362846, -82.020202 31.327444, -81.992114 31.307996, -81.997191 31.288634, -82.007591 31.275648, -82.056915 31.274729, -82.063339 31.271229, -82.076545 31.275537, -82.114822 31.270355, -82.144195 31.254974, -82.1464 31.226875, -82.162307 31.216917, -82.193474 31.202356, -82.226288 31.22048, -82.268616 31.216951, -82.284561 31.224449, -82.31504 31.225958, -82.32247 31.238242, -82.322939 31.238492, -82.332664 31.241425, -82.357887 31.264023, -82.36718 31.285339, -82.3855 31.294746, -82.387212 31.297109, -82.389451 31.364905, -82.402561 31.404835, -82.417246 31.417119))",13229,1,1,1,1,EM-3616-GA,DR-4830-GA,20322,6922,1238,34.06,6.09,9392,1294,46.22,6.37,4008,1060,19.72,5.22,No,30.32,7.09,66.18,25.15,6.29,55.34,31.85,6.16,67.12,20669,19996,0,8459,20,7496,220,88.6,2.6,5853,325,78.1,4.3,1643,333,21.9,4.3,71.6,1.2,398,179,5.3,2.4,115,52,1.5,0.7,979,197,13.1,2.7,13.3,2.7,4949,22,24.7,0.1,3392,85,17.0,0.4,2626,362,13.2,1.8,200,178,1.1,0.9,19463,19716,7506,392,881797573.0,98.7,5.2,57.91,2,56330,7015,3274,713,16.2,3.5,20265,3.6,293,8078,3.6,289,8102,3.6,292,8074,2.8,227,8074,3.7,297,8075,4.3,349,8050,4.1,328,8017,4.7,380,8039,3.3,266,7976,4.0,324,8022,3.5,286,8141,3.6,297,8345,3.7,308,8293,3.9,320,8188,4.0,327,8209,3.1,256,8225,3.6,293,8182,4.0,329,8162,0,1,-1,0,0,0,1,0,-1,0,0,1,0,0,-1,12266,11227,2024-09-27 18:30:00+00:00,2024-09-27 18:30:00+00:00,100.0,50,50,2.2,DR-4830-GA,Hurricane,4830.0,GA,3201,0,3,4991,4385,2763,4165,3292,199,3290,324,1,3657,186,2480,1,66.6,2.7,43.9,73.3,93.5,75.4,100.0
"Pike County, Georgia","POLYGON ((-84.535174 33.042177, -84.522749 33.061335, -84.52515 33.078463, -84.510714 33.084313, -84.528718 33.09796, -84.518357 33.10682, -84.510921 33.126368, -84.515351 33.147881, -84.507397 33.175269, -84.496783 33.183866, -84.451336 33.208889, -84.393467 33.208311, -84.364072 33.189591, -84.352267 33.189542, -84.325591 33.189349, -84.289083 33.18919, -84.26834 33.189234, -84.248185 33.189019, -84.24837 33.078557, -84.248196 33.065824, -84.248659 33.03933, -84.269169 33.031438, -84.27014 32.991011, -84.289102 32.991326, -84.292989 32.999691, -84.298723 32.99147, -84.401584 32.992561, -84.415566 32.992734, -84.490015 32.993487, -84.505721 32.972551, -84.52702 32.970548, -84.521759 32.973716, -84.5345 33.026398, -84.535174 33.042177))",13231,1,1,0,1,EM-3616-GA,DR-4830-GA,20271,7243,1138,35.73,5.61,8317,1174,41.03,5.79,4711,941,23.24,4.64,No,56.39,25.44,79.67,42.76,21.38,71.06,0.0,0.0,0.0,20669,19540,0,7262,25,6505,150,89.6,2.0,5517,204,84.8,2.5,988,165,15.2,2.5,65.3,1.0,272,105,4.2,1.6,104,70,1.6,1.1,299,99,4.6,1.5,5.6,1.8,4595,34,23.5,0.2,3121,69,16.0,0.4,2165,267,11.2,1.4,85,33,0.5,0.2,18836,18889,6630,420,559660486.0,99.7,6.3,87.41,2,80652,9755,2248,408,11.2,2.0,20160,3.0,284,9555,2.8,269,9564,3.0,288,9625,2.3,221,9530,3.1,293,9583,3.4,329,9621,3.4,333,9654,3.7,351,9562,2.8,271,9566,2.9,278,9542,3.0,288,9554,2.9,282,9575,2.9,281,9531,3.2,304,9519,3.2,310,9591,2.6,245,9509,2.9,280,9520,3.2,307,9589,0,1,-1,0,0,0,1,0,0,-1,-1,1,-1,-1,-1,1757,11255,2024-09-27 11:30:00+00:00,2024-09-27 11:30:00+00:00,15.6,34,34,10.4,,,,,0,0,0,0,0,0,0,0,0,0,0,0,0,0,0,0,0.0,0.0,0.0,0.0,0.0,0.0,0.0
"Pulaski County, Georgia","POLYGON ((-83.615799 32.251468, -83.606505 32.267506, -83.606397 32.288435, -83.615579 32.288556, -83.572421 32.344576, -83.522895 32.402241, -83.506668 32.3889, -83.502713 32.389201, -83.498039 32.401715, -83.413392 32.328249, -83.346528 32.272489, -83.373931 32.249741, -83.291106 32.178825, -83.324805 32.150367, -83.308926 32.125709, -83.319893 32.120203, -83.337313 32.105885, -83.359379 32.106144, -83.361113 32.124092, -83.397148 32.124099, -83.396981 32.132578, -83.41644 32.133076, -83.416543 32.12517, -83.435593 32.125419, -83.435657 32.117244, -83.608547 32.118405, -83.607786 32.184958, -83.606926 32.238282, -83.615799 32.251468))",13235,1,1,0,1,EM-3616-GA,DR-4830-GA,8877,2008,642,22.62,7.23,4183,694,47.12,7.82,2686,610,30.26,6.87,No,89.49,57.15,97.06,83.01,46.54,95.59,0.0,0.0,0.0,10180,9893,0,4240,306,3284,313,77.5,4.7,2220,252,67.6,6.5,1064,263,32.4,6.5,70.9,8.9,244,105,7.4,3.3,49,42,1.5,1.3,462,130,14.1,4.1,14.5,4.2,1811,329,18.3,3.3,2292,260,23.2,2.6,1744,306,20.3,3.6,225,107,2.4,1.1,9855,9855,3595,174,645583958.0,100.0,4.8,39.54,3,46123,3806,2017,425,23.0,4.8,8775,3.7,141,3818,3.8,144,3834,3.9,150,3802,3.2,120,3797,4.1,154,3774,4.4,167,3765,4.1,155,3740,4.2,158,3759,3.4,130,3868,3.3,130,3938,3.2,126,3912,3.0,117,3918,3.3,130,3950,3.6,140,3924,3.8,151,3957,2.8,110,3860,3.4,129,3816,3.9,148,3799,-1,0,0,-1,0,1,0,0,0,0,0,-1,1,1,-1,1943,6333,2024-09-27 11:30:00+00:00,2024-09-27 11:30:00+00:00,30.7,34,50,7.4,,,,,0,0,0,0,0,0,0,0,0,0,0,0,0,0,0,0,0.0,0.0,0.0,0.0,0.0,0.0,0.0
"Putnam County, Georgia","POLYGON ((-83.541592 33.287754, -83.539948 33.312249, -83.53935 33.353314, -83.533736 33.434472, -83.39084 33.4634, -83.299079 33.479991, -83.279931 33.483438, -83.274864 33.464115, -83.256966 33.455315, -83.261699 33.443242, -83.239708 33.418373, -83.244186 33.399234, -83.212662 33.400394, -83.224098 33.379925, -83.197899 33.395321, -83.178101 33.380268, -83.169968 33.370674, -83.164207 33.35503, -83.14479 33.340774, -83.14353 33.334744, -83.150517 33.321607, -83.145813 33.311461, -83.178444 33.292046, -83.230031 33.276054, -83.228674 33.25679, -83.253461 33.25929, -83.262888 33.208024, -83.274011 33.199923, -83.274108 33.187238, -83.292952 33.189879, -83.318852 33.183116, -83.330618 33.167491, -83.341042 33.17233, -83.36309 33.180171, -83.36385 33.169094, -83.391468 33.183514, -83.410017 33.181388, -83.418277 33.17734, -83.42909 33.185352, -83.432795 33.183255, -83.545876 33.171944, -83.541592 33.287754))",13237,1,1,0,1,EM-3616-GA,DR-4830-GA,23126,6236,1199,26.97,5.18,10414,1318,45.03,5.7,6476,1175,28.0,5.08,No,82.61,53.94,92.96,75.46,43.39,89.3,0.0,0.0,0.0,23383,22524,0,13341,49,10134,410,76.0,3.1,8364,485,82.5,3.9,1770,409,17.5,3.9,78.9,0.4,704,225,6.9,2.3,119,92,1.2,0.9,1348,422,13.3,4.2,13.4,4.2,4417,9,19.6,0.1,5515,24,24.5,0.1,4131,617,18.5,2.7,532,296,2.5,1.4,22047,22047,9181,436,892721735.0,100.0,4.7,63.96,3,59068,7037,3582,720,15.6,3.1,22959,3.6,347,9770,3.5,347,9859,3.7,363,9920,3.0,301,9932,3.6,361,9993,4.1,415,10083,4.0,402,10061,4.3,429,9910,3.6,364,10022,3.7,367,10035,3.8,381,10044,3.3,334,9998,3.7,368,9967,4.0,399,9970,4.0,403,10044,3.3,325,9982,3.4,346,10050,3.7,376,10137,-1,1,-1,-1,0,1,1,0,-1,0,0,-1,1,1,-1,1959,15752,2024-09-27 13:15:00+00:00,2024-09-27 13:15:00+00:00,12.4,34,50,6.1,,,,,0,0,0,0,0,0,0,0,0,0,0,0,0,0,0,0,0.0,0.0,0.0,0.0,0.0,0.0,0.0
"Rabun County, Georgia","POLYGON ((-83.656672 34.878602, -83.63059 34.894492, -83.626589 34.910092, -83.618245 34.911339, -83.59901 34.912774, -83.60159 34.938342, -83.546883 34.946492, -83.549381 34.992492, -83.4829524283476 34.9934833880904, -83.4829517221393 34.9934833986299, -83.3818328432647 34.9949925090885, -83.3817917572378 34.9949931222614, -83.3371106576176 34.9956599484316, -83.322768 34.995874, -83.2968581242502 34.9965751980759, -83.19041 34.999456, -83.108606 35.000659, -83.105531 34.996344, -83.1046 34.992783, -83.10449 34.989332, -83.106991 34.98272, -83.110025 34.980635, -83.112021 34.975896, -83.120387 34.968406, -83.121803 34.96362, -83.12114 34.958966, -83.124378 34.95524, -83.127035 34.953778, -83.126761 34.948742, -83.12294 34.944513, -83.121214 34.942684, -83.120502 34.941262, -83.121112 34.939129, -83.122585 34.938062, -83.125175 34.937047, -83.12807 34.938113, -83.129493 34.937402, -83.130356 34.935167, -83.129885 34.932351, -83.130554 34.930932, -83.140621 34.924915, -83.143261 34.924756, -83.149946 34.927218, -83.153253 34.926342, -83.155879 34.9243, -83.158019 34.920117, -83.160937 34.918269, -83.165022 34.918853, -83.168524 34.91788, -83.170754 34.914231, -83.174034 34.910911, -83.178932 34.90825, -83.180871 34.904708, -83.186541 34.899534, -83.190409 34.89794, -83.194786 34.897843, -83.197627 34.895046, -83.203351 34.893717, -83.204572 34.890284, -83.201183 34.884653, -83.205627 34.880142, -83.209683 34.880279, -83.213323 34.882796, -83.220099 34.878124, -83.22924 34.879907, -83.232379 34.878051, -83.23751 34.877057, -83.239081 34.875661, -83.238557 34.872868, -83.238419 34.869771, -83.240847 34.866736, -83.245602 34.865522, -83.247018 34.863094, -83.24722 34.85844, -83.250053 34.856012, -83.252582 34.853483, -83.253762 34.848057, -83.254605 34.846402, -83.255718 34.845592, -83.258146 34.844985, -83.25986 34.845629, -83.262193 34.846402, -83.26452 34.846402, -83.267656 34.845289, -83.269982 34.837196, -83.267293 34.832748, -83.268159 34.821393, -83.271214 34.81844, -83.275656 34.816862, -83.283151 34.821328, -83.284812 34.823043, -83.289914 34.824477, -83.29112 34.822508, -83.291325 34.818833, -83.294292 34.814725, -83.297259 34.814268, -83.299428 34.814268, -83.301368 34.814154, -83.302395 34.813241, -83.302965 34.812214, -83.302965 34.811073, -83.301482 34.808677, -83.301182 34.804008, -83.303643 34.802403, -83.313782 34.799911, -83.323866 34.789712, -83.3238289970818 34.7895611288823, -83.319945 34.773725, -83.321008 34.765371, -83.320062 34.759616, -83.338666 34.742295, -83.348829 34.737194, -83.353238 34.728648, -83.3524926405687 34.7161214082301, -83.386229 34.736192, -83.390422 34.735645, -83.403662 34.728921, -83.431221 34.747345, -83.47893 34.72394, -83.503487 34.734291, -83.512788 34.731683, -83.548988 34.749451, -83.56221 34.781101, -83.556641 34.785057, -83.576248 34.795494, -83.586897 34.819991, -83.601566 34.826615, -83.613084 34.822015, -83.652194 34.822993, -83.659088 34.830275, -83.656672 34.878602))",13241,1,1,1,1,EM-3616-GA,DR-4830-GA,17342,4614,866,26.61,4.99,7960,941,45.9,5.43,4768,822,27.49,4.74,No,80.89,52.86,91.56,72.32,42.13,87.41,0.0,0.0,0.0,17711,17107,0,12142,39,7113,367,58.6,3.1,5504,284,77.4,2.8,1609,241,22.6,2.8,81.0,1.4,264,81,3.7,1.2,174,106,2.4,1.5,574,144,8.1,2.0,9.3,2.2,2790,8,16.3,0.1,4867,75,28.5,0.4,2999,327,17.7,1.9,407,222,2.5,1.4,16883,16883,7313,259,958649647.0,100.0,3.5,45.61,3,60085,6461,2242,481,13.0,2.8,17233,3.3,237,7223,3.4,249,7368,3.4,253,7464,2.6,194,7361,3.4,253,7508,3.6,275,7622,3.3,259,7839,4.0,306,7660,2.8,214,7511,3.0,223,7542,3.2,245,7557,2.9,214,7364,3.6,265,7385,3.8,283,7433,3.8,287,7578,2.8,216,7678,3.2,246,7636,3.3,253,7740,-1,1,-1,-1,0,1,1,-1,0,-1,-1,-1,1,1,-1,12586,17082,2024-09-27 15:15:00+00:00,2024-09-27 15:15:00+00:00,73.7,34,34,11.0,DR-4830-GA,Hurricane,4830.0,GA,123,0,0,251,187,139,172,78,7,78,11,0,165,5,48,0,3.5,0.1,1.1,65.7,71.4,61.5,0.0
"Richmond County, Georgia","POLYGON ((-82.353498 33.312318, -82.294179 33.354635, -82.221232 33.407734, -82.189092 33.431249, -82.179949 33.438729, -82.128742 33.473935, -82.110016 33.487494, -82.108451 33.488497, -82.098664 33.495461, -82.088436 33.502988, -82.070688 33.5161, -82.063027 33.520739, -82.028238 33.544934, -82.023438 33.540734, -82.023438 33.537935, -82.019838 33.535035, -82.0124735862371 33.5321069800702, -82.011538 33.531735, -82.010038 33.530435, -82.007638 33.523335, -82.007138 33.522835, -82.004338 33.521935, -82.001338 33.520135, -81.991938 33.504435, -81.990382 33.500759, -81.9906090848967 33.4980944282989, -81.990938 33.494235, -81.989338 33.490036, -81.985938 33.486536, -81.9817263359971 33.4845497408023, -81.980637 33.484036, -81.973537 33.482636, -81.967037 33.480636, -81.9554095205317 33.4756130417578, -81.9554034562685 33.475610422055, -81.946437 33.471737, -81.941737 33.470037, -81.934136 33.468337, -81.929436 33.465837, -81.926336 33.462937, -81.920836 33.452038, -81.913532 33.441274, -81.913457 33.439641, -81.913356 33.437418, -81.9145045213969 33.435701598579, -81.916236 33.433114, -81.920716 33.430986, -81.924981 33.429288, -81.926789 33.426576, -81.927241 33.422846, -81.924893 33.419307, -81.921068 33.417419, -81.91933 33.415613, -81.919217 33.413126, -81.920121 33.410753, -81.92306 33.408266, -81.930519 33.406797, -81.934927 33.406006, -81.936961 33.404197, -81.9373 33.401259, -81.935453 33.397851, -81.930861 33.380076, -81.924837 33.37414, -81.925737 33.37114, -81.930634 33.368165, -81.934637 33.36894, -81.939637 33.37254, -81.943737 33.37234, -81.946337 33.37064, -81.946737 33.36734, -81.944737 33.364041, -81.934837 33.356041, -81.935637 33.352041, -81.939837 33.347741, -81.939737 33.344941, -81.937237 33.343641, -81.932737 33.343541, -81.924737 33.345341, -81.917973 33.34159, -81.919137 33.334442, -81.918337 33.332842, -81.913314 33.329532, -81.911266 33.327616, -81.910342 33.32537, -81.909285 33.324181, -81.906444 33.324181, -81.904132 33.327286, -81.902613 33.330258, -81.900301 33.331117, -81.898187 33.329664, -81.896937 33.327642, -81.897064 33.324445, -81.897329 33.322331, -81.886637 33.316943, -81.884137 33.310443, -81.875836 33.307443, -81.870436 33.312943, -81.867936 33.314043, -81.8662043597159 33.3135923904413, -81.853652 33.310326, -81.847296 33.306783, -81.846136 33.303843, -81.849636 33.299544, -81.851636 33.298544, -81.852936 33.299644, -81.857336 33.299544, -81.861536 33.297944, -81.863236 33.288844, -81.861336 33.286244, -81.851836 33.283544, -81.844036 33.278644, -81.838257 33.272975, -81.838337 33.269098, -81.840078 33.26704, -81.842522 33.266584, -81.847336 33.266345, -81.853137 33.250745, -81.852136 33.247544, -81.851979119203 33.2473815723462, -81.877475 33.25872, -81.901291 33.261295, -81.934559 33.252963, -81.947504 33.241859, -81.978889 33.227192, -82.045078 33.236386, -82.060031 33.242566, -82.091528 33.230308, -82.125329 33.249665, -82.133747 33.275879, -82.165077 33.295998, -82.17424 33.296771, -82.26758 33.267397, -82.273514 33.267605, -82.296806 33.277325, -82.311539 33.297146, -82.353498 33.312318))",13245,1,1,1,1,EM-3616-GA,DR-4830-GA,201361,62216,8169,30.9,4.06,91934,8507,45.66,4.22,47211,6803,23.45,3.38,No,57.8,34.86,75.37,44.65,28.3,66.03,0.0,0.0,0.0,206303,206040,0,92652,88,75023,1142,81.0,1.2,38575,1023,51.4,1.4,36448,1323,48.6,1.4,61.1,0.1,6119,714,8.2,0.9,2186,534,2.9,0.7,15781,922,21.0,1.1,21.8,1.1,47455,49,23.0,0.1,30664,92,14.9,0.1,37102,1888,19.1,1.0,3179,459,1.7,0.2,17217,206607,82363,4546,840036616.0,8.3,5.5,637.01,1,52073,3291,43227,5263,22.2,2.7,194506,4.8,4018,84287,4.7,3997,84426,4.6,3918,84840,4.3,3705,85687,4.8,4083,84523,5.5,4655,84480,5.7,4851,85045,5.9,4960,83872,5.3,4481,84374,6.1,5134,84454,5.4,4554,83965,5.2,4338,83963,5.0,4243,84062,5.2,4388,83887,5.0,4217,84154,4.3,3712,85733,4.6,3823,83997,5.0,4249,84378,-1,-1,1,0,0,0,-1,1,0,1,1,1,-1,1,-1,96050,101229,2024-09-27 19:00:00+00:00,2024-09-27 19:00:00+00:00,94.9,50,50,8.3,DR-4830-GA,Hurricane,4830.0,GA,37489,0,33,67097,59763,39730,56948,46575,2793,46547,6335,15,29970,2178,22235,15,89.4,3.7,62.0,44.7,78.0,47.8,100.0
"Screven County, Georgia","POLYGON ((-81.867938 32.68115, -81.834815 32.757646, -81.803929 32.827742, -81.767553 32.909411, -81.542509768548 33.0452536234761, -81.542092 33.044859, -81.540081 33.040613, -81.538789 33.039185, -81.519632 33.029181, -81.513231 33.028546, -81.511245 33.027786, -81.50203 33.015113, -81.492253 33.009342, -81.491419 33.008078, -81.491197 32.997824, -81.491457 32.995437, -81.494736 32.978998, -81.499471 32.96478, -81.49983 32.963816, -81.501369 32.962914, -81.503346 32.96295, -81.505256 32.963019, -81.506449 32.962423, -81.507144 32.96133, -81.507442 32.960237, -81.507741 32.959243, -81.508436 32.958349, -81.508536 32.957156, -81.508436 32.955765, -81.508138 32.953976, -81.507045 32.951194, -81.504016 32.948091, -81.499446 32.944988, -81.499566 32.943722, -81.502716 32.938688, -81.502427 32.935353, -81.499829 32.932614, -81.495092 32.931596, -81.483198 32.921802, -81.480008 32.913444, -81.479184 32.905638, -81.468978 32.901083, -81.465924 32.899889, -81.464069 32.897814, -81.464655 32.895999, -81.470836 32.890521, -81.471703 32.890439, -81.4771 32.887469, -81.479445 32.881082, -81.475918 32.877641, -81.470376 32.876267, -81.468042 32.876675, -81.45392 32.874074, -81.452883 32.872964, -81.4524560750247 32.87174313948, -81.451351 32.868583, -81.453017 32.859636, -81.455978 32.854107, -81.453949 32.849761, -81.452573 32.84795, -81.451199 32.847925, -81.449396 32.849126, -81.444866 32.850967, -81.443595 32.850628, -81.442671 32.850107, -81.426475 32.840773, -81.421614 32.835178, -81.42062 32.831223, -81.417984 32.818196, -81.418497 32.815664, -81.419752 32.813731, -81.423772 32.810514, -81.424874 32.801882, -81.425234 32.79419, -81.424999 32.790334, -81.428031 32.787618, -81.429017 32.785505, -81.4285884267211 32.7840469985755, -81.428313 32.78311, -81.426481 32.78142, -81.424227 32.780152, -81.422114 32.779306, -81.421128 32.778039, -81.420987 32.776912, -81.421128 32.775926, -81.421269 32.774658, -81.422678 32.773249, -81.424714 32.772648, -81.425636 32.77184, -81.426059 32.771136, -81.426481 32.770291, -81.426481 32.769023, -81.426199 32.768319, -81.425017 32.768058, -81.422396 32.767051, -81.420142 32.765501, -81.417606 32.762684, -81.416479 32.760289, -81.415212 32.757753, -81.416479 32.754654, -81.416761 32.752259, -81.416198 32.750428, -81.415353 32.748879, -81.412817 32.748174, -81.411408 32.747329, -81.410563 32.74592, -81.410281 32.744653, -81.410563 32.743244, -81.410845 32.741694, -81.411549 32.740145, -81.41267 32.739083, -81.418542 32.732586, -81.420516 32.720238, -81.421194 32.711978, -81.427517 32.701896, -81.426735 32.700867, -81.4131 32.692648, -81.411609 32.693145, -81.411157 32.693959, -81.41075 32.694772, -81.409982 32.695179, -81.409349 32.695269, -81.40831 32.694908, -81.401256 32.680156, -81.4012324786746 32.6798801684225, -81.401029 32.677494, -81.404287 32.667798, -81.4065801972456 32.6626623658125, -81.406646 32.662515, -81.4073 32.66156, -81.407193 32.660519, -81.405273 32.656517, -81.398314 32.656307, -81.393818 32.653491, -81.393033 32.651543, -81.394589 32.64957, -81.403582 32.643398, -81.405109 32.64269, -81.404238 32.638258, -81.402735 32.637032, -81.402846 32.63621, -81.407271 32.631737, -81.40933 32.631096, -81.41026 32.631392, -81.411523 32.632907, -81.413411 32.637368, -81.414761 32.63744, -81.417014 32.636147, -81.418431 32.634704, -81.41866 32.629392, -81.411906 32.61841, -81.404714 32.611207, -81.397106 32.605587, -81.393865 32.60234, -81.389338 32.595436, -81.3892612409816 32.5953827593042, -81.538558 32.509059, -81.548006 32.489286, -81.578132 32.512259, -81.595481 32.508274, -81.677436 32.548367, -81.689261 32.546227, -81.71521 32.564656, -81.754226 32.601988, -81.768111 32.606594, -81.783973 32.615208, -81.800506 32.641525, -81.833839 32.653385, -81.841005 32.649093, -81.865745 32.662761, -81.867938 32.68115))",13251,1,1,1,1,EM-3616-GA,DR-4830-GA,14010,3922,832,27.99,5.94,6050,902,43.18,6.44,4038,799,28.82,5.7,No,85.69,55.47,94.81,79.87,44.65,91.81,0.0,0.0,0.0,14325,14057,0,6545,18,4763,227,72.8,3.5,3399,265,71.4,4.4,1364,218,28.6,4.4,70.0,1.0,626,177,13.1,3.8,65,50,1.4,1.1,684,139,14.4,2.9,14.6,2.9,2944,37,20.9,0.3,2846,30,20.2,0.2,2332,329,17.0,2.4,121,89,0.9,0.7,14067,14067,5646,325,1672668619.0,100.0,5.8,21.78,3,49034,5473,3133,641,22.5,4.6,13904,4.0,231,5736,4.2,244,5789,3.9,228,5795,3.7,215,5846,4.0,232,5812,4.6,267,5824,5.0,285,5755,5.2,299,5778,4.4,260,5844,5.7,341,5938,4.7,279,5899,5.0,290,5790,4.1,234,5719,4.4,248,5665,4.2,238,5674,3.8,215,5670,4.1,226,5564,4.2,235,5530,-1,1,-1,-1,0,1,1,1,-1,0,0,-1,1,1,-1,192,10039,2024-09-28 03:45:00+00:00,2024-09-28 03:45:00+00:00,1.9,50,50,4.0,DR-4830-GA,Hurricane,4830.0,GA,1869,0,1,3517,3001,1857,2842,2273,155,2266,269,0,2318,146,1525,0,73.8,3.3,47.6,65.9,94.2,67.3,0.0
"Stephens County, Georgia","POLYGON ((-83.421954 34.558965, -83.414662 34.574034, -83.387005 34.631038, -83.365044 34.675308, -83.339334815182 34.686666100518, -83.339029 34.683807, -83.33869 34.682002, -83.336207 34.680534, -83.330284 34.681342, -83.325336 34.679517, -83.321463 34.677543, -83.31944 34.675974, -83.318524 34.674773, -83.316401 34.669316, -83.314394 34.668944, -83.308917 34.670273, -83.304641 34.669561, -83.301477 34.666582, -83.300848 34.66247, -83.292883 34.654196, -83.286583 34.650896, -83.2803527399503 34.6465298326011, -83.27796 34.644853, -83.271982 34.641896, -83.262282 34.640296, -83.255281 34.637696, -83.248281 34.631696, -83.244581 34.626297, -83.240669 34.624507, -83.240676 34.624307, -83.243381 34.617997, -83.2388580391963 34.6153848254129, -83.23178 34.611297, -83.2270917148325 34.6106871344213, -83.221402 34.609947, -83.211598 34.610905, -83.199779 34.608398, -83.196979 34.605998, -83.1888933848013 34.6069301045571, -83.179439 34.60802, -83.173428 34.607162, -83.1730868769301 34.6069913391281, -83.169994 34.605444, -83.169572 34.603866, -83.169994 34.60201, -83.170978 34.598798, -83.170278 34.592398, -83.168278 34.590998, -83.154577 34.588198, -83.152577 34.578299, -83.139876 34.567999, -83.1381784266797 34.5669504988316, -83.129676 34.561699, -83.127176 34.561999, -83.122901 34.560129, -83.103987 34.540166, -83.1035628109401 34.5366302194271, -83.119713 34.523868, -83.160419 34.491431, -83.177838 34.477017, -83.224638 34.475418, -83.252653 34.474039, -83.27054 34.473518, -83.373054 34.470216, -83.398049 34.460998, -83.416214 34.469144, -83.45843 34.483933, -83.421954 34.558965))",13257,1,1,1,1,EM-3616-GA,DR-4830-GA,26706,8926,1426,33.42,5.34,10957,1511,41.03,5.66,6823,1290,25.55,4.83,No,71.32,39.28,87.65,55.97,31.44,81.75,0.0,0.0,0.0,27498,26842,0,12344,31,10276,294,83.2,2.3,7411,388,72.1,3.2,2865,340,27.9,3.2,74.4,2.3,684,211,6.7,2.0,235,111,2.3,1.1,1560,277,15.2,2.7,15.9,2.7,5938,70,22.1,0.3,5514,188,20.5,0.7,4617,481,17.3,1.8,385,183,1.5,0.7,14977,26784,10618,535,463250301.0,55.9,5.0,149.75,2,50685,5408,4110,895,15.6,3.4,26380,4.0,443,11041,3.6,401,11244,3.8,431,11283,3.2,361,11131,4.1,455,11187,4.6,510,11047,4.7,512,10806,4.9,525,10795,3.9,427,10944,4.2,450,10747,4.0,424,10601,3.9,407,10453,4.2,440,10537,4.3,455,10534,4.3,454,10603,3.8,399,10592,3.9,414,10543,4.4,457,10446,-1,1,-1,0,0,1,1,0,0,1,1,0,1,1,-1,8911,14418,2024-09-27 15:45:00+00:00,2024-09-27 15:45:00+00:00,61.8,34,34,8.4,DR-4830-GA,Hurricane,4830.0,GA,67,0,2,224,183,150,152,78,17,76,23,1,99,16,40,1,2.2,0.2,0.7,44.2,94.1,52.6,100.0
"Taliaferro County, Georgia","POLYGON ((-83.010873 33.585597, -82.989899 33.603279, -83.00161 33.620243, -82.987724 33.628941, -82.980102 33.614716, -82.970512 33.641727, -82.950723 33.660802, -82.963678 33.676761, -82.995602 33.693583, -82.993133 33.701523, -82.949046 33.733333, -82.938246 33.714707, -82.890599 33.632877, -82.879716 33.620748, -82.869336 33.642404, -82.850325 33.639552, -82.812084 33.65532, -82.805139 33.64747, -82.74383 33.611442, -82.692039 33.619745, -82.679975 33.599792, -82.704968 33.587513, -82.719238 33.563962, -82.722401 33.538818, -82.740128 33.528618, -82.747339 33.51171, -82.787605 33.5107, -82.815315 33.521137, -82.823141 33.504075, -82.866605 33.466599, -82.851954 33.443543, -82.872597 33.446416, -82.901795 33.438788, -82.93966 33.442694, -82.951222 33.451787, -82.983657 33.447677, -83.012853 33.469178, -82.985588 33.489841, -82.986995 33.517957, -83.014038 33.580383, -83.010873 33.585597))",13265,1,1,1,1,EM-3616-GA,DR-4830-GA,1609,351,174,21.81,10.81,670,196,41.64,12.18,588,182,36.54,11.31,No,97.7,67.65,99.7,96.22,57.23,99.99,0.0,0.0,0.0,1620,1740,238,984,109,644,101,65.4,5.9,509,106,79.0,8.4,135,52,21.0,8.4,82.2,17.2,65,32,10.1,5.3,21,25,3.3,4.1,169,90,26.2,11.6,26.9,11.5,314,68,18.0,3.4,471,109,27.1,5.4,357,91,20.6,5.2,1,3,0.1,0.2,1559,1559,699,45,504029144.0,100.0,6.4,8.01,3,46469,5157,389,90,24.5,5.7,1585,3.9,27,685,4.7,33,709,4.7,34,716,3.8,27,710,4.2,30,718,4.3,30,700,4.4,31,710,4.0,28,701,3.4,24,703,3.5,24,695,4.0,28,692,3.5,24,679,3.9,27,686,4.8,33,690,4.6,32,701,3.5,25,711,3.7,26,712,3.4,24,706,-1,1,-1,-1,0,1,1,0,0,1,1,-1,1,1,-1,1316,1407,2024-09-28 10:45:00+00:00,2024-09-28 10:45:00+00:00,93.5,50,50,9.6,DR-4830-GA,Hurricane,4830.0,GA,183,0,0,291,200,167,185,120,16,119,18,0,197,15,80,0,45.2,2.5,18.5,67.7,93.8,67.2,0.0
"Tattnall County, Georgia","POLYGON ((-82.232788 32.318838, -82.025339 32.278883, -82.003931 32.184685, -82.003682 32.18365, -81.97979 32.081412, -81.90995 32.056939, -81.889118 32.050438, -81.761735 32.0479, -81.813382 32.01623, -81.824405 32.014882, -81.854576 31.988328, -81.889641 31.948683, -81.881989 31.924783, -81.881985 31.924095, -81.892471 31.895264, -81.912529 31.886833, -81.921921 31.852289, -81.940414 31.839872, -81.956383 31.808706, -81.975815 31.804859, -81.981033 31.791367, -81.969052 31.789324, -81.97554 31.782707, -82.006777 31.800047, -82.014639 31.8218, -82.028346 31.815513, -82.048582 31.827075, -82.107235 31.863797, -82.116627 31.864283, -82.109625 31.870308, -82.114914 31.900982, -82.117442 31.886601, -82.142843 31.8993, -82.225042 31.913074, -82.208574 32.040604, -82.195206 32.14068, -82.19128 32.144547, -82.181926 32.165945, -82.19191 32.194282, -82.206249 32.211331, -82.209825 32.239254, -82.227401 32.277794, -82.232788 32.318838))",13267,1,1,1,1,EM-3616-GA,DR-4830-GA,20368,5406,1095,26.54,5.38,9604,1171,47.15,5.75,5358,1001,26.31,4.91,No,75.25,43.73,89.46,61.63,35.22,84.27,75.68,44.17,92.11,24275,24215,0,9378,44,7551,302,80.5,3.2,5464,330,72.4,3.7,2087,305,27.6,3.7,54.9,0.4,656,217,8.7,2.8,105,63,1.4,0.8,1459,261,19.3,3.3,19.8,3.3,4893,0,20.2,0.0,3691,44,15.2,0.2,4056,466,20.7,2.4,908,217,3.9,0.9,22842,22842,7829,414,1245369508.0,100.0,5.3,47.5,3,48998,4650,5177,1024,25.7,5.1,20142,3.7,315,8472,3.7,318,8582,3.7,313,8446,3.0,256,8595,3.6,309,8645,4.0,344,8571,4.2,357,8402,4.3,366,8606,3.1,269,8703,3.3,292,8906,3.1,273,8900,3.1,269,8769,3.6,311,8698,4.0,340,8516,3.8,319,8503,2.9,245,8426,3.4,277,8198,3.8,313,8131,-1,1,-1,-1,0,1,-1,1,-1,1,1,-1,-1,1,-1,13127,10384,2024-09-27 21:15:00+00:00,2024-09-27 21:15:00+00:00,100.0,50,50,2.4,DR-4830-GA,Hurricane,4830.0,GA,2774,0,2,4874,4250,2846,4055,3123,241,3121,458,1,3052,231,2016,1,64.5,3.2,41.3,62.6,95.9,64.6,100.0
"Telfair County, Georgia","POLYGON ((-83.205739 31.900325, -83.095237 31.99413, -83.016784 32.059704, -82.965373 32.104052, -82.942066 32.124074, -82.955466 32.135274, -82.934566 32.153274, -82.927865 32.135274, -82.939966 32.125175, -82.915293 32.12362, -82.888042 32.080784, -82.86982 32.074295, -82.852332 32.060634, -82.83749 32.060747, -82.801692 32.044932, -82.786919 32.022545, -82.766826 32.011619, -82.723088 32.002766, -82.701025 31.97119, -82.696998 31.963901, -82.695178 31.956883, -82.645659 31.918883, -82.65766 31.923583, -82.674366 31.919959, -82.67686 31.910282, -82.699861 31.903582, -82.730763 31.882681, -82.757192 31.857031, -82.772774 31.861677, -82.79581 31.835096, -82.824691 31.813479, -82.836366 31.816154, -82.853897 31.799147, -82.86309 31.783005, -82.876007 31.786943, -82.886986 31.779581, -82.94651 31.787752, -82.955261 31.782999, -82.97831 31.793201, -82.995698 31.780983, -83.005787 31.774629, -83.052816 31.789224, -83.085009 31.811451, -83.10131 31.811955, -83.129559 31.810124, -83.134605 31.824115, -83.17182 31.842026, -83.177469 31.847857, -83.181646 31.879715, -83.204236 31.884682, -83.205739 31.900325))",13271,1,1,1,1,EM-3616-GA,DR-4830-GA,9442,2663,618,28.2,6.55,3951,671,41.84,7.11,2828,596,29.95,6.31,No,88.64,58.36,96.46,81.44,47.17,94.33,0.0,0.0,0.0,11000,12174,0,4756,84,3123,233,65.7,4.7,2219,242,71.1,6.0,904,202,28.9,6.0,68.7,8.2,155,69,5.0,2.2,112,70,3.6,2.2,800,180,25.6,5.1,25.7,5.1,2778,343,22.8,2.8,2181,96,17.9,0.8,2345,552,23.9,5.6,410,354,3.5,3.0,12477,12477,3924,174,1132621092.0,100.0,4.4,28.53,3,42203,5467,2793,570,30.1,6.2,9267,5.2,155,2956,5.6,168,2976,5.5,160,2916,4.9,147,2981,5.5,164,2968,6.3,184,2940,5.9,173,2938,5.9,178,2999,4.9,149,3013,5.2,158,3060,4.6,143,3087,4.5,139,3099,4.9,152,3084,5.3,161,3027,4.9,150,3042,4.5,135,2977,5.4,157,2888,5.2,148,2856,-1,1,-1,-1,0,1,0,0,0,1,1,0,1,1,-1,3458,10404,2024-09-29 20:15:00+00:00,2024-09-29 20:15:00+00:00,33.2,64,64,6.4,DR-4830-GA,Hurricane,4830.0,GA,1851,0,6,3176,2827,2058,2687,2010,268,2003,483,3,2076,244,1366,3,101.7,8.6,64.1,65.4,91.0,68.2,100.0
"Thomas County, Georgia","POLYGON ((-84.119011 31.006933, -84.116644 31.077971, -84.003627 31.07729, -84.003855 31.044093, -84.002944 31.041553, -83.93081 31.040646, -83.918397 31.040508, -83.800953 31.038832, -83.796067 31.026003, -83.78083 31.038502, -83.764435 31.038153, -83.736158 31.037679, -83.740175 30.848896, -83.739021 30.742003, -83.7437296744174 30.6583830658832, -83.810622 30.661871, -83.820973 30.662603, -83.855304 30.664403, -83.8798916078165 30.6657992968646, -83.880309 30.665823, -83.880406 30.665798, -84.007454 30.6720865150852, -84.007484 30.672088, -84.0190940574482 30.6727066186932, -84.039802 30.67381, -84.041905 30.673869, -84.0467 30.674191, -84.057323 30.674696, -84.0727743369514 30.6753428542583, -84.0837570571655 30.6758026344935, -84.08073 30.832716, -84.082524 30.85382, -84.072944 30.865634, -84.07987 30.874007, -84.076964 30.91557, -84.096887 30.935178, -84.118846 30.970988, -84.116599 30.975337, -84.119058 30.980956, -84.119011 31.006933))",13275,1,1,1,1,EM-3616-GA,DR-4830-GA,45459,12965,2096,28.52,4.61,21100,2236,46.42,4.92,11394,1904,25.06,4.19,No,68.52,40.2,84.41,53.45,32.07,77.35,67.8,40.75,86.64,46054,45696,0,20957,43,18369,352,87.7,1.7,11373,398,61.9,2.5,6996,545,38.1,2.5,73.6,0.7,1444,308,7.9,1.6,339,133,1.8,0.7,3707,438,20.2,2.3,21.0,2.4,10893,75,23.8,0.2,8487,70,18.6,0.2,7972,626,17.6,1.4,483,174,1.1,0.4,20567,45798,18440,914,1410592607.0,44.9,5.0,84.09,1,54989,6159,8318,1518,18.4,3.4,45106,3.0,643,21383,3.1,663,21487,3.2,686,21375,2.7,576,21116,3.4,724,21076,3.8,811,21084,3.8,800,21012,4.0,850,21177,3.1,665,21272,3.2,689,21365,3.2,673,20954,3.2,665,20854,3.3,677,20769,3.6,731,20489,3.5,724,20591,2.9,584,20386,3.3,657,20153,3.8,767,19954,-1,-1,1,-1,0,1,1,1,-1,1,1,1,1,1,-1,5689,26043,2024-09-27 11:00:00+00:00,2024-09-27 11:00:00+00:00,21.8,50,64,6.4,DR-4830-GA,Hurricane,4830.0,GA,805,0,0,2092,1593,1348,1404,798,109,798,182,0,756,98,312,0,11.4,0.6,4.3,36.1,89.9,39.1,0.0
"Tift County, Georgia","POLYGON ((-83.665777 31.485135, -83.650627 31.484737, -83.649534 31.554686, -83.649384 31.567977, -83.648972 31.596466, -83.605142 31.597921, -83.500702 31.59399, -83.500951 31.570117, -83.470825 31.569391, -83.47093 31.555957, -83.437164 31.554384, -83.420699 31.553567, -83.398767 31.532783, -83.376475 31.482029, -83.338728 31.475991, -83.339187 31.465061, -83.369514 31.465055, -83.370888 31.401142, -83.415322 31.363184, -83.426988 31.363777, -83.434492 31.350361, -83.460644 31.326263, -83.512607 31.327405, -83.65409 31.330661, -83.652809 31.389617, -83.651764 31.433918, -83.66667 31.43424, -83.665777 31.485135))",13277,1,1,1,1,EM-3616-GA,DR-4830-GA,40804,13438,2117,32.93,5.19,17883,2259,43.83,5.54,9483,1901,23.24,4.66,No,56.39,25.44,79.73,42.76,21.38,71.06,0.0,0.0,0.0,41708,41322,0,17564,48,15541,326,88.5,1.8,9483,496,61.0,3.1,6058,517,39.0,3.1,68.4,0.5,584,161,3.8,1.0,180,75,1.2,0.5,2873,360,18.5,2.3,18.7,2.3,10375,33,25.1,0.1,6404,68,15.5,0.2,4781,610,11.8,1.5,1649,377,4.3,1.0,16764,41344,15921,809,675702322.0,40.5,5.1,158.47,1,53295,5642,7785,1525,19.2,3.8,40465,3.0,608,20105,3.0,605,20170,3.1,619,20010,2.6,522,19931,3.2,647,20099,3.8,757,20067,3.7,733,19782,3.8,761,19965,3.0,609,20217,3.0,618,20475,2.8,561,20176,2.9,583,20201,3.0,607,20082,3.3,663,19988,3.2,651,20038,2.6,518,19647,3.1,590,19170,3.5,681,19301,0,-1,1,0,0,0,1,-1,-1,1,1,1,-1,0,-1,31071,27394,2024-09-27 07:30:00+00:00,2024-09-27 07:30:00+00:00,100.0,50,64,7.3,DR-4830-GA,Hurricane,4830.0,GA,1782,0,3,3728,2576,2057,2277,1215,120,1212,214,0,1623,106,545,0,24.0,0.8,7.8,43.5,88.3,45.0,0.0
"Toombs County, Georgia","POLYGON ((-82.483131 31.968961, -82.463608 32.09041, -82.453672 32.148348, -82.445998 32.191009, -82.441124 32.217998, -82.440927 32.22598, -82.439603 32.273711, -82.438987 32.29318, -82.40913 32.353738, -82.409118 32.35383, -82.391679 32.335276, -82.378936 32.336902, -82.356378 32.313494, -82.354603 32.292475, -82.302764 32.293673, -82.279845 32.294182, -82.232788 32.318838, -82.227401 32.277794, -82.209825 32.239254, -82.206249 32.211331, -82.19191 32.194282, -82.181926 32.165945, -82.19128 32.144547, -82.195206 32.14068, -82.208574 32.040604, -82.225042 31.913074, -82.233129 31.919199, -82.24681 31.9151, -82.259705 31.932406, -82.291583 31.942398, -82.314482 31.930783, -82.323277 31.934495, -82.37242 31.941456, -82.372096 31.953976, -82.402242 31.960286, -82.407245 31.949488, -82.408046 31.955689, -82.431531 31.966182, -82.458152 31.96389, -82.479607 31.971653, -82.483131 31.968961))",13279,1,1,1,1,EM-3616-GA,DR-4830-GA,26995,7715,1381,28.58,5.12,12651,1491,46.86,5.52,6629,1289,24.56,4.77,No,65.37,33.11,84.63,51.57,27.04,77.98,0.0,0.0,0.0,27488,26943,0,12081,31,10127,375,83.8,3.2,6652,410,65.7,3.8,3475,437,34.3,3.8,76.9,1.1,1137,277,11.2,2.7,313,126,3.1,1.2,2079,332,20.5,3.2,22.4,3.3,7124,24,26.4,0.1,4585,85,17.0,0.3,4358,543,16.3,2.0,1369,269,5.5,1.1,13432,27030,10505,512,942794614.0,49.7,4.9,74.26,1,48866,5363,6092,1129,22.8,4.2,26667,4.2,485,11508,4.0,459,11555,3.9,442,11441,3.4,397,11535,4.5,517,11575,4.9,569,11570,5.3,599,11363,5.2,593,11506,4.0,463,11604,4.4,519,11809,3.8,459,11967,3.9,461,11847,4.3,512,11784,4.4,517,11643,4.2,489,11647,3.5,399,11513,4.0,455,11326,4.7,533,11264,-1,0,0,-1,0,0,1,1,0,1,1,1,0,1,-1,14610,20610,2024-09-30 15:00:00+00:00,2024-09-30 15:00:00+00:00,70.9,50,50,4.5,DR-4830-GA,Hurricane,4830.0,GA,5297,0,22,8628,7907,5755,7567,5964,556,5960,1166,12,4815,486,3445,12,85.2,5.5,58.9,55.8,87.4,57.8,100.0
"Treutlen County, Georgia","POLYGON ((-82.724422 32.363576, -82.697166 32.417484, -82.702163 32.431617, -82.693958 32.454146, -82.64858 32.467238, -82.633126 32.491037, -82.657057 32.507167, -82.647733 32.512507, -82.618649 32.504966, -82.563046 32.505708, -82.534524 32.497158, -82.517486 32.499592, -82.490524 32.496273, -82.482798 32.49212, -82.405082 32.453462, -82.38194 32.440596, -82.394316 32.411516, -82.396564 32.386961, -82.411201 32.365251, -82.409118 32.35383, -82.40913 32.353738, -82.649298 32.311132, -82.655486 32.297561, -82.67377 32.293595, -82.694063 32.294646, -82.721964 32.309283, -82.748732 32.32915, -82.724422 32.363576))",13283,1,1,1,1,EM-3616-GA,DR-4830-GA,6003,1960,567,32.65,9.45,2702,605,45.01,10.08,1341,525,22.34,8.75,No,49.04,4.9,89.15,36.47,4.4,83.64,0.0,0.0,0.0,6420,6387,0,2652,201,2307,193,87.0,5.3,1388,188,60.2,7.8,919,215,39.8,7.8,71.7,10.5,344,129,14.9,5.3,8,12,0.3,0.5,607,147,26.3,6.3,26.5,6.4,1485,217,23.3,3.4,1182,191,18.5,3.0,1201,245,19.8,4.0,2,4,0.0,0.1,6406,6406,2449,122,516524094.0,100.0,5.0,32.12,3,45699,5685,1423,341,24.0,5.7,5940,4.4,109,2475,4.5,113,2508,3.9,98,2495,3.6,89,2481,5.3,135,2526,6.1,157,2557,6.0,153,2559,5.6,141,2531,4.6,117,2532,4.9,122,2495,4.2,104,2491,4.3,108,2483,4.6,115,2506,4.6,114,2492,4.5,113,2503,3.6,89,2471,3.8,94,2473,4.8,120,2508,0,0,0,0,0,0,0,1,-1,1,1,0,0,1,-1,4473,4533,2024-09-30 15:15:00+00:00,2024-09-30 15:15:00+00:00,98.7,50,50,9.2,DR-4830-GA,Hurricane,4830.0,GA,1252,0,4,2064,1892,1463,1823,1489,170,1489,362,4,1388,160,1039,4,89.5,7.4,64.5,67.2,94.1,69.8,100.0
"Turner County, Georgia","POLYGON ((-83.802723 31.803579, -83.651154 31.804288, -83.613492 31.804113, -83.61249 31.816324, -83.612256 31.854089, -83.54164 31.853102, -83.547524 31.847961, -83.480176 31.847312, -83.484529 31.835521, -83.45919 31.794298, -83.453634 31.757861, -83.466637 31.741806, -83.452972 31.7082, -83.460637 31.69539, -83.490672 31.696093, -83.491647 31.61941, -83.500702 31.59399, -83.605142 31.597921, -83.648972 31.596466, -83.649384 31.567977, -83.663757 31.565629, -83.66769 31.585871, -83.704605 31.61341, -83.706481 31.619088, -83.78688 31.62281, -83.796846 31.622929, -83.79731 31.760748, -83.802723 31.803579))",13287,1,1,0,1,EM-3616-GA,DR-4830-GA,8795,2867,662,32.6,7.53,3196,717,36.34,8.15,2732,625,31.06,7.11,No,91.48,60.43,97.64,86.78,49.68,96.22,0.0,0.0,0.0,9023,8915,0,3921,22,3298,220,84.1,5.5,2109,214,63.9,5.5,1189,210,36.1,5.5,81.0,1.8,314,135,9.5,4.2,66,67,2.0,2.0,1059,202,32.1,5.8,33.6,6.1,2269,57,25.5,0.6,1720,21,19.3,0.2,1739,283,20.0,3.2,166,143,2.0,1.7,4268,9006,3512,197,739227758.0,47.4,5.6,31.55,1,42769,5498,2085,483,23.9,5.5,8740,4.2,157,3714,4.0,148,3695,4.0,148,3664,3.5,130,3679,3.8,142,3699,4.4,164,3692,5.1,187,3690,5.2,191,3708,4.3,162,3760,4.8,182,3803,4.4,169,3822,4.1,156,3768,4.1,154,3740,4.3,157,3681,4.1,151,3725,3.3,121,3651,3.9,141,3637,4.3,154,3619,0,0,0,0,-1,1,1,1,0,1,1,1,1,1,-1,2344,6640,2024-09-28 00:00:00+00:00,2024-09-28 00:00:00+00:00,35.3,34,50,7.6,,,,,0,0,0,0,0,0,0,0,0,0,0,0,0,0,0,0,0.0,0.0,0.0,0.0,0.0,0.0,0.0
"Twiggs County, Georgia","POLYGON ((-83.611551 32.694378, -83.597155 32.714686, -83.602563 32.719236, -83.602186 32.741448, -83.578715 32.738118, -83.553843 32.758904, -83.516238 32.789896, -83.492938 32.805149, -83.48943 32.82406, -83.513511 32.844868, -83.487047 32.858126, -83.40699 32.89822, -83.370471 32.833909, -83.334556 32.770558, -83.299985 32.709696, -83.251501 32.623997, -83.226536 32.584201, -83.400041 32.500157, -83.408006 32.503674, -83.408844 32.495713, -83.497923 32.452198, -83.488421 32.485138, -83.517935 32.498908, -83.539907 32.52451, -83.535696 32.529058, -83.548147 32.571922, -83.535053 32.586568, -83.542949 32.625791, -83.555777 32.652516, -83.597656 32.664338, -83.611551 32.694378))",13289,1,1,0,1,EM-3616-GA,DR-4830-GA,7691,1723,565,22.4,7.35,3328,616,43.27,8.01,2640,555,34.33,7.22,No,96.21,76.58,98.88,93.07,67.29,98.73,0.0,0.0,0.0,7728,7869,0,4053,15,2849,214,70.3,5.3,2555,195,89.7,3.6,294,109,10.3,3.6,75.5,0.0,294,100,10.3,3.6,94,56,3.3,1.9,652,135,22.9,4.3,24.0,4.2,1494,0,19.0,0.0,1891,0,24.0,0.0,1750,236,22.5,3.0,101,80,1.3,1.1,8022,8022,3387,200,930478094.0,100.0,5.9,22.33,3,50700,6436,1614,377,21.3,5.0,7580,4.7,126,2681,5.0,136,2710,4.7,126,2704,4.1,111,2700,5.2,142,2711,5.6,151,2716,5.3,144,2706,5.6,152,2724,4.9,136,2748,4.7,130,2754,4.9,134,2743,5.0,136,2718,4.9,133,2710,5.7,153,2698,5.3,145,2714,4.6,124,2700,4.9,132,2672,5.2,138,2673,-1,1,-1,-1,0,1,1,1,0,1,1,-1,1,1,-1,747,4781,2024-09-27 12:15:00+00:00,2024-09-27 12:15:00+00:00,15.6,34,50,6.1,,,,,0,0,0,0,0,0,0,0,0,0,0,0,0,0,0,0,0.0,0.0,0.0,0.0,0.0,0.0,0.0
"Ware County, Georgia","POLYGON ((-82.699206 31.278104, -82.663584 31.287913, -82.629622 31.274726, -82.628975 31.36393, -82.628181 31.469324, -82.597509 31.469293, -82.494718 31.46869, -82.49365 31.442892, -82.481438 31.443075, -82.48146 31.417534, -82.417246 31.417119, -82.402561 31.404835, -82.389451 31.364905, -82.387212 31.297109, -82.3855 31.294746, -82.36718 31.285339, -82.357887 31.264023, -82.332664 31.241425, -82.322939 31.238492, -82.32247 31.238242, -82.31504 31.225958, -82.284561 31.224449, -82.284257 31.192709, -82.251762 31.18273, -82.2341 31.170383, -82.208732 31.170938, -82.208262 31.084768, -82.163566 31.048559, -82.131698 31.010714, -82.342466 31.013429, -82.415603 31.01359, -82.415329 30.946802, -82.420442 30.795229, -82.17816 30.790953, -82.158398 30.786335, -82.149872 30.784336, -82.2148461613534 30.5685089992323, -82.214867 30.568584, -82.24987 30.570856, -82.258129 30.571552, -82.287373 30.573451, -82.374877 30.578996, -82.4189159951919 30.5817349193742, -82.418793 30.613132, -82.430862 30.612848, -82.428902 30.690317, -82.435112 30.716566, -82.41999 30.716637, -82.420128 30.729198, -82.435242 30.729149, -82.435852 30.820068, -82.495476 30.819553, -82.492204 30.832564, -82.490558 30.963166, -82.520124 30.963132, -82.534262 30.9807, -82.550339 31.000404, -82.592071 31.018487, -82.666642 31.173282, -82.671669 31.183739, -82.690838 31.223364, -82.70105 31.223217, -82.699206 31.278104))",13299,1,1,1,1,EM-3616-GA,DR-4830-GA,34371,10558,2022,30.72,5.88,14567,2137,42.38,6.22,9246,1797,26.9,5.23,No,77.98,45.83,91.37,67.92,36.47,87.41,0.0,0.0,0.0,36222,35958,0,15926,32,12866,394,80.8,2.5,7911,524,61.5,3.8,4955,534,38.5,3.8,72.3,1.0,949,290,7.4,2.3,203,99,1.6,0.8,2462,374,19.1,2.9,19.4,2.8,8951,71,24.9,0.2,6141,93,17.1,0.3,4897,579,14.5,1.7,813,249,2.4,0.7,11641,36251,13651,744,2329024282.0,32.1,5.5,40.31,1,40901,3829,6757,1591,19.9,4.7,33953,4.4,562,12773,4.3,556,12825,4.3,557,12863,3.6,456,12794,4.5,576,12936,5.0,647,12953,4.8,613,12798,5.2,666,12852,3.9,500,12735,4.3,549,12867,4.2,535,12677,3.9,498,12712,4.4,554,12676,4.4,552,12529,4.5,574,12700,3.9,491,12614,4.2,525,12526,4.7,587,12553,-1,0,0,0,0,1,1,0,-1,1,1,1,0,0,-1,18194,20322,2024-09-29 00:15:00+00:00,2024-09-29 00:15:00+00:00,89.5,50,64,2.2,DR-4830-GA,Hurricane,4830.0,GA,6241,0,2,9963,8719,5580,8303,6586,417,6581,704,0,5786,380,4075,0,77.4,3.2,51.2,58.1,91.1,61.9,0.0
"Warren County, Georgia","POLYGON ((-82.866605 33.466599, -82.823141 33.504075, -82.815315 33.521137, -82.787605 33.5107, -82.747339 33.51171, -82.740128 33.528618, -82.722401 33.538818, -82.719238 33.563962, -82.704968 33.587513, -82.679975 33.599792, -82.652447 33.596104, -82.649705 33.608768, -82.60393 33.496586, -82.587747 33.457317, -82.584563 33.449654, -82.565563 33.428891, -82.553566 33.415563, -82.544313 33.374721, -82.548068 33.352783, -82.535779 33.35746, -82.51072 33.342045, -82.449977 33.340505, -82.417427 33.332326, -82.411074 33.319922, -82.383829 33.312106, -82.431957 33.27483, -82.559753 33.32727, -82.591698 33.320985, -82.625519 33.30798, -82.645593 33.301448, -82.678406 33.274248, -82.702577 33.272883, -82.732751 33.256489, -82.755846 33.25344, -82.785591 33.268726, -82.781574 33.304467, -82.79245 33.309413, -82.802916 33.365035, -82.821706 33.374268, -82.825807 33.39043, -82.824105 33.427627, -82.839663 33.43094, -82.851954 33.443543, -82.866605 33.466599))",13301,1,1,1,1,EM-3616-GA,DR-4830-GA,5106,1475,402,28.89,7.87,1741,450,34.1,8.81,1890,414,37.02,8.11,No,98.07,83.29,99.48,98.1,76.09,99.36,0.0,0.0,0.0,5148,5175,0,2572,12,1999,143,77.7,5.6,1500,148,75.0,5.8,499,126,25.0,5.8,76.4,0.0,172,65,8.6,3.4,88,49,4.4,2.4,515,127,25.8,6.1,27.4,5.8,1047,0,20.2,0.0,1195,0,23.1,0.0,887,209,17.4,4.1,13,27,0.3,0.6,5215,5215,2159,138,736510932.0,100.0,6.4,18.34,3,48308,5202,1222,287,24.2,5.7,5042,5.1,123,2413,5.0,121,2412,4.0,96,2378,4.4,107,2421,5.2,126,2409,4.9,116,2366,5.4,129,2370,5.0,118,2369,4.3,102,2397,7.2,182,2516,4.3,104,2446,4.2,102,2449,4.2,101,2426,4.5,107,2389,4.4,104,2386,3.7,89,2390,3.8,89,2321,4.2,97,2317,-1,1,-1,0,-1,1,1,1,0,1,1,-1,1,1,-1,3156,3549,2024-09-29 23:15:00+00:00,2024-09-29 23:15:00+00:00,88.9,50,50,8.5,DR-4830-GA,Hurricane,4830.0,GA,1147,0,0,1662,1130,834,1032,542,43,541,79,0,1064,39,387,0,83.1,2.2,27.1,64.0,90.7,71.5,0.0
"Washington County, Georgia","POLYGON ((-83.068232 32.974366, -83.049081 32.985605, -83.051328 33.003085, -83.067713 33.027371, -83.044844 33.060654, -83.052197 33.080682, -83.009672 33.080607, -82.959298 33.106966, -82.926674 33.11627, -82.914519 33.126792, -82.900998 33.128537, -82.888866 33.138603, -82.867717 33.178403, -82.855046 33.196427, -82.832047 33.201994, -82.825928 33.210501, -82.798866 33.221707, -82.777995 33.238428, -82.748311 33.238348, -82.733438 33.208123, -82.739483 33.174368, -82.719041 33.17005, -82.708713 33.15204, -82.661602 33.129117, -82.661917 33.126331, -82.661922 33.126311, -82.645838 33.101143, -82.638105 33.100701, -82.641569 33.084392, -82.612873 33.057764, -82.617899 33.051144, -82.604348 33.045538, -82.598018 33.032013, -82.555962 33.014128, -82.550225 33.019351, -82.539352 32.947752, -82.511002 32.916445, -82.525952 32.833557, -82.521052 32.822356, -82.560555 32.820056, -82.574424 32.815676, -82.609774 32.797815, -82.666957 32.782859, -82.680757 32.79676, -82.709978 32.784688, -82.737559 32.780059, -82.768568 32.769077, -82.77536 32.794871, -82.802456 32.809756, -82.946966 32.759358, -82.955364 32.756461, -82.960759 32.774658, -82.954358 32.80176, -82.974265 32.839236, -82.987358 32.846871, -82.988967 32.852655, -83.02968 32.860433, -83.04856 32.887842, -83.048316 32.910083, -83.067887 32.942225, -83.073648 32.946562, -83.068232 32.974366))",13303,1,1,1,1,EM-3616-GA,DR-4830-GA,18113,5065,1039,27.96,5.74,8294,1146,45.79,6.33,4754,1034,26.25,5.71,No,74.8,38.1,91.09,61.0,30.81,86.78,0.0,0.0,0.0,19834,19893,0,8696,41,7272,262,83.6,3.0,4867,290,66.9,4.2,2405,352,33.1,4.2,66.1,0.7,812,154,11.2,2.1,61,47,0.8,0.7,1961,291,27.0,3.9,27.4,3.8,4295,22,21.6,0.1,3622,56,18.2,0.3,3117,336,17.2,1.9,230,104,1.2,0.6,12891,19988,7506,465,1757374002.0,64.5,6.2,29.46,2,48809,6021,3878,937,21.6,5.2,17946,4.3,333,7746,4.4,342,7820,4.1,319,7809,3.9,301,7745,4.4,344,7810,4.9,380,7767,4.6,362,7791,5.1,395,7801,4.4,347,7824,4.4,343,7721,4.3,331,7742,4.0,310,7668,4.0,310,7676,4.2,320,7607,4.0,310,7706,3.3,250,7588,3.8,285,7557,4.0,303,7542,-1,0,0,-1,0,1,1,1,-1,1,1,-1,1,1,-1,7592,8294,2024-09-27 18:00:00+00:00,2024-09-27 18:00:00+00:00,91.5,50,50,9.4,DR-4830-GA,Hurricane,4830.0,GA,2507,0,2,4309,3041,2298,2775,1754,219,1749,375,2,2731,209,1186,2,59.3,3.0,24.1,63.4,95.4,67.8,100.0
"Wayne County, Georgia","POLYGON ((-82.132942 31.56931, -82.133465 31.630796, -82.133013 31.773404, -82.08944 31.772913, -82.089338 31.785903, -82.107028 31.786101, -82.106627 31.797484, -82.087247 31.799509, -82.087242 31.821003, -82.077084 31.829068, -82.048582 31.827075, -82.028346 31.815513, -82.014639 31.8218, -82.006777 31.800047, -81.97554 31.782707, -81.969052 31.789324, -81.951492 31.785852, -81.944534 31.761127, -81.912146 31.754241, -81.904964 31.724303, -81.874397 31.710197, -81.874366 31.704179, -81.867126 31.691078, -81.8488 31.678495, -81.850624 31.667671, -81.838378 31.666943, -81.830941 31.65731, -81.814117 31.652303, -81.813637 31.664458, -81.787487 31.643151, -81.79058 31.633882, -81.771476 31.62803, -81.768041 31.614106, -81.755859 31.615449, -81.724784 31.599431, -81.717742 31.589056, -81.701774 31.584922, -81.696426 31.553272, -81.663206 31.538667, -81.652252 31.528551, -81.65818 31.510147, -81.612054 31.469405, -81.62429 31.452982, -81.625987 31.453019, -81.661792 31.404302, -81.691977 31.400545, -81.704826 31.374873, -81.698134 31.367879, -81.725235 31.327206, -81.731694 31.330048, -81.801052 31.363737, -81.845192 31.354745, -81.910123 31.347216, -81.923238 31.345875, -81.951659 31.351138, -82.0311 31.366239, -82.041129 31.373721, -82.057524 31.409117, -82.052754 31.454569, -82.063387 31.466362, -82.09051 31.480009, -82.132794 31.471262, -82.132867 31.557514, -82.147948 31.569123, -82.132942 31.56931))",13305,1,1,1,1,EM-3616-GA,DR-4830-GA,29607,8460,1571,28.57,5.31,13574,1661,45.85,5.61,7573,1398,25.58,4.72,Yes,71.43,40.23,87.4,56.6,32.07,81.75,71.23,40.41,90.06,32132,30519,0,12590,50,11045,343,87.7,2.6,7280,464,65.9,3.6,3765,419,34.1,3.6,68.4,0.8,897,259,8.1,2.3,188,88,1.7,0.8,2116,348,19.2,3.0,19.8,3.1,7426,84,24.3,0.3,4968,66,16.3,0.2,5016,645,17.5,2.3,567,144,2.0,0.5,17372,30144,11141,626,1662287074.0,57.6,5.6,46.97,2,55797,6088,5785,1100,19.7,3.8,29321,3.5,458,12990,3.4,446,12967,3.3,428,13111,2.7,359,13264,3.4,458,13293,4.0,523,13237,3.9,515,13237,4.3,565,13198,3.3,431,13107,3.3,426,13026,3.2,418,13074,3.2,411,12741,3.6,472,12933,3.8,486,12808,3.7,483,13072,2.9,378,12901,3.4,440,12855,3.8,494,12871,0,0,0,-1,0,1,1,1,-1,1,1,1,-1,1,-1,13091,17280,2024-09-27 17:45:00+00:00,2024-09-27 17:45:00+00:00,75.8,50,50,1.9,DR-4830-GA,Hurricane,4830.0,GA,2411,0,4,4296,2991,2343,2608,1378,181,1377,343,1,2508,168,839,1,38.9,1.6,12.5,58.4,92.8,60.9,100.0
"Wheeler County, Georgia","POLYGON ((-82.927865 32.135274, -82.87179 32.18273, -82.884803 32.196072, -82.858308 32.194386, -82.768668 32.269684, -82.761881 32.264176, -82.761959 32.275574, -82.721964 32.309283, -82.694063 32.294646, -82.67377 32.293595, -82.655486 32.297561, -82.645232 32.295799, -82.651534 32.286704, -82.636634 32.269142, -82.648567 32.244476, -82.63243 32.226002, -82.625327 32.206016, -82.632324 32.195663, -82.626563 32.169963, -82.612876 32.161549, -82.613593 32.149951, -82.62619 32.132736, -82.623634 32.113731, -82.611411 32.089111, -82.622985 32.082271, -82.610606 32.075211, -82.613815 32.060619, -82.602096 32.046512, -82.607505 32.032016, -82.597671 32.013979, -82.547561 31.981588, -82.543655 31.958914, -82.544455 31.955887, -82.564956 31.957086, -82.603382 31.937623, -82.645659 31.918883, -82.695178 31.956883, -82.696998 31.963901, -82.701025 31.97119, -82.723088 32.002766, -82.766826 32.011619, -82.786919 32.022545, -82.801692 32.044932, -82.83749 32.060747, -82.852332 32.060634, -82.86982 32.074295, -82.888042 32.080784, -82.915293 32.12362, -82.939966 32.125175, -82.927865 32.135274))",13309,1,1,1,1,EM-3616-GA,DR-4830-GA,5026,1026,457,20.41,9.09,2388,491,47.51,9.77,1612,430,32.07,8.56,No,93.57,57.28,98.62,90.56,46.54,98.1,0.0,0.0,0.0,7076,7434,0,2434,9,1545,159,63.5,6.5,1063,178,68.8,8.8,482,143,31.2,8.8,44.1,2.3,163,97,10.6,6.1,25,32,1.6,2.0,319,104,20.6,6.3,21.1,6.4,1179,35,15.9,0.5,1096,69,14.7,0.9,635,270,9.7,4.1,181,79,2.5,1.1,7471,7471,2054,109,765314382.0,100.0,5.3,25.28,3,41163,4838,1804,412,36.3,8.3,4970,2.6,74,2821,2.8,80,2847,2.8,79,2840,2.4,68,2863,2.8,81,2843,3.0,84,2810,2.8,79,2794,3.0,86,2908,2.4,69,2920,2.7,79,2975,2.5,74,2969,2.2,63,2878,2.5,70,2840,2.7,76,2785,2.6,75,2832,2.0,55,2805,2.9,78,2727,3.3,88,2688,-1,0,0,-1,0,1,-1,0,0,1,1,-1,-1,0,-1,797,5353,2024-09-29 14:15:00+00:00,2024-09-29 14:15:00+00:00,14.9,50,64,7.9,DR-4830-GA,Hurricane,4830.0,GA,800,0,1,1410,1208,997,1125,711,157,709,282,0,988,150,517,0,91.3,10.2,45.9,70.1,95.5,72.9,0.0
"White County, Georgia","POLYGON ((-83.870904 34.668552, -83.874707 34.673193, -83.863606 34.688593, -83.856506 34.722191, -83.829401 34.730897, -83.829615 34.739627, -83.825903 34.778507, -83.780346 34.792905, -83.742608 34.801425, -83.704339 34.791328, -83.681596 34.800882, -83.628295 34.763394, -83.623296 34.732194, -83.639223 34.711432, -83.645195 34.669235, -83.648236 34.667813, -83.656143 34.662251, -83.662872 34.659435, -83.638243 34.62238, -83.645706 34.604998, -83.63884 34.580029, -83.615517 34.553085, -83.616427 34.547307, -83.616745 34.541389, -83.655569 34.517985, -83.666969 34.507565, -83.666415 34.503602, -83.756767 34.504457, -83.777605 34.513696, -83.788479 34.504754, -83.843405 34.505494, -83.832831 34.532307, -83.843788 34.532397, -83.864368 34.560524, -83.866806 34.602751, -83.864436 34.610933, -83.864456 34.615581, -83.876152 34.620518, -83.870904 34.668552))",13311,1,1,0,1,EM-3616-GA,DR-4830-GA,28440,8557,1455,30.09,5.12,13830,1531,48.63,5.38,6053,1281,21.28,4.5,No,41.28,15.58,70.57,31.44,13.84,60.37,0.0,0.0,0.0,29668,28454,0,13822,29,10422,384,75.4,2.8,8107,377,77.8,3.0,2315,341,22.2,3.0,73.0,1.3,403,153,3.9,1.5,98,61,0.9,0.6,987,262,9.5,2.4,10.2,2.4,5490,111,19.3,0.4,6520,61,22.9,0.2,4753,592,16.8,2.1,390,158,1.4,0.6,28003,28003,10942,541,623600283.0,100.0,4.9,116.3,3,66962,7713,3067,718,10.8,2.5,28279,2.9,401,13655,3.0,420,13803,3.0,417,13999,2.5,347,13931,3.1,433,14162,3.5,488,14132,3.4,474,13764,3.7,515,14108,2.8,399,14144,2.9,403,14014,2.9,413,14015,2.7,373,13836,3.1,435,13828,3.3,461,13866,3.2,454,14014,2.6,371,14014,2.9,411,14095,3.2,448,14167,-1,1,-1,0,0,0,1,0,-1,0,-1,-1,1,1,-1,6371,15932,2024-09-27 12:15:00+00:00,2024-09-27 12:15:00+00:00,40.0,34,34,7.9,,,,,0,0,0,0,0,0,0,0,0,0,0,0,0,0,0,0,0.0,0.0,0.0,0.0,0.0,0.0,0.0
"Wilcox County, Georgia","POLYGON ((-83.612196 31.85956, -83.610294 31.987842, -83.609663 32.027938, -83.609474 32.036123, -83.608547 32.118405, -83.435657 32.117244, -83.435593 32.125419, -83.416543 32.12517, -83.41644 32.133076, -83.396981 32.132578, -83.397148 32.124099, -83.361113 32.124092, -83.359379 32.106144, -83.337313 32.105885, -83.324373 32.104015, -83.324333 32.095571, -83.295206 32.07918, -83.307722 32.050919, -83.290102 32.027444, -83.296923 32.011245, -83.284783 32.003129, -83.292061 31.984506, -83.261534 31.952076, -83.226437 31.935931, -83.215643 31.910439, -83.205739 31.900325, -83.204236 31.884682, -83.181646 31.879715, -83.177469 31.847857, -83.182533 31.851783, -83.209638 31.844646, -83.356486 31.846509, -83.374862 31.84609, -83.480176 31.847312, -83.547524 31.847961, -83.54164 31.853102, -83.612256 31.854089, -83.612196 31.85956))",13315,1,1,0,1,EM-3616-GA,DR-4830-GA,6979,1709,441,24.49,6.32,3439,477,49.28,6.83,1831,427,26.24,6.12,No,74.74,35.17,91.75,60.37,28.3,87.41,0.0,0.0,0.0,8904,8784,0,3457,19,2504,154,72.4,4.4,1828,152,73.0,4.3,676,118,27.0,4.3,61.6,2.9,129,41,5.2,1.6,73,46,2.9,1.8,513,90,20.5,3.5,20.7,3.5,1640,99,18.7,1.1,1709,4,19.5,0.1,995,162,14.2,2.3,179,106,2.1,1.3,8766,8766,2811,144,978525380.0,100.0,5.1,23.2,3,45726,5771,1903,464,28.4,6.9,6693,3.5,104,3010,3.3,101,3015,3.5,103,2955,2.8,83,2980,3.5,103,2969,4.0,120,2980,3.8,112,2913,3.9,118,2994,2.9,89,3020,2.9,89,3084,3.1,95,3074,2.7,80,2994,3.5,104,3010,3.6,107,2954,3.5,104,2944,3.0,87,2900,3.5,98,2837,3.8,106,2814,-1,1,-1,-1,0,0,0,0,0,1,1,-1,1,0,-1,2668,6114,2024-09-27 15:15:00+00:00,2024-09-27 15:15:00+00:00,43.6,34,64,7.6,,,,,0,0,0,0,0,0,0,0,0,0,0,0,0,0,0,0,0.0,0.0,0.0,0.0,0.0,0.0,0.0
"Wilkes County, Georgia","POLYGON ((-82.9763 33.80235, -82.9616 33.811007, -82.946795 33.842674, -82.922082 33.85676, -82.912276 33.877246, -82.89008 33.896489, -82.874587 33.921767, -82.848777 33.939599, -82.810206 33.945468, -82.794067 33.94865, -82.779506 33.971124, -82.770939 33.972636, -82.753566 33.972253, -82.718719 33.984776, -82.701658 33.981346, -82.654876 33.991265, -82.645451 33.984195, -82.605687 33.859942, -82.577741 33.874729, -82.571928 33.865501, -82.594553 33.828429, -82.573652 33.786116, -82.544259 33.740694, -82.479518 33.639535, -82.507223 33.659994, -82.525209 33.644698, -82.537228 33.64916, -82.544281 33.638573, -82.565583 33.645918, -82.573511 33.639505, -82.583603 33.650477, -82.586683 33.640492, -82.617847 33.632203, -82.623749 33.619394, -82.617049 33.612171, -82.633502 33.611132, -82.643525 33.618034, -82.649705 33.608768, -82.652447 33.596104, -82.679975 33.599792, -82.692039 33.619745, -82.74383 33.611442, -82.805139 33.64747, -82.812084 33.65532, -82.850325 33.639552, -82.869336 33.642404, -82.879716 33.620748, -82.890599 33.632877, -82.938246 33.714707, -82.949046 33.733333, -82.987286 33.78071, -82.9763 33.80235))",13317,1,1,1,1,EM-3616-GA,DR-4830-GA,9488,2400,661,25.3,6.97,4380,732,46.16,7.72,2708,664,28.54,7.0,No,84.68,45.03,95.92,78.61,35.85,93.7,0.0,0.0,0.0,9567,9553,0,5210,30,4108,186,78.8,3.5,2740,230,66.7,4.8,1368,209,33.3,4.8,79.6,2.2,214,95,5.2,2.3,106,63,2.6,1.5,711,176,17.3,4.2,17.6,4.1,1969,60,20.6,0.6,2265,31,23.7,0.3,1664,227,17.6,2.4,266,106,2.9,1.2,9565,9565,4098,194,1216008875.0,100.0,4.7,20.37,3,48635,5552,1668,410,17.8,4.4,9392,3.6,133,3652,3.6,133,3694,3.5,131,3753,3.0,111,3721,3.8,143,3730,4.3,161,3726,5.1,191,3717,4.6,167,3656,3.7,134,3663,4.6,170,3696,3.9,143,3638,3.8,139,3616,3.8,135,3594,4.2,149,3574,4.1,151,3643,4.2,154,3690,3.9,141,3638,4.1,147,3627,-1,0,0,-1,0,1,1,0,0,1,1,-1,1,1,-1,4252,6081,2024-09-28 11:15:00+00:00,2024-09-28 11:15:00+00:00,69.9,50,50,7.7,DR-4830-GA,Hurricane,4830.0,GA,1070,0,0,1699,1099,811,945,522,74,521,126,0,1004,71,321,0,41.4,1.8,12.7,59.1,95.9,61.6,0.0
"Wilkinson County, Georgia","POLYGON ((-83.40699 32.89822, -83.357685 32.926141, -83.287737 32.951884, -83.276067 32.942067, -83.268672 32.958699, -83.235742 32.972004, -83.20616 32.983597, -83.162358 32.969577, -83.179469 32.987401, -83.159585 33.002803, -83.13318 33.007112, -83.114347 32.972991, -83.073648 32.946562, -83.067887 32.942225, -83.048316 32.910083, -83.04856 32.887842, -83.02968 32.860433, -82.988967 32.852655, -82.987358 32.846871, -82.974265 32.839236, -82.954358 32.80176, -82.960759 32.774658, -82.955364 32.756461, -82.946966 32.759358, -82.94512 32.751434, -82.957066 32.708318, -83.155984 32.618615, -83.226536 32.584201, -83.251501 32.623997, -83.299985 32.709696, -83.334556 32.770558, -83.370471 32.833909, -83.40699 32.89822))",13319,1,1,0,1,EM-3616-GA,DR-4830-GA,8695,2707,563,31.13,6.47,4017,605,46.2,6.96,1971,531,22.67,6.11,No,51.57,14.38,82.91,38.99,12.58,75.46,0.0,0.0,0.0,8667,8795,0,4298,31,3347,164,77.9,3.7,2779,162,83.0,3.6,568,129,17.0,3.6,71.7,1.2,197,69,5.9,2.0,47,28,1.4,0.8,530,111,15.8,3.1,15.9,3.1,1903,34,21.6,0.4,1771,20,20.1,0.5,1390,174,16.0,2.0,78,68,0.9,0.8,8877,8877,3588,217,1163481422.0,100.0,6.0,19.76,3,51498,6442,1768,363,20.6,4.2,8594,4.5,138,3052,4.7,143,3069,4.5,140,3086,3.9,120,3109,4.6,143,3112,5.4,169,3135,5.1,161,3134,5.3,168,3149,4.4,139,3142,4.4,140,3155,4.1,126,3066,3.7,115,3072,4.1,128,3096,4.7,146,3087,4.5,141,3142,3.6,112,3115,4.0,123,3077,4.5,138,3087,-1,1,-1,0,0,0,1,0,-1,1,0,-1,1,1,-1,1359,4264,2024-09-27 15:00:00+00:00,2024-09-27 15:00:00+00:00,31.9,50,64,7.1,,,,,0,0,0,0,0,0,0,0,0,0,0,0,0,0,0,0,0.0,0.0,0.0,0.0,0.0,0.0,0.0
"Worth County, Georgia","POLYGON ((-84.018339 31.725162, -84.003496 31.754596, -83.98639 31.765426, -83.991554 31.783756, -84.008445 31.801645, -83.976884 31.803329, -83.967344 31.834477, -83.939437 31.847929, -83.924263 31.848393, -83.845323 31.83119, -83.8262 31.809773, -83.802723 31.803579, -83.79731 31.760748, -83.796846 31.622929, -83.78688 31.62281, -83.706481 31.619088, -83.704605 31.61341, -83.66769 31.585871, -83.663757 31.565629, -83.649384 31.567977, -83.649534 31.554686, -83.650627 31.484737, -83.665777 31.485135, -83.66667 31.43424, -83.651764 31.433918, -83.652809 31.389617, -83.65409 31.330661, -83.713867 31.331652, -83.713975 31.326027, -83.714134 31.318365, -83.758934 31.318954, -83.759086 31.332225, -83.813689 31.332675, -83.99943 31.334966, -83.999364 31.336858, -83.997796 31.443753, -83.997679 31.462773, -83.982569 31.46348, -83.997468 31.47601, -83.996665 31.551663, -83.981669 31.553287, -83.996567 31.563518, -83.996246 31.625154, -84.012509 31.633619, -83.993374 31.650034, -84.018404 31.650274, -84.012401 31.663039, -84.032692 31.716265, -84.018339 31.725162))",13321,1,1,0,1,EM-3616-GA,DR-4830-GA,20209,5579,1071,27.61,5.3,9351,1141,46.27,5.65,5279,983,26.12,4.86,No,74.02,43.09,89.11,59.11,34.59,84.27,0.0,0.0,0.0,20262,20575,0,9296,29,7876,253,84.7,2.7,5714,312,72.5,3.0,2162,244,27.5,3.0,73.5,1.4,458,142,5.8,1.8,77,54,1.0,0.7,1565,243,19.9,3.0,20.2,3.1,4585,82,22.3,0.4,4128,45,20.1,0.2,3743,437,18.3,2.1,171,97,0.9,0.5,14638,20784,8183,499,1478084027.0,70.4,6.1,36.42,2,50830,5331,4302,771,21.4,3.8,20081,3.2,284,8747,3.5,304,8741,3.6,317,8710,3.2,285,8812,3.8,332,8779,4.2,372,8797,4.0,354,8764,4.2,366,8777,3.3,292,8808,3.4,306,8978,3.5,312,8966,3.5,308,8869,3.5,303,8756,3.9,337,8709,3.8,331,8763,3.1,270,8684,3.5,296,8533,3.8,322,8507,-1,1,-1,-1,0,1,1,0,-1,1,1,0,1,1,-1,2851,7637,2024-09-27 09:45:00+00:00,2024-09-27 09:45:00+00:00,37.3,34,50,6.4,,,,,0,0,0,0,0,0,0,0,0,0,0,0,0,0,0,0,0.0,0.0,0.0,0.0,0.0,0.0,0.0
"Anderson County, Kentucky","POLYGON ((-85.169359 37.997576, -85.131052 37.99588, -85.126452 38.020292, -85.101646 38.03727, -85.083616 38.040876, -85.071682 38.057753, -85.047783 38.072341, -85.054538 38.084223, -85.039653 38.119313, -85.023711 38.129052, -85.000745 38.128031, -84.971663 38.120502, -84.968598 38.119618, -84.958135 38.109825, -84.91881 38.099381, -84.902266 38.093437, -84.864908 38.116926, -84.865138 38.09644, -84.842174 38.100003, -84.828991 38.090402, -84.842487 38.068744, -84.82693 38.060456, -84.846737 38.040909, -84.845871 38.040249, -84.829753 38.02362, -84.836651 38.007396, -84.817142 37.999998, -84.816318 37.972052, -84.796327 37.970088, -84.883748 37.939893, -84.910075 37.940875, -84.910587 37.950999, -84.93778 37.952826, -84.973351 37.935511, -84.987192 37.905657, -85.027462 37.88447, -85.030528 37.891538, -85.042957 37.885927, -85.058151 37.89516, -85.068162 37.885897, -85.106913 37.893901, -85.106192 37.909247, -85.126552 37.917169, -85.138236 37.891741, -85.152797 37.897661, -85.167834 37.971809, -85.1677 37.974731, -85.169359 37.997576))",21005,1,0,0,1,,DR-4848-KY,24613,8092,1491,32.88,6.06,11983,1547,48.69,6.29,4538,1298,18.44,5.27,No,21.09,3.98,59.0,6.67,1.67,45.83,0.0,0.0,0.0,24883,24098,0,10196,30,9496,245,93.1,2.4,7402,368,77.9,3.5,2094,343,22.1,3.5,65.5,0.8,522,201,5.5,2.1,173,121,1.8,1.3,757,260,8.0,2.7,8.7,2.7,5611,10,23.3,0.1,3927,68,16.3,0.3,4466,571,18.6,2.4,25,34,0.1,0.1,10309,23852,9369,378,523850042.0,43.2,4.0,117.93,1,78336,6879,2200,487,9.0,2.0,24430,4.6,520,11321,5.2,593,11403,4.8,553,11466,4.1,469,11515,4.3,492,11560,5.1,592,11657,5.5,640,11600,5.1,597,11629,4.9,566,11618,4.8,560,11642,4.8,561,11724,4.6,538,11675,4.9,576,11818,5.0,589,11863,5.2,614,11877,4.4,522,11865,4.3,508,11916,4.7,558,11939,1,1,-1,0,0,0,1,0,0,-1,-1,1,-1,1,-1,5891,12641,2024-09-27 17:15:00+00:00,2024-09-27 17:15:00+00:00,46.6,34,34,4.0,,,,,0,0,0,0,0,0,0,0,0,0,0,0,0,0,0,0,0.0,0.0,0.0,0.0,0.0,0.0,0.0
"Bath County, Kentucky","POLYGON ((-83.977924 38.192118, -83.860897 38.287751, -83.848355 38.296949, -83.821246 38.300272, -83.815287 38.286313, -83.806954 38.281035, -83.784572 38.294785, -83.77488 38.285753, -83.72602 38.29298, -83.73823 38.26815, -83.710803 38.26817, -83.715997 38.250109, -83.709068 38.243784, -83.688121 38.261699, -83.695607 38.243617, -83.694425 38.208937, -83.683079 38.214378, -83.671375 38.196855, -83.659177 38.201522, -83.646546 38.170963, -83.639799 38.176869, -83.635195 38.187525, -83.619805 38.175569, -83.596574 38.184443, -83.591639 38.16916, -83.618483 38.155697, -83.605854 38.124104, -83.572287 38.147376, -83.5483 38.141177, -83.559057 38.115841, -83.525436 38.11935, -83.515259 38.108089, -83.53442 38.094693, -83.519617 38.08889, -83.510731 38.070424, -83.506823 38.087343, -83.465817 38.08431, -83.462805 38.070652, -83.480476 38.069143, -83.498846 38.05062, -83.574989 38.058883, -83.572955 38.023212, -83.58053 38.011702, -83.60998 38.007087, -83.6347 38.026865, -83.662401 38.027777, -83.689207 38.012152, -83.709507 38.009317, -83.71729 38.003288, -83.730982 38.010524, -83.756862 37.992542, -83.75943 37.998731, -83.755706 38.004966, -83.800031 38.040412, -83.820799 38.08111, -83.843154 38.10166, -83.875895 38.131737, -83.974659 38.158437, -83.965253 38.170542, -83.977924 38.192118))",21011,1,0,0,1,,DR-4848-KY,12975,4587,846,35.35,6.52,5331,876,41.09,6.75,3057,732,23.56,5.64,No,58.38,21.5,84.22,40.83,10.83,79.99,0.0,0.0,0.0,12951,12812,0,5479,17,4743,226,86.6,4.1,3453,216,72.8,4.3,1290,230,27.2,4.3,73.1,0.5,428,112,9.0,2.4,158,105,3.3,2.2,954,209,20.1,4.3,20.3,4.3,3268,12,25.5,0.1,2142,22,16.7,0.2,2838,371,22.3,2.9,291,235,2.4,2.0,12750,12750,4878,236,719997080.0,100.0,4.8,45.86,3,54247,4817,2289,524,17.8,4.1,12825,7.9,401,5108,8.0,408,5117,7.5,389,5161,5.9,301,5076,6.1,309,5048,6.9,346,5038,7.7,387,5019,6.7,335,5028,6.4,322,5049,6.3,315,5024,6.5,327,5044,7.1,356,5048,8.6,445,5164,8.0,409,5144,7.4,381,5148,5.5,279,5076,5.8,296,5085,6.2,317,5086,0,1,-1,0,0,0,1,1,0,1,1,1,0,1,-1,4455,8249,2024-09-27 20:00:00+00:00,2024-09-27 20:00:00+00:00,54.0,34,34,4.8,,,,,0,0,0,0,0,0,0,0,0,0,0,0,0,0,0,0,0.0,0.0,0.0,0.0,0.0,0.0,0.0
"Bell County, Kentucky","POLYGON ((-83.952535 36.648681, -83.878615 36.680335, -83.877503 36.687259, -83.86552 36.714717, -83.841314 36.711756, -83.828235 36.742749, -83.809166 36.748103, -83.798248 36.785197, -83.781212 36.802693, -83.752265 36.805318, -83.743914 36.796455, -83.737731 36.809144, -83.708931 36.827061, -83.708682 36.835088, -83.687953 36.836315, -83.682879 36.854582, -83.66327 36.864248, -83.642407 36.866246, -83.64307 36.879377, -83.629044 36.888182, -83.620573 36.884087, -83.612394 36.897593, -83.581094 36.904667, -83.575778 36.922451, -83.566142 36.931525, -83.583819 36.941249, -83.589521 36.955786, -83.520687 36.93755, -83.509083 36.938509, -83.509482 36.923375, -83.489423 36.911302, -83.499905 36.895407, -83.489813 36.895413, -83.496976 36.883625, -83.48171 36.849134, -83.490703 36.836737, -83.511729 36.807362, -83.485814 36.783293, -83.500891 36.733254, -83.480179 36.709879, -83.459459 36.697387, -83.4610151191699 36.6648782480975, -83.466483 36.6647, -83.48261 36.666185, -83.48891 36.667685, -83.493911 36.670085, -83.498011 36.670485, -83.499911 36.670185, -83.501411 36.669085, -83.506911 36.668685, -83.511711 36.669085, -83.516011 36.667585, -83.527112 36.665985, -83.529612 36.666184, -83.531912 36.664984, -83.533012 36.663284, -83.533112 36.661884, -83.541812 36.656584, -83.547312 36.654484, -83.554112 36.653784, -83.562612 36.651284, -83.565712 36.648384, -83.569812 36.645684, -83.577312 36.641784, -83.5842272676923 36.6413998184615, -83.584512 36.641384, -83.600713 36.637084, -83.603013 36.636883, -83.604313 36.637683, -83.605613 36.637783, -83.607913 36.637083, -83.614513 36.633983, -83.616413 36.631383, -83.619913 36.627983, -83.625013 36.625183, -83.628913 36.624083, -83.635013 36.622883, -83.639813 36.624783, -83.645213 36.624183, -83.648314 36.622683, -83.649513 36.616683, -83.657714 36.611782, -83.663614 36.606782, -83.665614 36.605782, -83.673114 36.604682, -83.6738978357588 36.6038459085239, -83.674614 36.603082, -83.675413 36.600814, -83.675614 36.598582, -83.6761382396998 36.5978830137336, -83.677114 36.596582, -83.679514 36.594082, -83.683014 36.592182, -83.687514 36.587182, -83.688814 36.584382, -83.690714 36.582581, -83.6907980433735 36.5825821114247, -83.789017 36.583881, -83.8404634007862 36.5851500281398, -83.894421 36.586481, -83.9307607839439 36.5876942581124, -83.924712 36.602673, -83.956234 36.645491, -83.952535 36.648681))",21013,1,0,0,1,,DR-4848-KY,22867,6648,1320,29.07,5.77,9963,1375,43.57,6.01,6256,1171,27.36,5.12,No,80.45,49.23,91.98,74.16,35.0,91.66,0.0,0.0,0.0,23051,23878,0,11608,28,9526,348,82.1,3.0,5817,392,61.1,4.0,3709,434,38.9,4.0,68.4,0.9,1191,246,12.5,2.6,708,228,7.4,2.3,2050,331,21.5,3.3,24.3,3.9,5207,63,21.8,0.3,4494,46,18.8,0.2,6134,474,26.2,2.0,19,24,0.1,0.1,14282,24097,9928,469,929803430.0,59.3,4.7,67.12,2,35566,3842,6547,1332,28.9,5.9,22632,6.9,520,7522,7.3,550,7530,7.0,526,7560,5.9,447,7547,6.3,464,7403,7.5,560,7477,7.5,561,7464,7.2,538,7462,6.8,507,7459,6.8,509,7527,7.0,531,7594,6.9,522,7534,7.7,586,7654,7.3,560,7628,7.6,584,7641,5.8,438,7536,6.1,459,7493,7.0,532,7576,-1,0,0,-1,0,1,1,1,1,1,1,-1,1,1,-1,2567,14267,2024-09-27 22:15:00+00:00,2024-09-27 22:15:00+00:00,18.0,34,34,4.3,,,,,0,0,0,0,0,0,0,0,0,0,0,0,0,0,0,0,0.0,0.0,0.0,0.0,0.0,0.0,0.0
"Bourbon County, Kentucky","POLYGON ((-84.442661 38.283236, -84.415105 38.287502, -84.398326 38.28376, -84.398345 38.283729, -84.398361 38.283617, -84.398298 38.28353, -84.398097 38.283476, -84.39783 38.283463, -84.378762 38.277852, -84.361984 38.295675, -84.344921 38.285046, -84.308529 38.312482, -84.278856 38.315323, -84.264472 38.324491, -84.19405 38.37175, -84.166253 38.354913, -84.137279 38.311743, -84.116699 38.288292, -84.104135 38.285744, -84.118579 38.27253, -84.109197 38.275029, -84.103023 38.258754, -84.088983 38.273024, -84.076293 38.268879, -84.077741 38.256157, -84.057118 38.256187, -84.052551 38.242631, -84.062691 38.235203, -84.027045 38.214105, -84.00814 38.219841, -83.990405 38.207589, -83.977367 38.220048, -83.969281 38.20933, -83.977924 38.192118, -83.990171 38.175067, -84.080527 38.115118, -84.146404 38.099802, -84.187069 38.090288, -84.286461 38.067028, -84.287259 38.075592, -84.318125 38.092885, -84.32667 38.084732, -84.36056 38.098708, -84.380935 38.113491, -84.368473 38.134044, -84.373755 38.157572, -84.35523 38.178474, -84.358627 38.194824, -84.364775 38.195907, -84.378481 38.211357, -84.401847 38.207889, -84.422305 38.21709, -84.417113 38.223651, -84.42254 38.256642, -84.441353 38.281308, -84.442661 38.283236))",21017,1,0,0,1,,DR-4848-KY,20131,6712,1109,33.34,5.51,8655,1167,42.99,5.8,4764,1006,23.66,5.0,No,59.09,25.79,82.5,41.66,14.17,77.49,0.0,0.0,0.0,20333,20174,0,9148,27,8128,251,88.9,2.7,5269,296,64.8,3.2,2859,275,35.2,3.2,73.4,1.7,810,202,10.0,2.4,125,69,1.5,0.8,1149,201,14.1,2.6,14.9,2.6,4605,26,22.8,0.1,3937,111,19.5,0.6,3922,434,19.6,2.2,499,125,2.6,0.7,8983,20252,8220,309,750448654.0,44.4,3.8,69.89,1,61530,6976,2832,552,14.2,2.8,19976,4.2,426,10168,4.5,456,10197,4.2,434,10258,3.5,359,10244,3.9,386,9928,4.8,470,9795,4.7,475,10080,4.5,461,10148,4.2,431,10172,4.3,442,10241,4.3,444,10418,4.4,441,10056,4.6,479,10397,4.7,483,10342,5.0,518,10429,3.6,372,10259,3.9,388,10027,4.3,441,10198,0,0,0,0,0,0,1,1,-1,0,0,1,1,1,-1,3287,9793,2024-09-27 20:00:00+00:00,2024-09-27 20:00:00+00:00,33.6,34,34,5.0,,,,,0,0,0,0,0,0,0,0,0,0,0,0,0,0,0,0,0.0,0.0,0.0,0.0,0.0,0.0,0.0
"Bracken County, Kentucky","POLYGON ((-84.2304215920899 38.8274035078399, -84.230181 38.826547, -84.2253 38.817665, -84.222059 38.813753, -84.212904 38.805707, -84.205592 38.802588, -84.198358 38.80092, -84.1886332554178 38.7995428280713, -84.155912 38.794909, -84.135088 38.789485, -84.115655 38.782721, -84.1118836769784 38.7807996660541, -84.108836 38.779247, -84.094334 38.775246, -84.071491 38.770475, -84.06341 38.771151, -84.0526699451033 38.7713755116846, -84.051642 38.771397, -84.044486 38.770572, -84.023113 38.775061, -84.006104 38.780156, -83.995447 38.781912, -83.978814 38.787104, -83.962123 38.787384, -83.9590529004392 38.7869501699117, -83.953546 38.786172, -83.943978 38.783616, -83.928454 38.774583, -83.928591 38.772203, -83.926986 38.771562, -83.917217 38.769665, -83.915855924909 38.7696960559625, -83.912922 38.769763, -83.903971 38.76816, -83.9039169444849 38.7681517942292, -83.945901 38.686711, -83.991605 38.593701, -83.997136 38.583307, -84.033695 38.582947, -84.045016 38.60005, -84.074408 38.598636, -84.083746 38.608594, -84.083512 38.597737, -84.104477 38.586288, -84.122315 38.564155, -84.146365 38.549802, -84.162031 38.554125, -84.215625 38.554976, -84.20401 38.563961, -84.205346 38.582039, -84.195534 38.588381, -84.207373 38.597602, -84.214234 38.653789, -84.225095 38.743622, -84.235962 38.822361, -84.2304215920899 38.8274035078399))",21023,1,0,0,1,,DR-4848-KY,8426,3328,595,39.5,7.06,3338,619,39.62,7.35,1760,521,20.89,6.18,No,38.72,7.66,76.36,20.0,3.33,68.33,0.0,0.0,0.0,8497,8427,0,3847,34,3263,135,84.8,3.5,2533,170,77.6,4.1,730,138,22.4,4.1,70.2,0.3,221,76,6.8,2.3,109,62,3.3,1.9,535,134,16.4,4.0,17.0,4.1,1989,0,23.6,0.0,1486,9,17.6,0.1,1463,257,17.4,3.1,0,18,0.0,0.5,8400,8400,3329,140,524900457.0,100.0,4.2,41.45,3,64458,6926,1198,242,14.3,2.9,8355,6.9,262,3807,7.4,282,3829,6.8,261,3844,5.2,199,3816,5.5,212,3825,5.8,224,3855,6.2,241,3885,5.7,221,3853,5.4,207,3833,5.4,206,3835,5.5,210,3829,6.7,257,3864,8.2,323,3918,7.5,296,3929,6.8,263,3889,5.2,202,3871,4.8,185,3868,5.5,214,3895,-1,1,-1,0,0,0,1,0,0,1,1,1,1,1,-1,3545,6276,2024-09-27 18:15:00+00:00,2024-09-27 18:15:00+00:00,56.5,34,34,4.9,,,,,0,0,0,0,0,0,0,0,0,0,0,0,0,0,0,0,0.0,0.0,0.0,0.0,0.0,0.0,0.0
"Breathitt County, Kentucky","POLYGON ((-83.579186 37.506249, -83.522308 37.638516, -83.509311 37.642555, -83.495488 37.619595, -83.475946 37.625807, -83.458716 37.630476, -83.433623 37.65654, -83.431626 37.673727, -83.418635 37.690655, -83.390714 37.699776, -83.374613 37.695187, -83.364582 37.684223, -83.346052 37.676779, -83.33067 37.674569, -83.317939 37.682894, -83.294862 37.682389, -83.280125 37.674466, -83.268313 37.67995, -83.248692 37.669616, -83.221657 37.650231, -83.162859 37.634823, -83.134349 37.606542, -83.114667 37.611401, -83.089796 37.632167, -83.071977 37.609511, -83.062265 37.609353, -83.057374 37.593194, -83.038749 37.584303, -83.027515 37.589649, -83.01217 37.583474, -83.017953 37.549181, -83.007838 37.550215, -82.996952 37.528332, -82.959935 37.518249, -82.948544 37.503167, -82.974293 37.497959, -83.031262 37.506341, -83.062266 37.526231, -83.07096 37.516846, -83.089709 37.522142, -83.092654 37.498849, -83.134711 37.457181, -83.124348 37.404973, -83.183407 37.409409, -83.199734 37.41466, -83.214735 37.443538, -83.269786 37.39878, -83.276977 37.398391, -83.302525 37.386061, -83.332641 37.379675, -83.347481 37.361929, -83.368244 37.358071, -83.38165 37.338266, -83.403988 37.338332, -83.413999 37.350507, -83.422235 37.350821, -83.44976 37.378684, -83.476721 37.377534, -83.486696 37.358947, -83.536265 37.330291, -83.547628 37.334418, -83.534059 37.352795, -83.545212 37.362053, -83.549201 37.394142, -83.536003 37.412685, -83.554569 37.438394, -83.551811 37.454504, -83.54924 37.464998, -83.565099 37.471266, -83.579186 37.506249))",21025,1,0,0,1,,DR-4848-KY,12828,3619,742,28.21,5.78,5291,771,41.25,6.01,3918,654,30.54,5.1,No,90.12,68.89,95.95,89.99,58.33,96.66,0.0,0.0,0.0,12804,13438,0,6559,28,5532,171,84.3,2.5,4112,226,74.3,3.6,1420,207,25.7,3.6,64.5,1.8,1058,203,19.1,3.6,185,71,3.3,1.3,1813,198,32.8,3.3,33.4,3.2,2806,83,20.9,0.6,2464,56,18.3,0.4,4188,361,31.4,2.7,86,71,0.7,0.6,13718,13718,5716,263,1275366506.0,100.0,4.6,27.86,3,40093,5144,3850,727,30.3,5.7,12709,8.4,349,4134,8.7,363,4177,7.5,311,4149,6.5,266,4124,7.0,290,4122,8.5,354,4174,8.8,360,4102,7.8,321,4120,7.2,300,4180,7.3,308,4193,7.3,309,4207,7.4,313,4214,9.4,406,4340,8.7,380,4345,8.3,358,4310,5.8,245,4211,5.9,248,4213,6.7,283,4223,-1,1,-1,-1,0,1,0,1,0,1,1,-1,1,1,-1,1520,7173,2024-09-27 17:45:00+00:00,2024-09-27 17:45:00+00:00,21.2,34,34,4.5,,,,,0,0,0,0,0,0,0,0,0,0,0,0,0,0,0,0,0.0,0.0,0.0,0.0,0.0,0.0,0.0
"Carter County, Kentucky","POLYGON ((-83.341347 38.319521, -83.312291 38.333714, -83.284788 38.323742, -83.255278 38.330244, -83.230598 38.339508, -83.228888 38.344147, -83.237173 38.348143, -83.239615 38.355851, -83.23727 38.358807, -83.23721 38.426472, -83.207514 38.441177, -83.211005 38.446357, -83.186411 38.469428, -83.188505 38.496071, -83.166419 38.503965, -83.160971 38.504299, -83.12123 38.485662, -83.096944 38.483193, -83.066617 38.466134, -83.051566 38.46524, -83.007811 38.426011, -83.001364 38.420065, -83.000886 38.410592, -82.970648 38.393666, -82.911783 38.398712, -82.889677 38.39295, -82.817454 38.373935, -82.776211 38.363699, -82.772543 38.363317, -82.779587 38.348999, -82.782062 38.335055, -82.794206 38.243772, -82.82111 38.232733, -82.8232 38.208264, -82.853983 38.190156, -82.883913 38.195978, -82.924805 38.175114, -82.945015 38.168334, -82.975731 38.171995, -82.988955 38.188959, -83.007089 38.192253, -83.011467 38.205751, -83.039816 38.199686, -83.050931 38.179731, -83.083685 38.222719, -83.118475 38.233265, -83.155042 38.258793, -83.177781 38.266963, -83.190034 38.251576, -83.202901 38.250247, -83.21815 38.237053, -83.220913 38.209848, -83.244306 38.19238, -83.263082 38.190678, -83.30114 38.209703, -83.312722 38.24402, -83.307888 38.252254, -83.332655 38.284886, -83.326281 38.290176, -83.341232 38.317651, -83.341347 38.319521))",21043,1,0,0,1,,DR-4848-KY,25855,9465,1375,36.61,5.32,10194,1433,39.43,5.54,6196,1222,23.96,4.73,No,61.6,29.29,82.59,45.0,16.67,77.49,0.0,0.0,0.0,26098,26515,0,12283,25,10371,321,84.4,2.6,8136,354,78.4,2.6,2235,284,21.6,2.6,73.4,1.4,832,171,8.0,1.7,256,119,2.5,1.1,1955,273,18.9,2.7,19.7,2.8,5935,138,22.4,0.5,5285,131,19.9,0.5,5640,606,21.5,2.3,19,18,0.1,0.1,21209,26627,10664,436,1060593553.0,79.7,4.1,65.02,2,50853,5744,4922,1056,19.2,4.1,25651,9.8,992,10112,9.9,996,10089,8.3,837,10055,7.2,729,10069,7.4,744,10062,8.6,861,10046,9.2,935,10177,8.2,832,10122,7.3,738,10134,7.1,723,10113,7.4,753,10124,8.6,882,10284,10.6,1095,10354,9.4,971,10327,8.4,858,10223,6.3,639,10074,7.0,715,10165,7.9,807,10207,-1,1,-1,0,0,0,1,1,0,1,1,0,1,1,-1,5888,12957,2024-09-27 22:15:00+00:00,2024-09-27 22:15:00+00:00,45.4,34,34,5.2,,,,,0,0,0,0,0,0,0,0,0,0,0,0,0,0,0,0,0.0,0.0,0.0,0.0,0.0,0.0,0.0
"Clark County, Kentucky","POLYGON ((-84.338832 37.907593, -84.339992 37.931793, -84.332462 37.946335, -84.310743 37.952462, -84.320985 37.953467, -84.322462 38.000876, -84.282629 38.019103, -84.286461 38.067028, -84.187069 38.090288, -84.146404 38.099802, -84.080527 38.115118, -84.043822 38.058832, -84.026514 38.030871, -83.984794 37.963913, -83.96631 37.930768, -83.975996 37.923544, -83.982573 37.923991, -84.00645 37.860051, -84.02737 37.869454, -84.001967 37.837592, -84.039557 37.833721, -84.059258 37.847748, -84.05744 37.835428, -84.075107 37.823272, -84.080337 37.853066, -84.089342 37.861052, -84.107378 37.850558, -84.13113 37.867935, -84.166017 37.861524, -84.172365 37.875091, -84.186846 37.879232, -84.214722 37.869321, -84.224391 37.877137, -84.237685 37.887329, -84.263154 37.876873, -84.261682 37.896023, -84.269131 37.905253, -84.270331 37.917281, -84.337393 37.892007, -84.349026 37.898695, -84.338832 37.907593))",21049,1,0,0,1,,DR-4848-KY,37099,15687,1947,42.28,5.25,14386,1979,38.78,5.33,7026,1578,18.94,4.25,No,24.68,7.51,55.75,8.33,3.33,41.66,0.0,0.0,0.0,37673,37004,0,16279,55,14934,299,91.7,1.8,10675,443,71.5,2.7,4259,423,28.5,2.7,68.7,1.3,968,214,6.5,1.4,153,63,1.0,0.4,1791,286,12.0,1.9,12.7,1.9,8347,75,22.6,0.2,6722,132,18.2,0.4,7191,570,19.6,1.6,329,137,0.9,0.4,10719,36972,14917,638,653924827.0,29.0,4.3,146.43,1,72386,4605,3979,964,10.8,2.6,36806,4.6,815,17621,5.0,889,17718,4.8,850,17855,4.1,743,17970,4.3,773,17811,5.0,908,18063,5.2,945,18133,4.9,889,18123,4.6,841,18185,4.7,844,18122,4.8,870,18077,4.8,866,18094,5.3,958,18150,5.2,942,18222,5.2,956,18242,4.0,731,18269,4.1,759,18296,4.6,849,18447,1,1,-1,1,-1,0,1,0,-1,0,0,1,1,1,-1,3261,19189,2024-09-27 19:45:00+00:00,2024-09-27 19:45:00+00:00,17.0,34,34,4.5,,,,,0,0,0,0,0,0,0,0,0,0,0,0,0,0,0,0,0.0,0.0,0.0,0.0,0.0,0.0,0.0
"Clay County, Kentucky","POLYGON ((-83.940715 37.206972, -83.943718 37.250551, -83.921797 37.261803, -83.901574 37.25374, -83.893923 37.272418, -83.876838 37.294652, -83.878952 37.306957, -83.863192 37.306571, -83.821693 37.331255, -83.783761 37.334733, -83.784975 37.348717, -83.717975 37.338817, -83.678553 37.337055, -83.668138 37.355232, -83.653303 37.358075, -83.638572 37.344166, -83.622383 37.314781, -83.608829 37.30853, -83.597279 37.292255, -83.583132 37.294827, -83.565566 37.275716, -83.567509 37.267539, -83.541436 37.267791, -83.526907 37.258529, -83.511263 37.255073, -83.507886 37.235877, -83.528922 37.231259, -83.511106 37.211022, -83.505113 37.204213, -83.551295 37.163834, -83.551237 37.119056, -83.535284 37.103096, -83.553101 37.079281, -83.539184 37.070107, -83.547564 37.04358, -83.536777 37.042093, -83.510863 37.00357, -83.523037 36.998487, -83.509083 36.938509, -83.520687 36.93755, -83.589521 36.955786, -83.607899 36.952718, -83.641079 36.959517, -83.719925 36.995246, -83.734423 37.004141, -83.742125 37.022502, -83.774896 37.015237, -83.774061 37.036831, -83.79723 37.036813, -83.815307 37.026889, -83.833982 37.043338, -83.856181 37.042458, -83.871315 37.054919, -83.887719 37.075119, -83.877746 37.080113, -83.862526 37.091361, -83.865342 37.103884, -83.885673 37.118767, -83.903664 37.110524, -83.927212 37.11396, -83.935033 37.121441, -83.935244 37.134527, -83.969571 37.168876, -83.940715 37.206972))",21051,1,0,0,1,,DR-4848-KY,18102,5309,1047,29.33,5.78,7170,1085,39.61,5.99,5623,910,31.06,5.03,No,91.48,71.81,96.36,91.66,62.49,96.66,0.0,0.0,0.0,19592,20105,0,8642,31,7178,286,83.1,3.3,5567,317,77.6,3.0,1611,219,22.4,3.0,57.4,0.6,1202,292,16.7,4.1,200,86,2.8,1.2,2395,343,33.4,4.5,33.5,4.5,4180,17,20.8,0.1,3155,48,15.7,0.2,5275,501,28.1,2.7,72,29,0.4,0.2,20345,20345,7593,397,1215470276.0,100.0,5.2,43.35,3,36330,4612,6673,1173,37.2,6.5,17957,6.6,383,5807,7.2,424,5866,7.0,412,5926,6.4,372,5836,6.7,393,5846,7.6,454,5940,7.9,462,5825,7.6,448,5930,7.1,416,5890,7.1,420,5890,7.6,449,5917,7.7,458,5947,7.9,471,5998,7.5,452,6016,7.6,457,5990,6.1,360,5883,6.4,380,5914,7.2,428,5922,-1,1,-1,0,0,1,-1,1,0,1,1,-1,-1,1,-1,2810,10073,2024-09-27 21:00:00+00:00,2024-09-27 21:00:00+00:00,27.9,34,34,5.0,,,,,0,0,0,0,0,0,0,0,0,0,0,0,0,0,0,0,0.0,0.0,0.0,0.0,0.0,0.0,0.0
"Elliott County, Kentucky","POLYGON ((-83.270846 38.069202, -83.263289 38.115386, -83.247928 38.130151, -83.223317 38.131871, -83.205257 38.175513, -83.243324 38.176098, -83.264229 38.188098, -83.244306 38.19238, -83.220913 38.209848, -83.21815 38.237053, -83.202901 38.250247, -83.190034 38.251576, -83.177781 38.266963, -83.155042 38.258793, -83.118475 38.233265, -83.083685 38.222719, -83.050931 38.179731, -83.039816 38.199686, -83.011467 38.205751, -83.007089 38.192253, -82.988955 38.188959, -82.975731 38.171995, -82.945015 38.168334, -82.924805 38.175114, -82.917786 38.174834, -82.907833 38.156716, -82.90675 38.133025, -82.89194 38.119826, -82.888644 38.112806, -82.907528 38.095731, -82.917064 38.099094, -82.942005 38.077585, -82.95632 38.049521, -82.981228 38.049999, -83.002238 38.034601, -83.022115 38.007047, -83.047871 37.996728, -83.065341 38.007949, -83.101689 38.009751, -83.136357 38.004285, -83.141746 37.997248, -83.151976 38.010445, -83.174215 38.017036, -83.202689 38.013862, -83.212389 38.027126, -83.232842 38.051856, -83.267544 38.05895, -83.270846 38.069202))",21063,1,0,0,1,,DR-4848-KY,6199,2014,479,32.49,7.73,2204,501,35.55,8.08,1981,435,31.96,7.02,No,93.34,66.02,98.02,93.32,54.16,98.32,0.0,0.0,0.0,7263,7336,0,3065,33,2289,146,74.7,4.7,1907,146,83.3,5.1,382,124,16.7,5.1,61.8,3.8,245,95,10.7,4.0,44,36,1.9,1.6,533,139,23.3,5.7,23.3,5.7,1220,54,16.6,0.7,1582,90,21.6,1.2,1631,249,26.6,4.0,29,54,0.4,0.8,7354,7354,2511,107,606888298.0,100.0,4.3,31.38,3,43501,5487,1575,351,25.8,5.7,6109,11.4,224,1972,10.0,198,1983,8.8,173,1965,7.4,142,1924,7.1,137,1929,8.9,172,1923,9.5,182,1913,8.6,164,1900,8.3,155,1871,8.2,155,1895,8.9,172,1922,10.3,197,1915,11.5,228,1991,10.8,217,2017,9.7,190,1960,7.3,140,1908,7.8,150,1929,8.6,165,1912,-1,1,-1,0,-1,1,0,1,0,1,1,-1,1,1,-1,1820,3617,2024-09-28 00:30:00+00:00,2024-09-28 00:30:00+00:00,50.3,34,34,5.6,,,,,0,0,0,0,0,0,0,0,0,0,0,0,0,0,0,0,0.0,0.0,0.0,0.0,0.0,0.0,0.0
"Estill County, Kentucky","POLYGON ((-84.126618 37.645404, -84.099307 37.660853, -84.089307 37.666892, -84.099023 37.717896, -84.096689 37.735087, -84.081076 37.749075, -84.082968 37.769376, -84.103108 37.773758, -84.073908 37.801117, -84.099159 37.815605, -84.121716 37.81309, -84.092676 37.835783, -84.080337 37.853066, -84.075107 37.823272, -84.05744 37.835428, -84.059258 37.847748, -84.039557 37.833721, -84.001967 37.837592, -83.991595 37.850158, -83.962645 37.841664, -83.965209 37.802105, -83.906251 37.759363, -83.866177 37.752424, -83.859373 37.75864, -83.831591 37.764969, -83.829355 37.75166, -83.777592 37.756776, -83.768963 37.741097, -83.722651 37.728947, -83.7221 37.71642, -83.749284 37.715162, -83.780783 37.687807, -83.824088 37.662974, -83.814398 37.644705, -83.806598 37.64158, -83.83246 37.636259, -83.865969 37.615877, -83.858098 37.609205, -83.90557 37.542856, -83.939846 37.573173, -83.965244 37.581421, -83.997985 37.572603, -84.045023 37.563573, -84.090364 37.566227, -84.101028 37.585467, -84.126618 37.645404))",21065,1,0,0,1,,DR-4848-KY,13936,4138,859,29.69,6.16,5843,892,41.93,6.4,3955,757,28.38,5.43,No,84.02,54.45,94.04,79.99,40.0,94.16,0.0,0.0,0.0,14002,14079,0,6847,24,5900,208,86.2,3.0,4269,271,72.4,4.2,1631,263,27.6,4.2,68.8,2.0,835,192,14.2,3.3,207,105,3.5,1.8,1580,237,26.8,3.9,28.8,4.2,3002,95,21.3,0.7,2734,41,19.4,0.3,3671,363,26.3,2.6,189,99,1.4,0.7,10134,14163,5875,265,655477008.0,71.6,4.5,55.96,2,45129,5578,3136,638,22.7,4.6,13807,6.1,299,4880,6.6,328,4946,6.5,328,5020,5.5,274,5001,5.6,283,5018,6.7,341,5097,7.0,354,5048,6.7,336,5042,6.2,314,5060,6.3,318,5072,6.5,327,5038,6.3,319,5040,7.4,378,5122,7.1,367,5141,7.0,359,5128,5.2,267,5109,5.5,284,5140,6.2,317,5138,-1,1,-1,0,0,1,1,1,0,1,1,-1,1,1,-1,4671,8814,2024-09-27 15:15:00+00:00,2024-09-27 15:15:00+00:00,53.0,34,34,3.4,,,,,0,0,0,0,0,0,0,0,0,0,0,0,0,0,0,0,0.0,0.0,0.0,0.0,0.0,0.0,0.0
"Fleming County, Kentucky","POLYGON ((-83.982823 38.451825, -83.930348 38.492278, -83.85928 38.456348, -83.80435 38.47548, -83.801642 38.476424, -83.721744 38.503982, -83.641852 38.525381, -83.626903 38.520636, -83.623564 38.504041, -83.603044 38.50518, -83.585001 38.481652, -83.576228 38.445209, -83.582692 38.432447, -83.545913 38.418305, -83.529499 38.418581, -83.527403 38.415069, -83.527601 38.414804, -83.528257 38.414446, -83.528512 38.413989, -83.528729 38.413234, -83.528684 38.412917, -83.497434 38.401587, -83.466592 38.398908, -83.452848 38.381799, -83.470207 38.355217, -83.481983 38.359716, -83.499266 38.349351, -83.49799 38.333886, -83.488086 38.324496, -83.501543 38.315804, -83.505396 38.294132, -83.514281 38.292054, -83.50716 38.269447, -83.52039 38.267719, -83.524999 38.254617, -83.559706 38.231253, -83.55988 38.231007, -83.559916 38.230724, -83.559846 38.230325, -83.559723 38.228272, -83.563762 38.216918, -83.586792 38.21828, -83.614985 38.193341, -83.635195 38.187525, -83.639799 38.176869, -83.646546 38.170963, -83.659177 38.201522, -83.671375 38.196855, -83.683079 38.214378, -83.694425 38.208937, -83.695607 38.243617, -83.688121 38.261699, -83.709068 38.243784, -83.715997 38.250109, -83.710803 38.26817, -83.73823 38.26815, -83.72602 38.29298, -83.77488 38.285753, -83.784572 38.294785, -83.806954 38.281035, -83.815287 38.286313, -83.821246 38.300272, -83.848355 38.296949, -83.833728 38.315173, -83.848383 38.325325, -83.839597 38.338368, -83.857802 38.333853, -83.857428 38.351434, -83.873023 38.362126, -83.899228 38.34834, -83.890839 38.363533, -83.916131 38.360152, -83.921376 38.383309, -83.9491 38.422824, -83.980068 38.439448, -83.982823 38.451825))",21069,1,0,0,1,,DR-4848-KY,15442,5186,1004,33.58,6.5,5651,1044,36.6,6.76,4605,881,29.82,5.71,No,88.33,61.09,95.89,87.49,48.33,95.82,0.0,0.0,0.0,15591,15221,0,6776,20,5779,211,85.3,3.1,4369,267,75.6,3.9,1410,233,24.4,3.9,74.2,1.7,491,127,8.5,2.2,112,79,1.9,1.4,1115,184,19.3,3.0,19.4,3.0,3668,88,24.1,0.6,2816,57,18.5,0.4,3007,368,19.8,2.4,139,83,1.0,0.6,15082,15082,5936,225,903057248.0,100.0,3.8,43.26,3,50804,6304,2774,528,18.1,3.5,15298,6.5,407,6265,6.8,424,6268,6.1,385,6335,5.2,327,6313,5.3,332,6269,6.5,404,6224,6.9,423,6140,6.1,375,6178,5.8,356,6167,5.8,359,6225,6.1,386,6315,6.3,394,6244,7.3,471,6417,6.6,421,6356,6.6,421,6412,5.0,315,6267,5.2,324,6245,6.3,395,6282,-1,1,-1,0,-1,1,1,1,0,1,1,1,1,1,-1,3987,8307,2024-09-27 17:15:00+00:00,2024-09-27 17:15:00+00:00,48.0,34,34,5.5,,,,,0,0,0,0,0,0,0,0,0,0,0,0,0,0,0,0,0.0,0.0,0.0,0.0,0.0,0.0,0.0
"Franklin County, Kentucky","POLYGON ((-85.018477 38.144552, -85.005689 38.158328, -85.009819 38.162794, -85.001032 38.226152, -84.998898 38.274979, -84.956959 38.332271, -84.997667 38.335586, -84.906256 38.374836, -84.884079 38.351527, -84.870482 38.356751, -84.838419 38.356926, -84.793412 38.338669, -84.740594 38.352415, -84.737918 38.309091, -84.73427 38.25633, -84.730289 38.208302, -84.725168 38.195426, -84.768717 38.178607, -84.804348 38.16484, -84.864804 38.141373, -84.863363 38.121072, -84.864908 38.116926, -84.902266 38.093437, -84.91881 38.099381, -84.958135 38.109825, -84.968598 38.119618, -84.971663 38.120502, -85.000745 38.128031, -85.023711 38.129052, -85.018477 38.144552))",21073,1,0,0,1,,DR-4848-KY,50634,18432,2369,36.4,4.68,22096,2448,43.64,4.83,10106,2038,19.96,4.02,No,32.23,11.8,60.68,14.17,5.83,47.5,0.0,0.0,0.0,52442,51563,0,24082,45,22548,331,93.6,1.4,14514,544,64.4,2.5,8034,600,35.6,2.5,65.1,0.4,1341,269,5.9,1.2,265,136,1.2,0.6,2713,399,12.0,1.8,12.3,1.8,10839,46,21.0,0.1,9485,66,18.4,0.1,8633,720,17.1,1.4,1359,278,2.8,0.6,13705,51541,21838,766,538483441.0,26.6,3.5,247.9,1,66920,5943,5883,1136,11.8,2.3,49991,4.5,1146,25487,4.8,1244,25702,4.6,1197,25921,4.0,1035,26191,4.2,1099,26120,4.9,1288,26430,5.1,1340,26177,4.7,1247,26566,4.4,1169,26459,4.5,1196,26419,4.5,1206,26701,4.5,1187,26578,5.0,1344,26910,4.8,1301,26855,5.0,1343,26906,4.0,1087,27021,3.9,1046,26988,4.4,1178,27077,1,0,0,0,0,0,1,0,-1,0,0,-1,1,1,-1,3186,27815,2024-09-27 20:30:00+00:00,2024-09-27 20:30:00+00:00,11.5,34,34,4.1,,,,,0,0,0,0,0,0,0,0,0,0,0,0,0,0,0,0,0.0,0.0,0.0,0.0,0.0,0.0,0.0
"Greenup County, Kentucky","POLYGON ((-83.166419 38.503965, -83.147875 38.522005, -83.146652 38.530239, -83.122044 38.535532, -83.099754 38.558714, -83.098451 38.569971, -83.071005 38.5952, -83.08079 38.610465, -83.069573 38.621845, -83.073774 38.632412, -83.054558 38.639588, -83.050259 38.663758, -83.038327 38.665294, -83.023961 38.684401, -83.031559 38.684723, -83.0449507260467 38.7052883736883, -83.042338 38.708319, -83.038442 38.716377, -83.0382745077073 38.7166321587591, -83.035964 38.720152, -83.033014 38.723805, -83.0308858850033 38.725567690406, -83.030702 38.72572, -83.027917 38.727143, -83.021752 38.72879, -83.0132883446179 38.729869252352, -83.011816 38.730057, -82.999296 38.729376, -82.9970268334725 38.7290334842977, -82.993996 38.728576, -82.986095 38.726276, -82.979395 38.725976, -82.9692904420084 38.7286201833997, -82.968695 38.728776, -82.9657859419988 38.7306164244497, -82.9608236790601 38.7337558152885, -82.958895 38.734976, -82.943147 38.74328, -82.9314406731499 38.7473696621228, -82.9313965104898 38.7473850905625, -82.923694 38.750076, -82.894193 38.756576, -82.889193 38.756076, -82.8848457983137 38.7540146529474, -82.879492 38.751476, -82.875492 38.747276, -82.872592 38.742576, -82.871292 38.739376, -82.869892 38.728177, -82.8699221948745 38.7278086225307, -82.870392 38.722077, -82.871192 38.718377, -82.875292 38.704977, -82.876892 38.697377, -82.877592 38.690177, -82.874892 38.682827, -82.869592 38.678177, -82.863291 38.669277, -82.859391 38.660378, -82.856291 38.646078, -82.856791 38.632878, -82.855795 38.620814, -82.854291 38.613454, -82.851314 38.604334, -82.847186 38.595166, -82.8470555751281 38.5949710872748, -82.844306 38.590862, -82.839538 38.586159, -82.820161 38.572703, -82.8159813238463 38.5707183365762, -82.8118214197335 38.5687430616421, -82.800112 38.563183, -82.789776 38.559951, -82.779472 38.559023, -82.763695 38.560399, -82.7510705392572 38.5596618357846, -82.739582 38.558991, -82.730958 38.559264, -82.724846 38.5576, -82.719662 38.553664, -82.7167745444126 38.5520319598854, -82.714142 38.550544, -82.7113585479848 38.5493182306795, -82.700045 38.544336, -82.696621 38.542112, -82.6921156574314 38.5379207317932, -82.689965 38.53592, -82.6892867647766 38.5349476771069, -82.6816287451687 38.5239690851319, -82.675724 38.515504, -82.6739943313896 38.5138559195316, -82.665548 38.505808, -82.6654809126012 38.5057370043674, -82.675527 38.498646, -82.719657 38.467993, -82.769047 38.433715, -82.774986 38.427535, -82.777227 38.414939, -82.810637 38.393024, -82.817454 38.373935, -82.889677 38.39295, -82.911783 38.398712, -82.970648 38.393666, -83.000886 38.410592, -83.001364 38.420065, -83.007811 38.426011, -83.051566 38.46524, -83.066617 38.466134, -83.096944 38.483193, -83.12123 38.485662, -83.160971 38.504299, -83.166419 38.503965))",21089,1,0,0,1,,DR-4848-KY,35110,12429,1612,35.4,4.59,14940,1640,42.55,4.67,7741,1342,22.05,3.82,No,46.8,23.22,70.89,30.83,11.67,60.83,0.0,0.0,0.0,35273,35639,0,16247,27,14600,271,89.9,1.6,11754,297,80.5,2.0,2846,319,19.5,2.0,75.7,0.5,1065,213,7.3,1.5,250,94,1.7,0.6,1966,293,13.5,1.9,14.1,2.0,7646,16,21.5,0.1,7706,58,21.6,0.2,7366,500,20.9,1.4,208,105,0.6,0.3,15350,35962,14430,567,892133133.0,42.7,3.9,104.4,1,59151,5467,5522,953,15.9,2.7,34641,7.8,1067,13609,7.9,1078,13628,7.1,974,13693,6.4,873,13726,6.4,876,13742,7.2,980,13672,7.6,1047,13776,7.0,961,13721,6.4,876,13736,6.4,883,13773,6.5,900,13761,7.3,1013,13907,8.1,1116,13860,7.4,1034,13952,7.3,1010,13900,5.7,779,13754,6.0,827,13868,6.6,912,13844,0,1,-1,0,0,0,1,1,-1,0,0,-1,1,1,-1,9077,19082,2024-09-27 19:45:00+00:00,2024-09-27 19:45:00+00:00,47.6,34,34,6.3,,,,,0,0,0,0,0,0,0,0,0,0,0,0,0,0,0,0,0.0,0.0,0.0,0.0,0.0,0.0,0.0
"Harlan County, Kentucky","POLYGON ((-83.490703 36.836737, -83.48171 36.849134, -83.496976 36.883625, -83.489813 36.895413, -83.476699 36.896479, -83.455777 36.883605, -83.432975 36.888777, -83.408614 36.890218, -83.395527 36.903604, -83.399656 36.920955, -83.323919 36.940709, -83.291671 36.95219, -83.26002 36.968951, -83.239358 36.986218, -83.230339 37.002739, -83.185782 37.00608, -83.182104 37.021115, -83.162296 37.021013, -83.12209 37.000997, -83.149172 36.981659, -83.153812 36.957228, -83.146804 36.955404, -83.102323 36.968162, -83.097093 36.968789, -83.038161 36.984271, -83.022587 36.977403, -83.004528 36.993374, -82.965561 37.001894, -82.938967 37.015224, -82.869183 36.974182, -82.8694630847178 36.9720796959173, -82.870274 36.965993, -82.87023 36.965498, -82.867358 36.963182, -82.865404 36.958084, -82.864211 36.957983, -82.862866 36.957765, -82.860534 36.956015, -82.858443 36.954036, -82.855705 36.953808, -82.856099 36.952471, -82.859969 36.949074, -82.860633 36.94584, -82.861282 36.944848, -82.861684 36.939316, -82.860537 36.937439, -82.858784 36.933065, -82.858461 36.932717, -82.857965 36.929529, -82.858635 36.927785, -82.860032 36.925241, -82.861943 36.924236, -82.863468 36.922308, -82.865192 36.920923, -82.867116 36.917965, -82.872136 36.913456, -82.873777 36.912299, -82.8744623576499 36.9117140002996, -82.876215 36.910218, -82.877473 36.90796, -82.872561 36.903376, -82.870068 36.901735, -82.873213 36.897263, -82.876438 36.896238, -82.878639 36.893981, -82.8782081655467 36.8927955121479, -82.877862 36.891843, -82.878569 36.889585, -82.879492 36.889085, -82.884626 36.888477, -82.887627 36.88689, -82.890028 36.884287, -82.895445 36.882145, -82.906325 36.87974, -82.907981 36.878749, -82.908004 36.877233, -82.907276 36.875643, -82.907774 36.874706, -82.910315 36.874055, -82.91169 36.874248, -82.911824 36.874243, -82.92241 36.873925, -82.937573 36.867275, -82.951685 36.866152, -82.960955 36.862536, -82.970253 36.857686, -82.971934 36.857767, -82.973395 36.859097, -82.979227 36.859693, -82.988707 36.859137, -82.998376 36.85663, -83.003786 36.851789, -83.006086 36.847889, -83.009222 36.847295, -83.012587 36.847289, -83.021887 36.849989, -83.024387 36.851689, -83.025887 36.855289, -83.026887 36.855489, -83.042188 36.854389, -83.044288 36.852989, -83.047589 36.851789, -83.052489 36.851989, -83.060489 36.853789, -83.063989 36.851689, -83.066189 36.851889, -83.06929 36.853589, -83.07259 36.854589, -83.07274192 36.85438644, -83.07559 36.850589, -83.07379 36.844889, -83.07519 36.840889, -83.07969 36.840589, -83.086991 36.838189, -83.088991 36.835989, -83.091291 36.834389, -83.098892 36.831789, -83.101792 36.829089, -83.102092 36.828189, -83.10205006042 36.8280317265751, -83.101692 36.826689, -83.099792 36.824889, -83.098892 36.822989, -83.098492 36.814289, -83.103092 36.806689, -83.108029 36.802181, -83.110793 36.800388, -83.114693 36.796088, -83.119144 36.789531, -83.123341 36.786654, -83.128794 36.785388, -83.131694 36.781488, -83.128494 36.775588, -83.128894 36.769888, -83.131245 36.767105, -83.132286 36.76561, -83.132477 36.764398, -83.1256656539027 36.7614116710383, -83.125655 36.761407, -83.125728 36.761276, -83.126719 36.761, -83.128813 36.757864, -83.128272 36.75637, -83.127833 36.750828, -83.130994 36.749788, -83.134294 36.746588, -83.136395 36.743088, -83.146095 36.741788, -83.156696 36.742187, -83.161496 36.739887, -83.167396 36.739187, -83.175696 36.739587, -83.194597 36.739487, -83.199698 36.737487, -83.219999 36.731287, -83.236399 36.726887, -83.238499 36.727087, -83.2463 36.725287, -83.2555 36.721787, -83.263601 36.720987, -83.269301 36.718487, -83.272501 36.717787, -83.275501 36.717987, -83.285702 36.715187, -83.286902 36.713987, -83.287802 36.713787, -83.307103 36.711387, -83.311403 36.710287, -83.313003 36.709087, -83.315703 36.708187, -83.342804 36.701286, -83.349705 36.698386, -83.350468678733 36.6976917466063, -83.350805 36.697386, -83.353613 36.696699, -83.354606 36.696153, -83.356405 36.694686, -83.359205 36.693586, -83.360205 36.693586, -83.362105 36.694786, -83.364005 36.694586, -83.367505 36.692686, -83.386099 36.686589, -83.389306 36.684986, -83.395306 36.679486, -83.395607 36.678987, -83.394906 36.677586, -83.395806 36.676786, -83.411807 36.670786, -83.419507 36.668486, -83.423707 36.667385, -83.431708 36.666485, -83.436508 36.666185, -83.440808 36.666885, -83.448108 36.665285, -83.454709 36.664785, -83.458009 36.665785, -83.460808 36.664885, -83.4610151191699 36.6648782480975, -83.459459 36.697387, -83.480179 36.709879, -83.500891 36.733254, -83.485814 36.783293, -83.511729 36.807362, -83.490703 36.836737))",21095,1,0,0,1,,DR-4848-KY,25107,8175,1309,32.56,5.21,10138,1363,40.38,5.43,6794,1160,27.06,4.62,No,78.7,50.76,90.61,70.83,36.66,89.16,0.0,0.0,0.0,25052,26185,0,13012,32,10500,219,80.7,1.7,7437,324,70.8,2.7,3063,287,29.2,2.7,74.8,0.5,1461,232,13.9,2.2,834,240,7.9,2.3,2861,341,27.2,3.1,28.7,3.3,6181,0,23.6,0.0,5021,47,19.2,0.2,7036,551,27.3,2.1,46,28,0.2,0.1,20684,26831,11249,452,1206493478.0,77.1,4.0,57.6,2,36916,4437,7364,1359,29.7,5.5,24821,6.4,470,7385,6.9,519,7499,6.7,506,7561,5.7,437,7657,6.4,491,7680,7.5,584,7786,7.6,591,7755,7.3,573,7796,7.4,579,7859,7.9,624,7882,8.1,643,7935,8.0,640,7965,8.2,647,7924,7.6,607,8010,7.9,628,7983,6.3,500,7899,6.8,538,7954,7.5,597,7953,-1,1,-1,0,0,1,1,1,1,1,1,1,1,1,-1,5286,15021,2024-09-27 22:30:00+00:00,2024-09-27 22:30:00+00:00,35.2,34,34,5.9,,,,,0,0,0,0,0,0,0,0,0,0,0,0,0,0,0,0,0.0,0.0,0.0,0.0,0.0,0.0,0.0
"Harrison County, Kentucky","POLYGON ((-84.557375 38.492917, -84.521393 38.508299, -84.485295 38.508552, -84.476299 38.542723, -84.447852 38.529654, -84.419285 38.543435, -84.418146 38.558583, -84.409753 38.565876, -84.400321 38.560603, -84.205346 38.582039, -84.20401 38.563961, -84.215625 38.554976, -84.162031 38.554125, -84.178484 38.532774, -84.183689 38.49741, -84.153211 38.490001, -84.14752 38.476501, -84.129906 38.474795, -84.106226 38.468739, -84.1021 38.459379, -84.181252 38.383757, -84.19405 38.37175, -84.264472 38.324491, -84.278856 38.315323, -84.308529 38.312482, -84.344921 38.285046, -84.361984 38.295675, -84.378762 38.277852, -84.39783 38.283463, -84.398097 38.283476, -84.398298 38.28353, -84.398361 38.283617, -84.398345 38.283729, -84.398326 38.28376, -84.415105 38.287502, -84.442661 38.283236, -84.432841 38.299569, -84.456298 38.336761, -84.458762 38.37315, -84.458587 38.373291, -84.458386 38.373955, -84.458472 38.374327, -84.45836 38.374748, -84.458428 38.374925, -84.458618 38.375146, -84.458911 38.375972, -84.4589 38.376458, -84.459042 38.376624, -84.459442 38.376755, -84.460005 38.377406, -84.460316 38.378052, -84.460396 38.378401, -84.460344 38.378547, -84.459893 38.378973, -84.462618 38.382053, -84.495513 38.417264, -84.52776 38.433229, -84.526601 38.450648, -84.543918 38.464735, -84.557375 38.492917))",21097,1,0,0,1,,DR-4848-KY,19415,6589,1255,33.94,6.46,8231,1309,42.4,6.74,4595,1123,23.67,5.78,No,59.31,21.18,85.07,42.5,10.83,81.66,0.0,0.0,0.0,19525,18971,0,8136,22,7239,239,89.0,2.9,5095,306,70.4,4.0,2144,309,29.6,4.0,72.0,2.3,484,153,6.7,2.1,133,70,1.8,1.0,1156,263,16.0,3.5,16.4,3.5,4398,104,23.2,0.5,3542,118,18.7,0.6,3584,438,19.1,2.3,74,72,0.4,0.4,12299,18692,7371,324,793722604.0,65.8,4.4,60.99,2,63689,6862,2651,529,13.9,2.8,19072,4.7,420,9018,5.0,458,9082,4.8,436,9121,4.0,359,9051,4.1,376,9066,4.9,447,9212,4.8,448,9240,4.7,432,9287,4.4,404,9232,4.3,395,9213,4.5,412,9243,4.4,402,9211,4.7,435,9272,4.6,428,9297,4.8,446,9322,3.5,327,9233,3.7,342,9254,4.3,398,9358,0,1,-1,0,0,0,1,0,0,1,1,1,1,1,-1,3270,10466,2024-09-27 21:45:00+00:00,2024-09-27 21:45:00+00:00,31.2,34,34,5.2,,,,,0,0,0,0,0,0,0,0,0,0,0,0,0,0,0,0,0.0,0.0,0.0,0.0,0.0,0.0,0.0
"Jackson County, Kentucky","POLYGON ((-84.204152 37.511564, -84.199489 37.522858, -84.171836 37.557549, -84.142063 37.564839, -84.090364 37.566227, -84.045023 37.563573, -83.997985 37.572603, -83.965244 37.581421, -83.939846 37.573173, -83.90557 37.542856, -83.893514 37.531119, -83.885262 37.517688, -83.883953 37.477335, -83.870954 37.459259, -83.849961 37.447848, -83.825983 37.403946, -83.81792 37.382216, -83.794709 37.350626, -83.784975 37.348717, -83.783761 37.334733, -83.821693 37.331255, -83.863192 37.306571, -83.878952 37.306957, -83.876838 37.294652, -83.893923 37.272418, -83.901574 37.25374, -83.921797 37.261803, -83.943718 37.250551, -84.005606 37.253343, -84.056477 37.269762, -84.048486 37.281492, -84.093338 37.29631, -84.107254 37.308072, -84.119051 37.335749, -84.137898 37.319759, -84.145933 37.327477, -84.136039 37.335307, -84.12913 37.357835, -84.169481 37.385406, -84.159608 37.417791, -84.169547 37.426225, -84.189256 37.456842, -84.204057 37.490437, -84.204152 37.511564))",21109,1,0,0,1,,DR-4848-KY,13080,4510,849,34.48,6.49,5196,881,39.72,6.74,3374,742,25.8,5.67,No,72.42,35.21,90.16,61.66,21.66,89.16,0.0,0.0,0.0,13358,13003,0,5999,25,5015,214,83.6,3.6,3998,239,79.7,3.8,1017,199,20.3,3.8,70.3,1.0,661,218,13.2,4.3,67,51,1.3,1.0,1467,299,29.3,5.8,29.3,5.8,3038,39,23.4,0.3,2331,24,17.9,0.2,3008,462,23.3,3.6,79,104,0.6,0.9,12955,12955,5244,238,894134829.0,100.0,4.5,37.53,3,44713,5059,3110,658,23.9,5.1,12988,7.3,284,3866,8.1,313,3887,7.5,292,3901,7.0,272,3894,7.1,279,3918,8.4,333,3979,8.7,342,3926,8.2,321,3933,7.3,292,3980,7.7,306,3998,7.7,307,3969,7.5,298,3959,8.8,350,3974,8.4,334,3968,8.3,333,3996,6.6,262,3957,6.7,266,3986,7.5,298,3976,-1,1,-1,0,0,0,1,1,-1,1,1,1,1,1,-1,1742,7737,2024-09-27 15:15:00+00:00,2024-09-27 15:15:00+00:00,22.5,34,34,3.4,,,,,0,0,0,0,0,0,0,0,0,0,0,0,0,0,0,0,0.0,0.0,0.0,0.0,0.0,0.0,0.0
"Johnson County, Kentucky","POLYGON ((-82.989217 37.869589, -82.981858 37.898878, -82.961423 37.893827, -82.96166 37.912882, -82.989014 37.963968, -82.970724 37.990978, -82.952043 38.000316, -82.875218 37.977619, -82.831585 37.967869, -82.778895 37.939198, -82.736583 37.916327, -82.676346 37.892208, -82.612393 37.879272, -82.670812 37.852091, -82.645678 37.830145, -82.664322 37.806806, -82.668195 37.785272, -82.664324 37.785324, -82.652721 37.776215, -82.658583 37.768542, -82.655719 37.752854, -82.64075 37.720182, -82.687246 37.729582, -82.684956 37.735344, -82.722622 37.746928, -82.739382 37.743954, -82.763174 37.756225, -82.766977 37.741928, -82.78541 37.745895, -82.7914 37.744476, -82.845244 37.729557, -82.870833 37.729141, -82.90115 37.7032, -82.927258 37.719369, -82.940763 37.716338, -82.948239 37.720322, -82.950582 37.794734, -82.964066 37.801314, -82.989743 37.817815, -82.985981 37.826494, -82.986708 37.830167, -82.98152 37.835412, -83.004649 37.859247, -82.989217 37.869589))",21115,1,0,0,1,,DR-4848-KY,21954,7025,1285,32.0,5.85,8852,1335,40.32,6.08,6077,1132,27.68,5.16,No,81.51,51.52,92.58,77.08,36.66,92.49,0.0,0.0,0.0,22098,22464,0,10530,41,8843,338,84.0,3.2,5872,435,66.4,4.3,2971,399,33.6,4.3,69.5,0.7,936,235,10.6,2.6,209,108,2.4,1.2,2095,344,23.7,3.8,24.0,3.8,5001,58,22.3,0.3,4211,15,18.7,0.1,5400,605,24.5,2.8,91,81,0.4,0.4,16739,22680,9236,386,678488581.0,73.8,4.2,86.58,2,45126,5536,5434,970,25.0,4.5,21741,7.8,599,7686,8.0,618,7706,7.4,580,7804,6.5,499,7630,6.7,515,7682,7.4,576,7743,7.7,595,7733,7.3,556,7617,7.0,526,7511,6.8,515,7556,7.0,531,7576,7.5,567,7610,8.3,641,7695,7.9,611,7718,7.8,600,7710,5.8,437,7574,6.2,472,7668,6.9,531,7707,-1,0,0,0,0,1,1,1,0,1,1,0,1,1,-1,1469,12331,2024-09-27 18:15:00+00:00,2024-09-27 18:15:00+00:00,11.9,34,34,5.3,,,,,0,0,0,0,0,0,0,0,0,0,0,0,0,0,0,0,0.0,0.0,0.0,0.0,0.0,0.0,0.0
"Lawrence County, Kentucky","POLYGON ((-83.022115 38.007047, -83.002238 38.034601, -82.981228 38.049999, -82.95632 38.049521, -82.942005 38.077585, -82.917064 38.099094, -82.907528 38.095731, -82.888644 38.112806, -82.89194 38.119826, -82.90675 38.133025, -82.907833 38.156716, -82.917786 38.174834, -82.924805 38.175114, -82.883913 38.195978, -82.853983 38.190156, -82.8232 38.208264, -82.82111 38.232733, -82.794206 38.243772, -82.766528 38.235161, -82.737432 38.237229, -82.699471 38.261913, -82.664825 38.264613, -82.634751 38.266948, -82.607202 38.261484, -82.604625 38.247303, -82.605333 38.247303, -82.607131 38.245975, -82.61226 38.236087, -82.61252 38.234553, -82.610367 38.226772, -82.608944 38.22366, -82.60575 38.221144, -82.600353 38.218949, -82.598437 38.217393, -82.598864 38.201007, -82.599326 38.197231, -82.60425 38.187639, -82.611343 38.171548, -82.613487 38.170242, -82.619429 38.169027, -82.625457 38.170491, -82.639054 38.171114, -82.642997 38.16956, -82.644739 38.165487, -82.638947 38.156742, -82.638398 38.152157, -82.638288 38.143491, -82.637306 38.13905, -82.636466 38.13786, -82.634265 38.136669, -82.6285849083792 38.1353802101902, -82.626182 38.134835, -82.622125 38.133414, -82.621167 38.131996, -82.621164 38.123239, -82.620351 38.121477, -82.619452 38.120745, -82.616149 38.120221, -82.614337835365 38.1203388393727, -82.606589 38.120843, -82.602618 38.11835, -82.601439895396 38.1178955003916, -82.600127 38.117389, -82.598011 38.115925, -82.593605 38.110869, -82.59178 38.109908, -82.587782 38.108879, -82.585696 38.107003, -82.585142 38.098055, -82.585488 38.094256, -82.584039 38.090663, -82.574075 38.082104, -82.565736 38.08064, -82.559598 38.072837, -82.551259 38.070799, -82.54958 38.068579, -82.549407 38.063063, -82.547284 38.061094, -82.54485 38.058521, -82.544779 38.054262, -82.543916 38.052133, -82.541245 38.048444, -82.537293 38.045204, -82.53747 38.042701, -82.539071 38.039788, -82.538639 38.037381, -82.534976 38.03225, -82.530371 38.028792, -82.527068 38.027586, -82.525817 38.026406, -82.525831 38.019564, -82.522591 38.012968, -82.519665 38.008538, -82.517606 38.007222, -82.5175134091442 38.0064627549824, -82.517351 38.005131, -82.51781 38.002479, -82.517351 38.001204, -82.515974 37.999929, -82.513271 37.999674, -82.509812 38.001249, -82.507197 38.001512, -82.499874 37.999157, -82.48978 37.998869, -82.487732 37.99833, -82.485967 37.995705, -82.471629 37.986826, -82.467015 37.985578, -82.465473 37.98478, -82.464257 37.983412, -82.464067 37.980295, -82.464987 37.976859, -82.46938 37.973059, -82.472669 37.960721, -82.471657 37.959988, -82.471801 37.959119, -82.475096 37.954906, -82.48096 37.949136, -82.48512 37.946044, -82.487836 37.945288, -82.495294 37.946612, -82.496681 37.946405, -82.4973 37.945507, -82.4972999070143 37.9454908576785, -82.534871 37.962786, -82.580864 37.954074, -82.580117 37.933948, -82.601414 37.921778, -82.596296 37.890009, -82.612393 37.879272, -82.676346 37.892208, -82.736583 37.916327, -82.778895 37.939198, -82.831585 37.967869, -82.875218 37.977619, -82.952043 38.000316, -82.970724 37.990978, -82.989014 37.963968, -83.015694 37.973348, -83.022115 38.007047))",21127,1,0,0,1,,DR-4848-KY,16000,5553,958,34.71,5.99,6377,994,39.86,6.21,4070,839,25.44,5.24,No,70.79,35.52,88.35,59.16,21.66,86.66,0.0,0.0,0.0,15798,16171,0,7575,18,6150,223,81.2,3.0,4690,286,76.3,4.2,1460,275,23.7,4.2,77.0,1.7,728,160,11.8,2.6,189,97,3.1,1.6,1471,237,23.9,3.9,24.4,3.9,3840,95,23.7,0.6,3195,132,19.8,0.8,3775,387,23.5,2.4,38,46,0.3,0.3,12386,16293,6429,300,1076393643.0,76.0,4.7,39.2,2,46200,5009,3262,739,20.6,4.7,15862,8.9,472,5332,9.0,481,5349,8.2,439,5373,6.8,361,5346,7.1,380,5384,8.2,444,5390,8.7,473,5421,8.0,430,5383,7.6,411,5399,7.9,427,5428,8.0,434,5416,8.6,474,5481,9.6,527,5468,8.8,484,5500,8.5,466,5465,6.5,348,5385,6.7,366,5442,7.4,401,5427,-1,1,-1,0,0,0,1,1,0,1,1,1,1,1,-1,3062,9786,2024-09-27 19:30:00+00:00,2024-09-27 19:30:00+00:00,31.3,34,34,5.6,,,,,0,0,0,0,0,0,0,0,0,0,0,0,0,0,0,0,0.0,0.0,0.0,0.0,0.0,0.0,0.0
"Lee County, Kentucky","POLYGON ((-83.90557 37.542856, -83.858098 37.609205, -83.865969 37.615877, -83.83246 37.636259, -83.806598 37.64158, -83.814398 37.644705, -83.824088 37.662974, -83.780783 37.687807, -83.749284 37.715162, -83.7221 37.71642, -83.707974 37.716463, -83.628307 37.67889, -83.616649 37.666925, -83.578032 37.655358, -83.522308 37.638516, -83.579186 37.506249, -83.607624 37.514836, -83.622381 37.510775, -83.630412 37.53746, -83.643093 37.541371, -83.657152 37.536781, -83.680439 37.511984, -83.702587 37.508092, -83.732459 37.521089, -83.742984 37.494253, -83.769059 37.49193, -83.830207 37.486953, -83.885262 37.517688, -83.893514 37.531119, -83.90557 37.542856))",21129,1,0,0,1,,DR-4848-KY,6284,1911,518,30.41,8.24,2754,541,43.83,8.61,1619,470,25.76,7.48,No,72.08,23.76,93.15,60.83,12.5,92.49,0.0,0.0,0.0,7313,7375,0,3227,21,2606,137,80.8,4.2,1955,157,75.0,5.1,651,141,25.0,5.1,60.8,2.4,384,110,14.7,4.0,49,39,1.9,1.5,785,175,30.1,6.4,30.5,6.6,1381,71,18.7,1.0,1407,40,19.1,0.5,1874,239,28.8,3.7,14,16,0.2,0.2,7395,7395,2714,79,540843067.0,100.0,2.9,35.41,3,37939,4788,1918,450,31.1,7.3,6162,5.8,145,2517,6.3,162,2564,5.6,144,2571,5.2,130,2491,5.5,134,2430,6.6,164,2500,6.8,170,2483,5.9,146,2460,5.8,142,2428,5.7,139,2453,5.7,142,2481,5.8,143,2453,6.5,166,2573,5.7,148,2592,6.3,162,2584,4.6,116,2538,4.7,119,2550,5.4,138,2546,-1,1,-1,0,0,0,-1,1,0,1,1,-1,1,1,-1,2601,4155,2024-09-27 20:15:00+00:00,2024-09-27 20:15:00+00:00,62.6,34,34,3.4,,,,,0,0,0,0,0,0,0,0,0,0,0,0,0,0,0,0,0.0,0.0,0.0,0.0,0.0,0.0,0.0
"Letcher County, Kentucky","POLYGON ((-83.149172 36.981659, -83.12209 37.000997, -83.110859 36.992264, -83.085033 37.001862, -83.054755 37.0178, -83.052243 37.035114, -83.071912 37.042272, -83.057875 37.0615, -83.04279 37.062006, -83.040771 37.080059, -83.051146 37.092297, -83.058818 37.124079, -83.035611 37.15724, -83.048892 37.169421, -83.037429 37.165265, -83.021114 37.178075, -83.016222 37.177749, -83.000142 37.19571, -82.987785 37.190852, -82.977429 37.173434, -82.957214 37.191001, -82.917516 37.203468, -82.893379 37.216972, -82.874726 37.242143, -82.81961 37.268713, -82.800048 37.262673, -82.787853 37.261168, -82.732693 37.271502, -82.72407 37.256694, -82.699886 37.255427, -82.705095 37.242663, -82.682135 37.228044, -82.653972 37.235634, -82.652499 37.239113, -82.63484 37.248478, -82.628921 37.247804, -82.599434 37.227683, -82.594105 37.21335, -82.5653752160821 37.1960922172527, -82.578988 37.188498, -82.586718 37.185623, -82.592451 37.182847, -82.593232 37.18206, -82.592766 37.180391, -82.597447 37.177088, -82.60829 37.173047, -82.617423 37.168129, -82.624878 37.162932, -82.6328527306302 37.1549082083456, -82.633493 37.154264, -82.651646 37.151908, -82.653268 37.151314, -82.65476 37.150601, -82.657468 37.145024, -82.662449 37.143865, -82.667717 37.141949, -82.67153 37.138444, -82.6743550722579 37.1365665546542, -82.676765 37.134965, -82.679428 37.135575, -82.684601 37.135835, -82.695667 37.131514, -82.70787 37.125488, -82.716334 37.122093, -82.718334 37.122267, -82.722097 37.120168, -82.726201 37.115882, -82.726449 37.114985, -82.7264401572135 37.1148062616125, -82.726294 37.111852, -82.721941 37.105689, -82.721617 37.101276, -82.722179 37.094309, -82.724358 37.09299, -82.724954 37.091905, -82.72304 37.084992, -82.720597 37.081833, -82.718183 37.080679, -82.717204 37.079544, -82.71674 37.07722, -82.718353 37.075706, -82.721676 37.07519, -82.723747 37.075525, -82.727022 37.073019, -82.726312 37.06687, -82.723904 37.062542, -82.722254 37.057948, -82.723128 37.052436, -82.723279 37.047616, -82.722472 37.045101, -82.724714 37.042758, -82.7250951724975 37.0425972499372, -82.726279 37.042098, -82.731722 37.043447, -82.733603 37.044525, -82.742454 37.04298, -82.743684 37.041397, -82.745562 37.029839, -82.747981 37.025214, -82.750715 37.024107, -82.751852 37.025624, -82.754051 37.026587, -82.759175 37.027333, -82.766408 37.023106, -82.767083 37.020935, -82.771795 37.015716, -82.7743562471201 37.0155151629299, -82.777368 37.015279, -82.778386 37.012521, -82.782144 37.008242, -82.788897 37.00816, -82.789092 37.007995, -82.790462 37.007263, -82.79089 37.00676, -82.793441 37.005491, -82.794824 37.005899, -82.795695 37.006702, -82.796187 37.008502, -82.797487 37.009654, -82.800531 37.007944, -82.813579 37.00532, -82.815748 37.007196, -82.818006 37.006161, -82.819715 37.006212, -82.821798 37.00438, -82.822684 37.004128, -82.825224 37.006279, -82.828592 37.005707, -82.829961 37.003555, -82.830588 37.000945, -82.829125 36.997541, -82.830802 36.993445, -82.833843 36.991973, -82.836008 36.988837, -82.838549 36.987027, -82.840051 36.987113, -82.841252 36.986858, -82.845002 36.983812, -82.849429 36.983479, -82.851397 36.984497, -82.852614 36.984963, -82.853729 36.985178, -82.856417 36.982216, -82.856768 36.979095, -82.857936 36.978276, -82.860561 36.978265, -82.862926 36.979975, -82.864909 36.97901, -82.866019 36.978272, -82.866689 36.978052, -82.867535 36.977518, -82.868455 36.976481, -82.869183 36.974182, -82.938967 37.015224, -82.965561 37.001894, -83.004528 36.993374, -83.022587 36.977403, -83.038161 36.984271, -83.097093 36.968789, -83.102323 36.968162, -83.146804 36.955404, -83.153812 36.957228, -83.149172 36.981659))",21133,1,0,0,1,,DR-4848-KY,20333,6818,1040,33.53,5.11,7712,1084,37.93,5.33,5803,929,28.54,4.57,No,84.68,60.46,93.03,80.83,47.5,92.49,0.0,0.0,0.0,20139,21146,0,10594,32,8367,286,79.0,2.7,6075,388,72.6,3.9,2292,333,27.4,3.9,73.0,1.1,1172,255,14.0,3.1,134,65,1.6,0.8,2234,297,26.7,3.4,26.9,3.5,4578,71,21.6,0.3,4346,57,20.6,0.3,6290,434,30.1,2.1,34,38,0.2,0.2,21548,21548,9047,397,875245158.0,100.0,4.4,63.76,3,41737,5185,4794,995,23.8,4.9,20149,5.5,411,7458,6.3,477,7595,6.3,473,7528,5.3,398,7464,5.6,424,7517,6.5,497,7653,6.8,509,7499,6.5,491,7499,6.3,461,7362,6.6,492,7451,6.7,498,7441,6.3,466,7415,6.7,501,7482,6.7,504,7565,7.0,530,7547,5.4,406,7468,5.5,411,7537,6.2,464,7535,-1,1,-1,0,-1,1,1,1,-1,1,1,-1,1,1,-1,3594,11753,2024-09-27 18:15:00+00:00,2024-09-27 18:15:00+00:00,30.6,34,34,6.5,,,,,0,0,0,0,0,0,0,0,0,0,0,0,0,0,0,0,0.0,0.0,0.0,0.0,0.0,0.0,0.0
"Lewis County, Kentucky","POLYGON ((-83.642994 38.643273, -83.639954 38.652468, -83.639396 38.659171, -83.637377 38.66793, -83.636208 38.670584, -83.634018 38.673351, -83.626922 38.679387, -83.615736 38.684145, -83.574754 38.692671, -83.575121 38.691746, -83.569098 38.692842, -83.56187 38.695371, -83.549298 38.698787, -83.533339 38.702105, -83.520953 38.703045, -83.512571 38.701716, -83.504365 38.699256, -83.493342 38.694187, -83.486477 38.690099, -83.47642 38.682261, -83.472157 38.678123, -83.468059 38.67547, -83.459809 38.673617, -83.457055 38.673965, -83.4566943863917 38.6738280771696, -83.446989 38.670143, -83.440404 38.669361, -83.4374815344877 38.669226083606, -83.420194 38.668428, -83.412039 38.666499, -83.384755 38.663171, -83.376302 38.661473, -83.366661 38.658537, -83.356445 38.654009, -83.340004 38.645674, -83.327636 38.637489, -83.322383 38.630615, -83.320531 38.622713, -83.320099 38.616043, -83.319101 38.612233, -83.317542 38.609242, -83.311448 38.603314, -83.307832 38.600824, -83.301951 38.598178, -83.294193 38.596588, -83.288885 38.597977, -83.2867152235238 38.5991337260506, -83.286514 38.599241, -83.26851 38.615104, -83.267694 38.618221, -83.2675276901775 38.618370647231, -83.264011 38.621535, -83.261126 38.622723, -83.254558 38.623403, -83.251103 38.626224, -83.245572 38.627936, -83.239515 38.628588, -83.232404 38.627569, -83.223076 38.624158, -83.211027 38.618578, -83.202453 38.616956, -83.1914 38.617598, -83.172647 38.620252, -83.164744 38.620068, -83.156926 38.620547, -83.142836 38.625076, -83.138572 38.628286, -83.135046 38.631719, -83.128973 38.640231, -83.126311 38.645244, -83.122547 38.6592, -83.11786 38.666073, -83.112372 38.671685, -83.107436 38.67522, -83.102746 38.677316, -83.084226 38.68109, -83.064319 38.688976, -83.053104 38.695831, -83.0449507260467 38.7052883736883, -83.031559 38.684723, -83.023961 38.684401, -83.038327 38.665294, -83.050259 38.663758, -83.054558 38.639588, -83.073774 38.632412, -83.069573 38.621845, -83.08079 38.610465, -83.071005 38.5952, -83.098451 38.569971, -83.099754 38.558714, -83.122044 38.535532, -83.146652 38.530239, -83.147875 38.522005, -83.166419 38.503965, -83.188505 38.496071, -83.186411 38.469428, -83.211005 38.446357, -83.207514 38.441177, -83.23721 38.426472, -83.23727 38.358807, -83.239615 38.355851, -83.237173 38.348143, -83.228888 38.344147, -83.230598 38.339508, -83.255278 38.330244, -83.284788 38.323742, -83.312291 38.333714, -83.341347 38.319521, -83.356336 38.321869, -83.378434 38.362722, -83.400368 38.375694, -83.412003 38.396446, -83.452848 38.381799, -83.466592 38.398908, -83.497434 38.401587, -83.528684 38.412917, -83.528729 38.413234, -83.528512 38.413989, -83.528257 38.414446, -83.527601 38.414804, -83.527403 38.415069, -83.529499 38.418581, -83.545913 38.418305, -83.582692 38.432447, -83.576228 38.445209, -83.585001 38.481652, -83.603044 38.50518, -83.623564 38.504041, -83.626903 38.520636, -83.641852 38.525381, -83.624596 38.611425, -83.645914 38.637007, -83.642994 38.643273))",21135,1,0,0,1,,DR-4848-KY,12919,3738,818,28.93,6.33,5790,851,44.82,6.59,3391,720,26.25,5.57,No,74.8,39.05,90.83,64.99,25.0,89.99,0.0,0.0,0.0,12875,13028,0,6072,34,4905,203,80.8,3.3,3875,198,79.0,3.0,1030,162,21.0,3.0,73.6,1.4,473,112,9.6,2.3,63,41,1.3,0.9,1089,180,22.2,3.3,22.8,3.4,3030,73,23.3,0.6,2492,34,19.1,0.3,2757,260,21.4,2.0,0,20,0.0,0.3,13080,13080,5239,178,1250595455.0,100.0,3.4,27.09,3,46340,4560,2816,605,22.1,4.7,12767,10.8,476,4406,10.4,458,4421,8.9,392,4398,7.6,329,4341,7.7,334,4324,9.0,393,4345,10.0,444,4435,8.7,370,4245,7.8,329,4192,7.8,328,4209,8.8,376,4289,10.7,462,4330,12.2,546,4478,10.6,472,4442,9.7,424,4384,7.7,332,4307,7.7,332,4299,8.8,380,4314,-1,1,-1,0,0,1,1,1,-1,1,1,1,1,1,-1,4421,5779,2024-09-27 21:45:00+00:00,2024-09-27 21:45:00+00:00,76.5,34,34,5.4,,,,,0,0,0,0,0,0,0,0,0,0,0,0,0,0,0,0,0.0,0.0,0.0,0.0,0.0,0.0,0.0
"Magoffin County, Kentucky","POLYGON ((-83.27064 37.769169, -83.224318 37.790613, -83.207849 37.819104, -83.178454 37.821484, -83.173937 37.831665, -83.155644 37.84162, -83.113277 37.864121, -83.129258 37.894438, -83.089409 37.89034, -83.056795 37.87015, -83.042535 37.87226, -83.034646 37.886384, -83.021502 37.867916, -83.004649 37.859247, -82.98152 37.835412, -82.986708 37.830167, -82.985981 37.826494, -82.989743 37.817815, -82.964066 37.801314, -82.950582 37.794734, -82.948239 37.720322, -82.940763 37.716338, -82.942671 37.697813, -82.945873 37.677938, -82.927762 37.656547, -82.903013 37.640957, -82.904157 37.602733, -82.902147 37.576932, -82.888851 37.564619, -82.889865 37.543815, -82.879082 37.535395, -82.886469 37.533223, -82.909546 37.491498, -82.92546 37.486525, -82.941066 37.48963, -82.948544 37.503167, -82.959935 37.518249, -82.996952 37.528332, -83.007838 37.550215, -83.017953 37.549181, -83.01217 37.583474, -83.027515 37.589649, -83.038749 37.584303, -83.057374 37.593194, -83.062265 37.609353, -83.071977 37.609511, -83.089796 37.632167, -83.114667 37.611401, -83.134349 37.606542, -83.162859 37.634823, -83.221657 37.650231, -83.248692 37.669616, -83.257445 37.685463, -83.242808 37.698119, -83.262172 37.712657, -83.243175 37.744004, -83.27064 37.769169))",21153,1,0,0,1,,DR-4848-KY,11228,3338,765,29.73,6.81,4813,794,42.87,7.07,3077,677,27.4,6.03,No,80.59,43.48,93.44,74.99,29.16,93.32,0.0,0.0,0.0,11118,11495,0,5466,18,4564,200,83.5,3.7,3539,222,77.5,4.3,1025,215,22.5,4.3,69.8,0.7,653,186,14.3,4.1,102,59,2.2,1.3,1484,247,32.5,5.1,33.2,5.1,2597,0,22.6,0.0,2130,29,18.5,0.3,3239,404,28.5,3.6,30,54,0.3,0.5,11637,11637,4802,200,798864848.0,100.0,4.2,37.73,3,40162,4823,3239,648,29.2,5.8,11076,9.8,377,3841,10.1,393,3906,9.0,349,3899,8.0,307,3848,7.9,304,3855,9.3,357,3849,10.0,393,3913,9.4,372,3941,9.3,367,3961,8.6,335,3896,8.4,326,3886,9.0,356,3937,11.2,457,4065,11.1,452,4084,10.3,420,4082,8.3,334,4002,9.2,369,4026,9.1,364,4012,-1,1,-1,0,0,1,1,1,0,1,1,1,1,1,-1,2883,6908,2024-09-27 17:15:00+00:00,2024-09-27 17:15:00+00:00,41.7,34,34,4.8,,,,,0,0,0,0,0,0,0,0,0,0,0,0,0,0,0,0,0.0,0.0,0.0,0.0,0.0,0.0,0.0
"Menifee County, Kentucky","POLYGON ((-83.775168 37.988663, -83.75943 37.998731, -83.756862 37.992542, -83.730982 38.010524, -83.71729 38.003288, -83.709507 38.009317, -83.689207 38.012152, -83.662401 38.027777, -83.6347 38.026865, -83.60998 38.007087, -83.58053 38.011702, -83.572955 38.023212, -83.574989 38.058883, -83.498846 38.05062, -83.464069 38.050214, -83.478746 38.032365, -83.456861 38.03288, -83.463408 38.016975, -83.433942 38.033974, -83.440908 37.972421, -83.444343 37.942468, -83.496027 37.890628, -83.506513 37.869737, -83.49508 37.861906, -83.517002 37.851733, -83.524145 37.831167, -83.555918 37.821015, -83.596706 37.820503, -83.612368 37.834032, -83.627513 37.822872, -83.63106 37.825372, -83.66296 37.834735, -83.667352 37.852447, -83.75035 37.896024, -83.768783 37.918371, -83.775168 37.988663))",21165,1,0,0,1,,DR-4848-KY,6286,2403,547,38.23,8.7,2498,571,39.74,9.08,1385,488,22.03,7.76,No,46.66,6.33,86.06,30.0,3.33,82.49,0.0,0.0,0.0,6341,6203,0,3387,157,2387,184,70.5,4.4,1734,154,72.6,5.7,653,162,27.4,5.7,75.4,7.8,309,114,12.9,5.0,53,40,2.2,1.7,528,124,22.1,5.1,22.2,5.1,1304,170,21.0,2.7,1363,148,22.0,2.4,1460,224,23.8,3.6,0,18,0.0,0.6,6113,6113,2480,93,527162212.0,100.0,3.8,30.03,3,44734,5646,1558,313,25.1,5.0,6196,9.4,224,2377,9.3,221,2387,8.2,194,2378,6.7,156,2337,5.9,136,2314,7.6,177,2334,7.7,178,2312,6.7,157,2339,6.2,145,2331,6.3,146,2329,6.4,150,2345,7.5,176,2338,10.6,259,2437,9.6,233,2426,8.6,207,2409,6.7,159,2366,6.1,143,2357,6.9,163,2372,-1,1,-1,0,0,0,1,1,0,1,1,0,1,1,-1,4571,4663,2024-09-27 17:45:00+00:00,2024-09-27 17:45:00+00:00,98.0,34,34,4.4,,,,,0,0,0,0,0,0,0,0,0,0,0,0,0,0,0,0,0.0,0.0,0.0,0.0,0.0,0.0,0.0
"Montgomery County, Kentucky","POLYGON ((-84.080527 38.115118, -83.990171 38.175067, -83.977924 38.192118, -83.965253 38.170542, -83.974659 38.158437, -83.875895 38.131737, -83.843154 38.10166, -83.820799 38.08111, -83.800031 38.040412, -83.755706 38.004966, -83.75943 37.998731, -83.775168 37.988663, -83.768783 37.918371, -83.78237 37.908094, -83.816108 37.90321, -83.871275 37.906209, -83.876832 37.90446, -83.89821 37.916787, -83.959881 37.933765, -83.96631 37.930768, -83.984794 37.963913, -84.026514 38.030871, -84.043822 38.058832, -84.080527 38.115118))",21173,1,0,0,1,,DR-4848-KY,28373,11046,1544,38.93,5.44,10991,1603,38.74,5.65,6336,1349,22.33,4.75,No,48.88,19.53,76.39,32.5,10.0,69.16,0.0,0.0,0.0,28771,28271,0,12204,50,10950,311,89.7,2.6,7258,414,66.3,3.6,3692,423,33.7,3.6,67.6,1.4,893,300,8.2,2.7,115,62,1.1,0.6,1907,354,17.4,3.1,17.4,3.1,6608,44,23.4,0.2,4794,138,17.0,0.5,5664,604,20.3,2.2,215,139,0.8,0.5,14194,28114,11117,467,511202049.0,50.5,4.2,142.44,2,54848,3303,4106,847,14.6,3.0,28107,6.0,744,12349,6.0,746,12357,5.9,734,12449,4.9,607,12339,5.1,618,12232,6.0,745,12464,6.2,767,12388,5.7,703,12392,5.3,654,12337,5.3,655,12258,5.4,668,12292,5.5,686,12394,6.4,804,12517,6.0,748,12477,5.9,743,12517,4.9,615,12472,4.9,609,12471,5.4,686,12593,0,0,0,0,-1,0,1,1,-1,1,1,1,0,1,-1,6064,14914,2024-09-27 19:45:00+00:00,2024-09-27 19:45:00+00:00,40.7,34,34,4.8,,,,,0,0,0,0,0,0,0,0,0,0,0,0,0,0,0,0,0.0,0.0,0.0,0.0,0.0,0.0,0.0
"Morgan County, Kentucky","POLYGON ((-83.496027 37.890628, -83.444343 37.942468, -83.440908 37.972421, -83.433942 38.033974, -83.439205 38.040192, -83.416356 38.047668, -83.40838 38.039019, -83.380423 38.051669, -83.371368 38.06956, -83.356572 38.066745, -83.337582 38.087987, -83.298813 38.092586, -83.263289 38.115386, -83.270846 38.069202, -83.267544 38.05895, -83.232842 38.051856, -83.212389 38.027126, -83.202689 38.013862, -83.174215 38.017036, -83.151976 38.010445, -83.141746 37.997248, -83.136357 38.004285, -83.101689 38.009751, -83.065341 38.007949, -83.047871 37.996728, -83.022115 38.007047, -83.015694 37.973348, -82.989014 37.963968, -82.96166 37.912882, -82.961423 37.893827, -82.981858 37.898878, -82.989217 37.869589, -83.004649 37.859247, -83.021502 37.867916, -83.034646 37.886384, -83.042535 37.87226, -83.056795 37.87015, -83.089409 37.89034, -83.129258 37.894438, -83.113277 37.864121, -83.155644 37.84162, -83.173937 37.831665, -83.178454 37.821484, -83.207849 37.819104, -83.224318 37.790613, -83.27064 37.769169, -83.243175 37.744004, -83.262172 37.712657, -83.281249 37.718921, -83.282226 37.736706, -83.334104 37.758529, -83.335866 37.778836, -83.364384 37.799257, -83.387593 37.800357, -83.386437 37.813675, -83.405993 37.814761, -83.433048 37.819112, -83.45532 37.842679, -83.484258 37.84391, -83.49508 37.861906, -83.506513 37.869737, -83.496027 37.890628))",21175,1,0,0,1,,DR-4848-KY,12302,3504,724,28.48,5.89,5953,754,48.39,6.13,2845,639,23.13,5.19,No,55.61,21.44,81.42,38.33,10.83,75.83,0.0,0.0,0.0,14300,13938,0,5650,45,4747,164,84.0,2.9,3714,194,78.2,3.6,1033,179,21.8,3.6,59.3,1.8,390,93,8.2,1.9,70,38,1.5,0.8,872,163,18.4,3.3,18.9,3.3,2766,92,19.8,0.7,2425,69,17.4,0.5,3038,240,24.8,1.9,71,48,0.5,0.4,13726,13726,4841,180,987053730.0,100.0,3.7,36.02,3,44587,4628,3019,698,24.7,5.7,12217,7.9,363,4607,7.8,364,4655,7.2,338,4702,6.0,280,4653,5.9,279,4733,7.2,341,4755,7.7,352,4587,6.3,298,4765,6.1,285,4707,5.9,277,4691,6.0,279,4671,6.6,313,4712,9.0,428,4770,8.4,409,4859,7.1,342,4818,5.0,235,4733,5.1,245,4780,6.0,288,4813,-1,1,-1,-1,0,0,-1,1,-1,1,1,-1,1,1,-1,2445,9708,2024-09-27 17:30:00+00:00,2024-09-27 17:30:00+00:00,25.2,34,34,4.7,,,,,0,0,0,0,0,0,0,0,0,0,0,0,0,0,0,0,0.0,0.0,0.0,0.0,0.0,0.0,0.0
"Nicholas County, Kentucky","POLYGON ((-84.181252 38.383757, -84.1021 38.459379, -84.073362 38.457407, -84.010146 38.432872, -83.999199 38.441453, -83.994528 38.4249, -83.99443 38.424942, -83.993239 38.425715, -83.991275 38.434794, -83.980068 38.439448, -83.9491 38.422824, -83.921376 38.383309, -83.916131 38.360152, -83.890839 38.363533, -83.899228 38.34834, -83.873023 38.362126, -83.857428 38.351434, -83.857802 38.333853, -83.839597 38.338368, -83.848383 38.325325, -83.833728 38.315173, -83.848355 38.296949, -83.860897 38.287751, -83.977924 38.192118, -83.969281 38.20933, -83.977367 38.220048, -83.990405 38.207589, -84.00814 38.219841, -84.027045 38.214105, -84.062691 38.235203, -84.052551 38.242631, -84.057118 38.256187, -84.077741 38.256157, -84.076293 38.268879, -84.088983 38.273024, -84.103023 38.258754, -84.109197 38.275029, -84.118579 38.27253, -84.104135 38.285744, -84.116699 38.288292, -84.137279 38.311743, -84.166253 38.354913, -84.19405 38.37175, -84.181252 38.383757))",21181,1,0,0,1,,DR-4848-KY,7686,2360,654,30.71,8.51,2726,680,35.47,8.85,2600,579,33.83,7.53,No,95.92,73.21,98.81,96.66,64.16,99.16,0.0,0.0,0.0,7816,7655,0,3333,26,2745,166,82.4,5.0,1964,187,71.5,5.8,781,172,28.5,5.8,69.2,1.4,274,109,10.0,3.9,59,45,2.1,1.6,421,142,15.3,4.9,16.8,5.1,1854,18,24.2,0.2,1278,38,16.7,0.5,1630,280,21.5,3.7,6,10,0.1,0.1,7537,7537,2954,124,505839859.0,100.0,4.2,38.59,3,52978,6667,1296,287,17.2,3.8,7550,5.2,175,3397,5.2,179,3420,5.0,171,3434,4.0,138,3465,4.5,157,3456,5.4,185,3433,5.4,188,3487,5.0,175,3495,4.7,165,3503,4.6,162,3502,4.5,157,3500,4.4,151,3454,4.7,164,3509,5.1,181,3523,5.2,185,3536,3.8,134,3511,4.2,147,3496,4.6,161,3504,-1,1,-1,0,-1,1,1,1,0,0,0,1,0,1,-1,1458,5149,2024-09-27 20:00:00+00:00,2024-09-27 20:00:00+00:00,28.3,34,34,5.7,,,,,0,0,0,0,0,0,0,0,0,0,0,0,0,0,0,0,0.0,0.0,0.0,0.0,0.0,0.0,0.0
"Owsley County, Kentucky","POLYGON ((-83.885262 37.517688, -83.830207 37.486953, -83.769059 37.49193, -83.742984 37.494253, -83.732459 37.521089, -83.702587 37.508092, -83.680439 37.511984, -83.657152 37.536781, -83.643093 37.541371, -83.630412 37.53746, -83.622381 37.510775, -83.607624 37.514836, -83.579186 37.506249, -83.565099 37.471266, -83.54924 37.464998, -83.551811 37.454504, -83.554569 37.438394, -83.536003 37.412685, -83.549201 37.394142, -83.545212 37.362053, -83.534059 37.352795, -83.547628 37.334418, -83.551777 37.287218, -83.521254 37.272913, -83.526907 37.258529, -83.541436 37.267791, -83.567509 37.267539, -83.565566 37.275716, -83.583132 37.294827, -83.597279 37.292255, -83.608829 37.30853, -83.622383 37.314781, -83.638572 37.344166, -83.653303 37.358075, -83.668138 37.355232, -83.678553 37.337055, -83.717975 37.338817, -83.784975 37.348717, -83.794709 37.350626, -83.81792 37.382216, -83.825983 37.403946, -83.849961 37.447848, -83.870954 37.459259, -83.883953 37.477335, -83.885262 37.517688))",21189,1,0,0,1,,DR-4848-KY,4001,876,380,21.89,9.5,1971,398,49.26,9.95,1154,345,28.84,8.62,No,85.85,36.07,97.25,84.16,21.66,97.49,0.0,0.0,0.0,3928,4021,0,2024,174,1506,139,74.4,6.1,1028,133,68.3,7.4,478,127,31.7,7.4,66.4,10.8,399,110,26.5,7.3,9,16,0.6,1.1,435,112,28.9,7.0,28.9,7.0,757,156,18.8,3.9,848,142,21.1,3.5,1418,238,36.0,6.0,0,13,0.0,1.0,4051,4051,1735,71,511268800.0,100.0,4.1,20.52,3,35000,4607,1294,291,33.1,7.4,3910,6.3,83,1326,6.7,88,1317,6.2,83,1338,5.1,69,1361,5.5,73,1333,6.8,90,1329,7.0,92,1308,6.3,83,1308,5.8,77,1318,6.2,83,1332,6.6,89,1348,6.4,85,1323,6.8,93,1365,7.2,99,1377,7.2,99,1375,5.3,72,1364,5.4,73,1360,6.0,82,1371,-1,0,0,-1,0,0,0,1,-1,1,1,0,1,1,-1,1316,2536,2024-09-27 18:00:00+00:00,2024-09-27 18:00:00+00:00,51.9,34,34,4.6,,,,,0,0,0,0,0,0,0,0,0,0,0,0,0,0,0,0,0.0,0.0,0.0,0.0,0.0,0.0,0.0
"Powell County, Kentucky","POLYGON ((-84.00645 37.860051, -83.982573 37.923991, -83.975996 37.923544, -83.96631 37.930768, -83.959881 37.933765, -83.89821 37.916787, -83.876832 37.90446, -83.871275 37.906209, -83.816108 37.90321, -83.78237 37.908094, -83.768783 37.918371, -83.75035 37.896024, -83.667352 37.852447, -83.66296 37.834735, -83.63106 37.825372, -83.652176 37.795419, -83.707974 37.716463, -83.7221 37.71642, -83.722651 37.728947, -83.768963 37.741097, -83.777592 37.756776, -83.829355 37.75166, -83.831591 37.764969, -83.859373 37.75864, -83.866177 37.752424, -83.906251 37.759363, -83.965209 37.802105, -83.962645 37.841664, -83.991595 37.850158, -84.001967 37.837592, -84.02737 37.869454, -84.00645 37.860051))",21197,1,0,0,1,,DR-4848-KY,12748,4024,901,31.57,7.07,4951,933,38.84,7.32,3773,780,29.6,6.12,No,87.67,57.37,96.05,86.66,43.33,96.66,0.0,0.0,0.0,12928,13057,0,5619,23,4629,215,82.4,3.8,3204,205,69.2,4.3,1425,231,30.8,4.3,67.4,0.8,511,137,11.0,2.9,87,69,1.9,1.5,952,201,20.6,4.6,20.9,4.6,3210,46,24.6,0.4,2048,29,15.7,0.2,2838,342,22.3,2.7,51,43,0.4,0.4,13129,13129,5065,282,463508964.0,100.0,5.6,73.36,3,46014,5754,2782,603,22.1,4.8,12608,5.4,305,5612,5.8,326,5661,5.3,301,5722,4.2,240,5703,4.6,263,5704,5.5,322,5855,5.6,327,5852,5.4,312,5784,5.1,292,5776,5.1,293,5771,5.2,302,5781,5.4,313,5766,6.1,358,5825,5.6,325,5842,5.4,316,5847,4.0,233,5809,4.5,261,5851,4.8,281,5908,-1,0,0,0,0,1,1,1,0,1,1,1,-1,1,-1,5632,7121,2024-09-27 18:30:00+00:00,2024-09-27 18:30:00+00:00,79.1,34,34,3.9,,,,,0,0,0,0,0,0,0,0,0,0,0,0,0,0,0,0,0.0,0.0,0.0,0.0,0.0,0.0,0.0
"Robertson County, Kentucky","POLYGON ((-84.178484 38.532774, -84.162031 38.554125, -84.146365 38.549802, -84.122315 38.564155, -84.104477 38.586288, -84.083512 38.597737, -84.083746 38.608594, -84.074408 38.598636, -84.045016 38.60005, -84.033695 38.582947, -83.997136 38.583307, -83.991605 38.593701, -83.970585 38.586843, -83.9683 38.58277, -83.960936 38.532713, -83.930348 38.492278, -83.982823 38.451825, -83.980068 38.439448, -83.991275 38.434794, -83.993239 38.425715, -83.99443 38.424942, -83.994528 38.4249, -83.999199 38.441453, -84.010146 38.432872, -84.073362 38.457407, -84.1021 38.459379, -84.106226 38.468739, -84.129906 38.474795, -84.14752 38.476501, -84.153211 38.490001, -84.183689 38.49741, -84.178484 38.532774))",21201,1,0,0,1,,DR-4848-KY,2313,595,242,25.72,10.46,981,254,42.41,10.98,737,223,31.86,9.64,No,93.1,49.49,98.85,92.49,35.0,99.16,0.0,0.0,0.0,2382,2239,0,996,88,791,82,79.4,6.4,596,98,75.3,7.8,195,60,24.7,7.8,87.7,16.3,56,29,7.1,3.5,15,13,1.9,1.6,188,58,23.8,7.7,24.0,7.7,626,121,28.0,5.4,420,83,18.8,3.7,351,107,16.1,4.9,15,26,0.7,1.2,2193,2193,882,24,257938637.0,100.0,2.7,22.02,3,55507,7025,442,94,19.6,4.2,2254,6.8,58,856,7.1,61,861,6.8,59,872,6.0,53,883,5.8,50,868,7.2,61,853,7.2,61,848,6.6,57,859,6.1,52,851,6.3,53,847,6.5,55,844,6.0,50,836,8.1,69,856,8.3,72,864,7.5,64,859,5.1,43,844,5.1,44,860,6.2,52,841,-1,1,-1,0,0,1,1,0,0,1,1,1,0,0,-1,1279,2372,2024-09-27 18:15:00+00:00,2024-09-27 18:15:00+00:00,53.9,34,34,5.3,,,,,0,0,0,0,0,0,0,0,0,0,0,0,0,0,0,0,0.0,0.0,0.0,0.0,0.0,0.0,0.0
"Rockcastle County, Kentucky","POLYGON ((-84.502932 37.328801, -84.483783 37.383383, -84.446719 37.485893, -84.37444 37.472663, -84.355538 37.49794, -84.360894 37.515732, -84.347805 37.539064, -84.336546 37.536082, -84.320304 37.538187, -84.31504 37.528655, -84.272434 37.520544, -84.268648 37.515568, -84.22422 37.527189, -84.199489 37.522858, -84.204152 37.511564, -84.204057 37.490437, -84.189256 37.456842, -84.169547 37.426225, -84.159608 37.417791, -84.169481 37.385406, -84.12913 37.357835, -84.136039 37.335307, -84.145933 37.327477, -84.137898 37.319759, -84.139015 37.309056, -84.161858 37.298063, -84.170317 37.305493, -84.200824 37.280196, -84.216241 37.280256, -84.223173 37.238804, -84.239242 37.240523, -84.239302 37.24027, -84.254315 37.239082, -84.271264 37.211562, -84.258941 37.205821, -84.280989 37.197471, -84.265629 37.181708, -84.299886 37.170582, -84.288381 37.16117, -84.289076 37.15174, -84.291795 37.160554, -84.300475 37.16394, -84.436729 37.271858, -84.49884 37.325855, -84.502505 37.328533, -84.502932 37.328801))",21203,1,0,0,1,,DR-4848-KY,16114,4993,924,30.99,5.73,6449,963,40.02,5.98,4672,826,28.99,5.13,No,86.28,59.85,94.39,84.99,46.66,94.16,0.0,0.0,0.0,16226,16144,0,7377,33,6428,208,87.1,2.9,4911,233,76.4,3.5,1517,242,23.6,3.5,68.6,1.1,683,170,10.6,2.6,192,89,3.0,1.4,1326,199,20.6,3.1,20.9,3.1,3462,61,21.4,0.4,3106,61,19.2,0.4,3526,352,22.3,2.2,58,55,0.4,0.4,16037,16037,6546,265,819904083.0,100.0,4.0,50.66,3,49406,5747,3446,651,21.8,4.1,15834,5.9,371,6320,5.9,374,6334,5.4,346,6388,4.8,309,6372,5.0,321,6402,5.8,378,6506,6.1,376,6214,5.9,367,6202,5.5,344,6233,5.9,369,6285,5.9,372,6327,5.7,358,6311,6.3,402,6425,6.0,389,6446,6.1,396,6443,4.6,291,6393,4.7,305,6450,5.2,335,6434,0,1,-1,0,0,1,1,1,0,1,1,-1,1,1,-1,1287,9492,2024-09-27 16:45:00+00:00,2024-09-27 16:45:00+00:00,13.6,34,34,3.5,,,,,0,0,0,0,0,0,0,0,0,0,0,0,0,0,0,0,0.0,0.0,0.0,0.0,0.0,0.0,0.0
"Rowan County, Kentucky","POLYGON ((-83.635195 38.187525, -83.614985 38.193341, -83.586792 38.21828, -83.563762 38.216918, -83.559723 38.228272, -83.559846 38.230325, -83.559916 38.230724, -83.55988 38.231007, -83.559706 38.231253, -83.524999 38.254617, -83.52039 38.267719, -83.50716 38.269447, -83.514281 38.292054, -83.505396 38.294132, -83.501543 38.315804, -83.488086 38.324496, -83.49799 38.333886, -83.499266 38.349351, -83.481983 38.359716, -83.470207 38.355217, -83.452848 38.381799, -83.412003 38.396446, -83.400368 38.375694, -83.378434 38.362722, -83.356336 38.321869, -83.341347 38.319521, -83.341232 38.317651, -83.326281 38.290176, -83.332655 38.284886, -83.307888 38.252254, -83.312722 38.24402, -83.30114 38.209703, -83.263082 38.190678, -83.244306 38.19238, -83.264229 38.188098, -83.243324 38.176098, -83.205257 38.175513, -83.223317 38.131871, -83.247928 38.130151, -83.263289 38.115386, -83.298813 38.092586, -83.337582 38.087987, -83.356572 38.066745, -83.371368 38.06956, -83.380423 38.051669, -83.40838 38.039019, -83.416356 38.047668, -83.439205 38.040192, -83.433942 38.033974, -83.463408 38.016975, -83.456861 38.03288, -83.478746 38.032365, -83.464069 38.050214, -83.498846 38.05062, -83.480476 38.069143, -83.462805 38.070652, -83.465817 38.08431, -83.506823 38.087343, -83.510731 38.070424, -83.519617 38.08889, -83.53442 38.094693, -83.515259 38.108089, -83.525436 38.11935, -83.559057 38.115841, -83.5483 38.141177, -83.572287 38.147376, -83.605854 38.124104, -83.618483 38.155697, -83.591639 38.16916, -83.596574 38.184443, -83.619805 38.175569, -83.635195 38.187525))",21205,1,0,0,1,,DR-4848-KY,21892,6956,1347,31.77,6.15,9653,1393,44.09,6.36,5283,1159,24.13,5.29,No,62.73,26.91,85.01,47.5,15.0,81.66,0.0,0.0,0.0,24675,24525,0,10577,56,9345,296,88.4,2.8,5895,342,63.1,3.7,3450,397,36.9,3.7,51.1,1.3,676,252,7.2,2.7,227,111,2.4,1.2,1736,318,18.6,3.3,19.6,3.2,4802,140,19.6,0.6,3492,26,14.2,0.1,4105,464,17.0,1.9,163,95,0.7,0.4,15287,24662,9129,316,724888657.0,62.0,3.5,88.12,2,51712,6653,5199,859,24.0,4.0,21682,6.1,635,10488,6.7,721,10715,6.5,697,10792,4.9,520,10713,5.8,622,10710,6.9,726,10548,7.5,786,10529,6.6,713,10758,5.9,633,10783,5.6,594,10694,5.8,623,10718,6.0,648,10745,7.4,800,10828,6.5,703,10881,7.0,773,10972,4.7,510,10781,5.3,574,10796,6.2,661,10588,0,0,0,0,0,0,-1,0,0,1,1,-1,-1,1,-1,6413,15086,2024-09-27 20:30:00+00:00,2024-09-27 20:30:00+00:00,42.5,34,34,4.8,,,,,0,0,0,0,0,0,0,0,0,0,0,0,0,0,0,0,0.0,0.0,0.0,0.0,0.0,0.0,0.0
"Washington County, Kentucky","POLYGON ((-85.401784 37.730658, -85.373323 37.739581, -85.374954 37.764507, -85.352953 37.757362, -85.355671 37.784139, -85.308234 37.793765, -85.313748 37.804907, -85.296076 37.832667, -85.27752 37.837799, -85.278616 37.84412, -85.243032 37.848307, -85.256045 37.859959, -85.251773 37.867435, -85.232942 37.866013, -85.226875 37.855174, -85.216249 37.871326, -85.218117 37.855779, -85.205089 37.846218, -85.197101 37.858231, -85.205394 37.863179, -85.196219 37.880793, -85.199762 37.898253, -85.172182 37.887834, -85.153818 37.885578, -85.152797 37.897661, -85.138236 37.891741, -85.126552 37.917169, -85.106192 37.909247, -85.106913 37.893901, -85.068162 37.885897, -85.058151 37.89516, -85.042957 37.885927, -85.030528 37.891538, -85.03098 37.881526, -85.00052 37.854723, -85.003263 37.835033, -85.012034 37.817173, -85.005815 37.816613, -85.007447 37.803694, -85.0158 37.740469, -85.025021 37.678854, -85.030172 37.63127, -85.123351 37.631094, -85.166084 37.63111, -85.206947 37.631087, -85.256949 37.630908, -85.291907 37.644324, -85.340697 37.651423, -85.348007 37.656118, -85.373639 37.673343, -85.37473 37.702373, -85.398655 37.730294, -85.401784 37.730658))",21229,1,0,0,1,,DR-4848-KY,12267,4295,787,35.01,6.42,5418,826,44.17,6.73,2554,717,20.82,5.84,No,38.28,8.52,74.74,19.16,4.17,66.66,0.0,0.0,0.0,12269,12091,0,5222,27,4650,183,89.0,3.5,3634,169,78.2,3.5,1016,184,21.8,3.5,74.0,1.9,319,134,6.9,2.8,85,67,1.8,1.4,688,166,14.8,3.4,15.7,3.6,2804,44,23.2,0.4,2338,69,19.3,0.6,2632,351,22.0,2.9,164,130,1.4,1.1,12027,12027,4674,177,769962860.0,100.0,3.8,40.46,3,59071,7345,1582,366,13.1,3.0,12043,3.9,242,6203,4.1,258,6278,3.9,247,6302,3.4,211,6218,3.7,233,6245,4.5,283,6270,4.7,299,6321,4.7,298,6282,4.4,275,6259,4.7,296,6321,4.3,272,6358,4.2,263,6273,4.8,309,6462,4.8,311,6484,4.9,316,6485,3.7,238,6369,3.7,235,6418,4.2,268,6425,0,1,-1,0,0,0,1,0,0,0,0,1,1,1,-1,980,8020,2024-09-27 17:30:00+00:00,2024-09-27 17:30:00+00:00,12.2,34,34,5.0,,,,,0,0,0,0,0,0,0,0,0,0,0,0,0,0,0,0,0.0,0.0,0.0,0.0,0.0,0.0,0.0
"Wolfe County, Kentucky","POLYGON ((-83.652176 37.795419, -83.63106 37.825372, -83.627513 37.822872, -83.612368 37.834032, -83.596706 37.820503, -83.555918 37.821015, -83.524145 37.831167, -83.517002 37.851733, -83.49508 37.861906, -83.484258 37.84391, -83.45532 37.842679, -83.433048 37.819112, -83.405993 37.814761, -83.386437 37.813675, -83.387593 37.800357, -83.364384 37.799257, -83.335866 37.778836, -83.334104 37.758529, -83.282226 37.736706, -83.281249 37.718921, -83.262172 37.712657, -83.242808 37.698119, -83.257445 37.685463, -83.248692 37.669616, -83.268313 37.67995, -83.280125 37.674466, -83.294862 37.682389, -83.317939 37.682894, -83.33067 37.674569, -83.346052 37.676779, -83.364582 37.684223, -83.374613 37.695187, -83.390714 37.699776, -83.418635 37.690655, -83.431626 37.673727, -83.433623 37.65654, -83.458716 37.630476, -83.475946 37.625807, -83.495488 37.619595, -83.509311 37.642555, -83.522308 37.638516, -83.578032 37.655358, -83.616649 37.666925, -83.628307 37.67889, -83.707974 37.716463, -83.652176 37.795419))",21237,1,0,0,1,,DR-4848-KY,6252,1956,568,31.29,9.09,2156,590,34.48,9.44,2140,504,34.23,8.06,No,96.01,72.45,99.04,97.49,63.33,99.16,0.0,0.0,0.0,6364,6484,0,3043,22,2545,147,83.6,4.7,1778,214,69.9,6.9,767,179,30.1,6.9,72.9,1.5,738,209,29.0,7.8,140,94,5.5,3.7,883,165,34.7,6.4,35.1,6.5,1472,32,22.7,0.5,1262,19,19.5,0.3,2101,307,33.0,4.8,108,89,1.8,1.5,6562,6562,2634,133,575390049.0,100.0,5.0,29.54,3,40949,5328,1753,373,28.6,6.1,6135,11.0,167,1522,10.5,162,1539,8.9,140,1580,7.6,120,1572,7.8,124,1595,10.0,169,1692,11.1,186,1674,9.4,154,1633,8.6,140,1635,8.9,148,1659,8.8,144,1628,9.4,153,1624,14.3,245,1708,11.1,186,1675,9.9,165,1674,7.0,116,1651,7.0,118,1683,8.0,135,1693,-1,0,0,0,-1,1,1,1,0,1,1,0,1,1,-1,952,4160,2024-09-27 18:30:00+00:00,2024-09-27 18:30:00+00:00,22.9,34,34,3.8,,,,,0,0,0,0,0,0,0,0,0,0,0,0,0,0,0,0,0.0,0.0,0.0,0.0,0.0,0.0,0.0
"Alexander County, North Carolina","POLYGON ((-81.343595 35.826987, -81.337773 35.856948, -81.333373 35.878892, -81.339909 35.909195, -81.342878 35.923285, -81.328324 35.996583, -81.301418 36.004291, -81.268597 36.02492, -81.184933 36.035003, -81.171526 36.025578, -81.145832 36.03376, -81.10848 36.03714, -81.098132 36.028177, -81.057543 36.031572, -81.028833 36.045652, -81.0034 35.996737, -81.005327 35.962342, -81.005541 35.958287, -81.029848 35.890124, -81.0299 35.889968, -81.041339 35.857855, -81.078943 35.802775, -81.109507 35.776594, -81.128613 35.789803, -81.142327 35.827167, -81.149609 35.828958, -81.190407 35.822385, -81.205137 35.8228, -81.2281 35.810388, -81.232541 35.812455, -81.251279 35.814722, -81.253457 35.809332, -81.26876 35.804455, -81.299539 35.798338, -81.304399 35.802548, -81.315913 35.796857, -81.334272 35.796281, -81.339899 35.824155, -81.343595 35.826987))",37003,1,1,1,1,EM-3617-NC,DR-4827-NC,35397,12547,1862,35.45,5.26,13439,1952,37.97,5.51,9411,1623,26.59,4.59,No,76.44,47.96,89.46,69.49,37.0,86.99,0.0,0.0,0.0,36693,36440,0,16126,46,13895,293,86.2,1.9,11348,467,81.7,2.8,2547,397,18.3,2.8,67.1,1.2,782,272,5.6,1.9,292,132,2.1,0.9,1356,272,9.8,1.9,10.0,2.0,7139,48,19.6,0.1,7500,163,20.6,0.4,6368,758,18.2,2.2,581,175,1.7,0.5,32466,36444,14408,583,673368516.0,89.1,4.0,140.18,2,62976,7404,4350,921,12.4,2.6,35194,3.9,631,16234,3.9,625,16223,3.7,610,16422,3.3,540,16251,3.5,572,16321,3.9,639,16324,4.1,663,16295,4.1,653,16099,3.2,519,16130,3.4,547,16087,3.7,590,16043,3.5,551,15970,4.0,639,16127,3.8,610,16068,3.7,594,16214,3.4,549,16165,3.5,568,16026,3.8,614,16054,-1,1,-1,0,-1,1,1,0,0,-1,-1,-1,1,1,-1,12525,25137,2024-09-27 20:00:00+00:00,2024-09-27 20:00:00+00:00,49.8,34,34,8.4,DR-4827-NC,Tropical Storm,4827.0,NC,346,0,3,1041,830,684,743,386,85,384,142,2,641,75,251,2,7.5,0.6,2.8,61.6,88.2,65.4,100.0
"Alleghany County, North Carolina","POLYGON ((-81.3532592063955 36.5747234125838, -81.32358106681 36.5749184120384, -81.307511 36.575024, -81.262303 36.573924, -81.249816 36.573225, -81.176712 36.571926, -81.171212 36.571026, -81.1536053405208 36.5701283609768, -81.1535808021292 36.5701271099378, -81.14181 36.569527, -81.124809 36.569227, -81.103399337148 36.5682497399525, -81.0852022741728 36.5674191214252, -81.083206 36.567328, -81.0690845606748 36.5671241854118, -81.061866 36.56702, -81.058844 36.566976, -81.011402 36.564429, -81.003802 36.563629, -80.945988 36.563196, -80.944338 36.563058, -80.901726 36.561751, -80.9016647889236 36.5617484850782, -80.92689 36.501258, -80.973643 36.453474, -80.961589 36.436891, -80.947182 36.419074, -80.967153 36.40202, -80.984196 36.387855, -80.98131 36.376492, -81.026688 36.373195, -81.043865 36.398336, -81.044272 36.411063, -81.077794 36.417806, -81.099022 36.439358, -81.128398 36.425899, -81.138242 36.412479, -81.162956 36.432515, -81.189256 36.399351, -81.238045 36.370415, -81.253552 36.366622, -81.244244 36.385105, -81.266578 36.415248, -81.272081 36.446848, -81.324082 36.499691, -81.326742 36.512552, -81.35315 36.546077, -81.3532592063955 36.5747234125838))",37005,1,1,1,1,EM-3617-NC,DR-4827-NC,11314,2158,760,19.07,6.72,5462,831,48.28,7.34,3694,733,32.65,6.48,No,94.62,72.54,98.11,92.99,64.99,98.99,0.0,0.0,0.0,11379,11075,0,7752,16,5049,242,65.1,3.1,3891,250,77.1,3.6,1158,197,22.9,3.6,86.3,3.8,375,137,7.4,2.6,63,43,1.2,0.8,556,165,11.0,3.3,11.8,3.3,1838,53,16.6,0.5,3292,123,29.7,1.1,1908,282,17.4,2.6,327,150,3.1,1.4,10888,10888,4844,99,608220278.0,100.0,2.0,46.36,3,46571,4002,1823,409,16.3,3.6,11212,4.4,199,4530,4.2,192,4611,4.0,192,4810,3.3,154,4706,3.6,178,4888,3.8,189,4957,3.9,186,4722,4.3,207,4816,3.1,148,4740,3.5,167,4765,3.6,169,4646,3.3,150,4588,4.2,193,4572,3.9,176,4562,3.6,168,4692,3.2,153,4718,3.7,175,4768,3.9,191,4874,-1,1,-1,-1,0,1,1,0,-1,0,0,-1,1,1,-1,4295,21425,2024-09-28 05:30:00+00:00,2024-09-28 05:30:00+00:00,20.0,34,34,10.1,DR-4827-NC,Tropical Storm,4827.0,NC,212,0,1,731,569,497,507,325,110,322,154,0,588,109,274,0,14.5,2.2,6.4,80.4,99.1,85.1,0.0
"Ashe County, North Carolina","POLYGON ((-81.739648 36.406686, -81.738292 36.410756, -81.734312 36.413342, -81.729924 36.415422, -81.720734 36.422537, -81.717939 36.428762, -81.716925 36.43314, -81.715229 36.436532, -81.715229 36.438567, -81.715569 36.44128, -81.715229 36.444332, -81.714212 36.447045, -81.714277 36.450978, -81.715082 36.453365, -81.71489 36.45722, -81.708247 36.462217, -81.701076 36.464212, -81.699223 36.463959, -81.697975 36.464741, -81.695311 36.467912, -81.694533 36.473283, -81.694829 36.474463, -81.696281 36.475499, -81.697287 36.484738, -81.695907 36.49158, -81.696835 36.493393, -81.697261 36.496141, -81.698265 36.497221, -81.699928 36.498018, -81.700238 36.500475, -81.699923 36.500865, -81.69797 36.504063, -81.69729 36.504887, -81.697829 36.507544, -81.697744 36.508448, -81.699446 36.511504, -81.699601 36.512883, -81.700093 36.514158, -81.700553 36.51519, -81.702543 36.520317, -81.707573 36.526101, -81.708262 36.532113, -81.707963 36.536209, -81.699962 36.536829, -81.699962 36.539714, -81.697539 36.544359, -81.693844 36.549083, -81.69003 36.552154, -81.689115 36.555912, -81.690132 36.559643, -81.692167 36.562695, -81.692506 36.565748, -81.690236 36.568718, -81.686436 36.567918, -81.679936 36.568618, -81.677036 36.570718, -81.677236 36.574406, -81.679036 36.578918, -81.680137 36.585518, -81.677535 36.588117, -81.6178926183888 36.5872620851163, -81.600934 36.587019, -81.521032 36.58052, -81.499831 36.57982, -81.4966613252149 36.5795790270223, -81.489387 36.579026, -81.47643 36.580421, -81.442228 36.576822, -81.374824 36.574673, -81.353322 36.574723, -81.3532592063955 36.5747234125838, -81.35315 36.546077, -81.326742 36.512552, -81.324082 36.499691, -81.272081 36.446848, -81.266578 36.415248, -81.244244 36.385105, -81.253552 36.366622, -81.266018 36.361106, -81.323639 36.376822, -81.354301 36.355608, -81.361574 36.313403, -81.366667 36.285884, -81.378643 36.277913, -81.415853 36.29223, -81.429724 36.266662, -81.475227 36.253119, -81.477516 36.24025, -81.482039 36.240767, -81.492785 36.244801, -81.5027 36.250231, -81.521685 36.255329, -81.552237 36.276387, -81.566349 36.272202, -81.59462 36.306918, -81.638186 36.349606, -81.648459 36.354277, -81.728138 36.391012, -81.730491 36.390407, -81.731509 36.392103, -81.733877 36.39457, -81.737952 36.39719, -81.739648 36.401599, -81.739648 36.406686))",37009,1,1,1,1,EM-3617-NC,DR-4827-NC,26927,7770,1290,28.86,4.79,11594,1384,43.06,5.14,7563,1203,28.09,4.47,No,82.91,58.33,92.13,74.99,48.0,90.99,0.0,0.0,0.0,27266,26831,0,17111,26,11999,521,70.1,3.1,9405,478,78.4,3.1,2594,421,21.6,3.1,78.4,1.4,834,200,7.0,1.7,140,58,1.2,0.5,1633,276,13.6,2.1,14.0,2.1,4552,98,17.0,0.4,7236,134,27.0,0.5,5084,426,19.2,1.6,465,169,1.8,0.7,26577,26577,11708,260,1104023356.0,100.0,2.2,62.35,3,54589,4949,4088,812,15.3,3.0,26674,3.3,400,12179,3.3,401,12303,2.9,364,12482,2.5,311,12432,2.9,361,12551,3.2,400,12590,3.3,407,12367,3.2,403,12591,2.6,320,12477,3.4,426,12506,3.5,433,12406,3.1,380,12340,3.9,479,12336,3.5,434,12284,3.4,426,12484,3.0,379,12487,3.4,419,12501,3.4,430,12545,-1,1,-1,-1,0,1,1,1,-1,0,0,-1,1,1,-1,22258,49326,2024-09-27 15:15:00+00:00,2024-09-27 15:15:00+00:00,45.1,34,34,9.1,DR-4827-NC,Tropical Storm,4827.0,NC,1580,0,36,4093,3435,2845,3156,2335,1020,2322,1260,60,3264,991,1970,60,34.1,8.5,19.4,79.7,97.2,84.8,100.0
"Avery County, North Carolina","POLYGON ((-82.080143 36.10572, -82.079743 36.10652, -82.067142 36.11202, -82.061342 36.113121, -82.056042 36.120721, -82.056042 36.123921, -82.054142 36.126821, -82.043941 36.125421, -82.037941 36.121122, -82.033141 36.120422, -82.02874 36.124322, -82.02634 36.129222, -82.02664 36.130222, -81.9897007174947 36.1845764118609, -81.9757231867985 36.2051436889906, -81.960101 36.228131, -81.938897 36.256067, -81.933019683861 36.2648426504234, -81.932994 36.264881, -81.9181112586581 36.2871132062802, -81.899769 36.280422, -81.897097 36.261796, -81.903959 36.251149, -81.898548 36.245365, -81.907742 36.238638, -81.911238 36.229502, -81.909008 36.216392, -81.901353 36.20568, -81.888324 36.196607, -81.885383 36.189451, -81.857147 36.193675, -81.84345 36.179481, -81.829377 36.169011, -81.818042 36.133104, -81.812551 36.114837, -81.810516 36.111511, -81.774903 36.099044, -81.758517 36.077164, -81.735673 36.067584, -81.807162 35.961955, -81.844536 35.974976, -81.873038 35.977548, -81.881386 35.992932, -81.900927 35.998938, -81.943188 35.96005, -81.962987 35.941783, -81.954602 35.926649, -81.981954 35.911361, -82.034104 35.942057, -82.059134 35.988346, -82.039175 36.007774, -82.058271 36.045043, -82.071934 36.069874, -82.080944957901 36.1057614805811, -82.080143 36.10572))",37011,1,1,1,1,EM-3617-NC,DR-4827-NC,15709,4614,923,29.37,5.88,6892,996,43.87,6.34,4203,869,26.76,5.53,No,77.2,42.62,91.66,70.99,32.0,89.99,0.0,0.0,0.0,17811,17643,0,14051,46,6559,344,46.7,2.4,5245,309,80.0,3.3,1314,242,20.0,3.3,60.2,1.4,303,99,4.6,1.5,160,102,2.4,1.5,703,175,10.7,2.7,11.4,2.7,2570,70,14.6,0.4,4059,70,23.0,0.4,2837,356,18.1,2.3,329,137,1.9,0.8,17806,17806,6860,165,640602137.0,100.0,2.4,71.99,3,55922,6991,2469,572,15.9,3.7,15549,3.6,246,6877,3.7,262,6991,3.5,243,7018,3.0,208,6888,3.1,240,7636,3.5,270,7780,3.6,275,7719,3.4,263,7634,2.7,203,7555,8.6,685,7924,7.0,516,7367,5.3,400,7502,5.3,401,7537,4.7,352,7543,4.3,319,7494,4.1,298,7338,3.8,290,7642,3.8,298,7872,-1,1,-1,0,0,1,-1,0,0,0,0,-1,1,1,-1,989,23802,2024-10-03 20:30:00+00:00,2024-10-03 20:30:00+00:00,4.2,34,34,15.2,DR-4827-NC,Tropical Storm,4827.0,NC,1899,0,41,4316,3849,3085,3640,2867,1091,2843,1435,52,3307,1051,2271,52,65.8,16.6,43.3,76.6,96.3,79.9,100.0
"Buncombe County, North Carolina","POLYGON ((-82.883909 35.678235, -82.85408 35.699452, -82.846884 35.701392, -82.807056 35.685874, -82.794782 35.695805, -82.754039 35.703521, -82.730975 35.722403, -82.713764 35.717824, -82.712347 35.732889, -82.669244 35.72609, -82.666198 35.738348, -82.615259 35.759826, -82.579913 35.774785, -82.54488 35.789529, -82.538663 35.79163, -82.528205 35.79766, -82.512213 35.803321, -82.476099 35.798319, -82.463828 35.809616, -82.435335 35.80859, -82.431728 35.811933, -82.41788 35.813359, -82.408602 35.818178, -82.382045 35.823965, -82.368675 35.82009, -82.338295 35.801717, -82.346191 35.786179, -82.335054 35.749396, -82.313065 35.733603, -82.284733 35.725526, -82.279563 35.717808, -82.275399 35.704438, -82.294907 35.683856, -82.285159 35.677471, -82.280364 35.667701, -82.286277 35.650502, -82.269608 35.621326, -82.264524 35.617482, -82.286044 35.587273, -82.251251 35.559943, -82.219981 35.553141, -82.169049 35.527811, -82.178984 35.526601, -82.233203 35.519402, -82.224336 35.498269, -82.251437 35.460685, -82.265795 35.467818, -82.325383 35.496748, -82.356795 35.490584, -82.371853 35.480009, -82.363133 35.46096, -82.417511 35.474501, -82.42508 35.470305, -82.45565 35.449818, -82.476562 35.445208, -82.480555 35.445228, -82.495208 35.445186, -82.535106 35.444581, -82.533228 35.41645, -82.543852 35.423211, -82.548825 35.444305, -82.5581 35.444074, -82.570608 35.431045, -82.599094 35.437086, -82.621399 35.435884, -82.659463 35.452799, -82.672658 35.459426, -82.705652 35.452635, -82.730462 35.43418, -82.745139 35.422967, -82.781691 35.439542, -82.799493 35.471227, -82.779491 35.516894, -82.780017 35.525926, -82.766519 35.537913, -82.765948 35.539001, -82.765863 35.540695, -82.777524 35.555619, -82.765921 35.56758, -82.784267 35.591377, -82.797124 35.596146, -82.813146 35.627931, -82.846399 35.614417, -82.853561 35.63682, -82.864383 35.634651, -82.877053 35.666508, -82.888009 35.672722, -82.883909 35.678235))",37021,1,1,1,1,EM-3617-NC,DR-4827-NC,272062,98653,9731,36.26,3.58,119613,9946,43.97,3.66,53796,7769,19.77,2.86,No,30.9,16.09,52.16,19.0,9.0,42.0,0.0,0.0,0.0,279210,271790,0,132191,102,102672,1818,77.7,1.4,66159,1594,64.4,1.3,36513,1549,35.6,1.3,63.7,0.1,3249,471,3.2,0.5,1458,321,1.4,0.3,9478,709,9.2,0.7,9.9,0.7,49139,0,18.1,0.0,56572,66,20.8,0.1,37086,2087,13.8,0.8,11087,1243,4.3,0.5,60097,269452,116237,3073,1700301514.0,22.3,2.6,410.44,1,71218,4985,34611,4855,12.9,1.8,269143,3.0,4226,140949,3.2,4538,141175,3.0,4215,142417,2.6,3646,142407,2.8,4069,143183,3.2,4514,143232,3.2,4645,144395,3.2,4619,142467,2.6,3742,142650,10.8,16341,151679,7.5,11051,146428,6.0,8697,143908,6.8,9819,144820,6.2,8951,143678,5.3,7498,142796,4.6,6615,142784,4.5,6335,141919,4.5,6460,142175,-1,0,0,0,0,0,-1,-1,-1,-1,-1,-1,1,0,-1,223578,181010,2024-09-27 18:30:00+00:00,2024-09-27 18:30:00+00:00,100.0,34,34,13.9,DR-4827-NC,Tropical Storm,4827.0,NC,58550,0,375,88290,78066,51032,74793,60233,7948,60145,11503,290,48356,7214,35889,289,86.0,7.7,58.6,54.8,90.8,59.7,99.7
"Burke County, North Carolina","POLYGON ((-81.972775 35.821311, -81.957877 35.819315, -81.939707 35.837712, -81.924985 35.84307, -81.906652 35.883376, -81.914891 35.916438, -81.943188 35.96005, -81.900927 35.998938, -81.881386 35.992932, -81.873038 35.977548, -81.844536 35.974976, -81.807162 35.961955, -81.809076 35.958787, -81.777668 35.947439, -81.776077 35.927014, -81.758733 35.928466, -81.728676 35.890956, -81.709749 35.875003, -81.639217 35.848346, -81.632109 35.835739, -81.630065 35.830377, -81.600809 35.825096, -81.581811 35.80473, -81.555994 35.777538, -81.547033 35.777207, -81.541318 35.779081, -81.524621 35.780025, -81.502677 35.780704, -81.490267 35.780547, -81.455394 35.784895, -81.44605 35.785245, -81.43074 35.772606, -81.399218 35.75856, -81.377112 35.757633, -81.363796 35.767802, -81.364827 35.766421, -81.394132 35.728295, -81.402028 35.717881, -81.432898 35.677847, -81.445388 35.665785, -81.476143 35.63678, -81.506809 35.607956, -81.535403 35.568137, -81.537599 35.564228, -81.545299 35.564721, -81.56678 35.558448, -81.607193 35.566831, -81.648967 35.56161, -81.674224 35.568804, -81.690949 35.584546, -81.691989 35.580041, -81.705653 35.581214, -81.721701 35.606308, -81.753407 35.613588, -81.772182 35.592623, -81.794058 35.593239, -81.798783 35.579968, -81.824122 35.574983, -81.829492 35.592119, -81.849801 35.656488, -81.861444 35.694035, -81.869388 35.719624, -81.891451 35.735962, -81.924408 35.7618, -81.986885 35.807066, -81.972775 35.821311))",37023,1,1,1,1,EM-3617-NC,DR-4827-NC,86875,27502,3334,31.66,3.84,38296,3485,44.08,4.01,21077,2882,24.26,3.32,No,63.45,40.87,78.49,49.0,30.0,72.99,0.0,0.0,0.0,88545,87863,0,40058,54,35873,506,89.6,1.3,26823,637,74.8,1.7,9050,662,25.2,1.7,66.1,0.6,1941,401,5.4,1.1,736,223,2.1,0.6,5457,670,15.2,1.8,16.2,1.9,16305,0,18.6,0.0,18659,197,21.2,0.2,16944,843,19.8,1.0,3322,410,4.0,0.5,40215,87570,35140,1469,1311146878.0,45.9,4.2,172.98,1,55616,4577,13667,1995,15.9,2.3,85718,3.3,1333,40002,3.5,1396,39947,3.4,1355,40352,2.9,1171,39982,3.3,1341,40190,3.8,1524,40183,3.9,1566,40265,3.8,1494,39657,3.0,1179,39867,4.0,1625,40177,4.0,1600,39938,3.7,1489,39782,4.3,1733,40157,4.0,1591,39927,3.8,1511,40100,3.5,1386,39917,3.7,1482,39678,4.1,1620,39651,0,1,-1,0,0,1,1,0,0,1,1,-1,1,1,-1,35178,58382,2024-09-27 21:00:00+00:00,2024-09-27 21:00:00+00:00,60.3,34,34,10.4,DR-4827-NC,Tropical Storm,4827.0,NC,7012,0,42,13322,11498,7834,10850,7992,789,7978,1230,20,8507,726,5304,20,37.1,2.2,22.2,63.9,92.0,66.5,100.0
"Cabarrus County, North Carolina","POLYGON ((-80.784167 35.506017, -80.737249 35.505801, -80.696089 35.505805, -80.674414 35.506465, -80.646066 35.505547, -80.618518 35.504991, -80.609201 35.504748, -80.570602 35.503318, -80.56241 35.503141, -80.544503 35.502888, -80.437079 35.502178, -80.314343 35.502888, -80.295421 35.50292, -80.32471 35.458797, -80.373778 35.384751, -80.405362 35.336881, -80.433391 35.293912, -80.459682 35.253948, -80.468253 35.240881, -80.506171 35.192447, -80.504985 35.184998, -80.528015 35.196961, -80.550349 35.208412, -80.599535 35.234007, -80.627934 35.248669, -80.651447 35.260427, -80.666095 35.267747, -80.672489 35.284568, -80.678117 35.301195, -80.683017 35.315647, -80.689562 35.335665, -80.693654 35.346734, -80.693772 35.346794, -80.708878 35.35535, -80.719672 35.362792, -80.74441 35.380667, -80.748131 35.385094, -80.755309 35.394823, -80.764295 35.400203, -80.763549 35.412099, -80.752365 35.414471, -80.756739 35.423657, -80.759885 35.430309, -80.764909 35.440968, -80.787091 35.494916, -80.784167 35.506017))",37025,1,1,1,1,EM-3617-NC,DR-4827-NC,239155,105845,8715,44.26,3.64,95537,8867,39.95,3.71,37773,6651,15.79,2.78,No,7.65,3.72,25.16,3.0,1.0,16.0,0.0,0.0,0.0,244925,231262,0,91339,62,80370,1094,88.0,1.2,57973,1410,72.1,1.5,22397,1302,27.9,1.5,63.3,0.1,3039,464,3.8,0.6,1990,585,2.5,0.7,7636,776,9.5,1.0,10.8,1.0,58685,0,25.4,0.0,30979,46,13.4,0.1,24673,1435,10.7,0.6,9949,1043,4.6,0.5,39001,225804,82596,4233,935587423.0,17.3,5.1,625.09,1,85540,5865,21730,3476,9.1,1.5,237670,3.5,4378,124215,3.7,4552,124243,3.5,4366,125176,3.1,3892,124901,3.3,4096,125141,3.7,4586,125525,3.9,4926,126813,3.7,4672,124675,3.1,3846,125360,3.1,3894,125068,3.3,4142,124626,3.1,3829,124282,3.7,4586,125519,3.4,4220,125107,3.4,4270,125828,3.1,3935,125504,3.3,4194,125269,3.7,4640,126306,-1,1,-1,1,-1,-1,-1,-1,0,-1,-1,1,-1,-1,-1,20431,120489,2024-09-27 12:15:00+00:00,2024-09-27 12:15:00+00:00,17.0,34,34,3.5,DR-4827-NC,Tropical Storm,4827.0,NC,913,0,0,1565,771,648,696,283,45,281,79,0,334,27,90,0,1.9,0.1,0.3,21.3,60.0,32.0,0.0
"Caldwell County, North Carolina","POLYGON ((-81.779932 36.114014, -81.674833 36.122619, -81.631152 36.118195, -81.545488 36.117475, -81.508413 36.096977, -81.458782 36.091382, -81.444964 36.072513, -81.424141 36.077801, -81.40678 36.068539, -81.399101 36.06425, -81.396487 36.040885, -81.380556 36.042097, -81.343523 36.022805, -81.328324 35.996583, -81.342878 35.923285, -81.339909 35.909195, -81.333373 35.878892, -81.337773 35.856948, -81.343595 35.826987, -81.339899 35.824155, -81.334272 35.796281, -81.347191 35.792985, -81.355682 35.779721, -81.352587 35.771243, -81.363796 35.767802, -81.377112 35.757633, -81.399218 35.75856, -81.43074 35.772606, -81.44605 35.785245, -81.455394 35.784895, -81.490267 35.780547, -81.502677 35.780704, -81.524621 35.780025, -81.541318 35.779081, -81.547033 35.777207, -81.555994 35.777538, -81.581811 35.80473, -81.600809 35.825096, -81.630065 35.830377, -81.632109 35.835739, -81.639217 35.848346, -81.709749 35.875003, -81.728676 35.890956, -81.758733 35.928466, -81.776077 35.927014, -81.777668 35.947439, -81.809076 35.958787, -81.807162 35.961955, -81.735673 36.067584, -81.758517 36.077164, -81.774903 36.099044, -81.810516 36.111511, -81.779932 36.114014))",37027,1,1,1,1,EM-3617-NC,DR-4827-NC,80137,26207,3372,32.7,4.21,36729,3520,45.83,4.39,17201,2889,21.46,3.61,No,42.6,21.18,66.79,32.0,13.0,56.99,0.0,0.0,0.0,80739,80618,0,37231,74,32766,534,88.0,1.4,24251,624,74.0,1.8,8515,651,26.0,1.8,69.7,0.8,1889,404,5.8,1.2,364,146,1.1,0.4,4136,532,12.6,1.6,13.2,1.6,16039,0,19.9,0.0,17060,217,21.2,0.3,14826,1106,18.6,1.4,1754,415,2.3,0.5,34536,80652,33166,1433,1222176567.0,42.8,4.3,170.91,1,56239,2951,10843,2036,13.6,2.6,79468,3.5,1298,36710,3.6,1313,36547,3.5,1273,36850,3.1,1126,36633,3.3,1210,36723,3.7,1361,36760,3.8,1418,37040,3.8,1401,36466,3.1,1145,36745,3.5,1274,36641,3.7,1338,36517,3.3,1211,36297,4.0,1455,36603,3.7,1360,36374,3.7,1353,36552,3.6,1317,36542,3.8,1368,36295,4.1,1475,36262,-1,1,-1,0,0,0,1,0,-1,0,0,-1,1,1,-1,37284,85459,2024-09-27 19:45:00+00:00,2024-09-27 19:45:00+00:00,43.6,34,34,8.6,DR-4827-NC,Tropical Storm,4827.0,NC,3244,0,17,7264,5424,4383,4809,2529,527,2517,838,4,4164,470,1563,4,22.2,1.6,7.7,57.3,89.2,62.1,100.0
"Catawba County, North Carolina","POLYGON ((-81.506809 35.607956, -81.476143 35.63678, -81.445388 35.665785, -81.432898 35.677847, -81.402028 35.717881, -81.394132 35.728295, -81.364827 35.766421, -81.363796 35.767802, -81.352587 35.771243, -81.355682 35.779721, -81.347191 35.792985, -81.334272 35.796281, -81.315913 35.796857, -81.304399 35.802548, -81.299539 35.798338, -81.26876 35.804455, -81.253457 35.809332, -81.251279 35.814722, -81.232541 35.812455, -81.2281 35.810388, -81.205137 35.8228, -81.190407 35.822385, -81.149609 35.828958, -81.142327 35.827167, -81.128613 35.789803, -81.109507 35.776594, -81.090265 35.766643, -81.074714 35.743087, -81.067092 35.7368, -81.065574 35.718338, -81.061751 35.710876, -81.038462 35.707549, -81.017733 35.712728, -81.009836 35.711378, -81.003189 35.709166, -80.966305 35.670313, -80.951241 35.641413, -80.928566 35.623929, -80.925213 35.620258, -80.943524 35.604931, -80.933638 35.590933, -80.951961 35.580476, -80.959909 35.547956, -80.960025 35.54702, -81.015562 35.548639, -81.058488 35.550507, -81.082918 35.551415, -81.184381 35.555071, -81.200068 35.555452, -81.292534 35.559276, -81.333745 35.561109, -81.342526 35.561458, -81.535403 35.568137, -81.506809 35.607956))",37035,1,1,1,1,EM-3617-NC,DR-4827-NC,163453,59616,6208,36.47,3.8,71933,6379,44.01,3.9,31904,5017,19.52,3.07,No,28.94,13.96,51.81,18.0,7.0,41.0,0.0,0.0,0.0,167054,162051,0,72028,85,65201,580,90.5,0.8,47414,916,72.7,1.3,17787,870,27.3,1.3,67.5,0.1,3033,481,4.7,0.7,1666,343,2.6,0.5,7877,619,12.1,1.0,12.9,1.0,35431,0,21.9,0.0,29857,31,18.4,0.1,22280,1316,13.9,0.8,6636,650,4.3,0.4,56466,160610,64471,2670,1039552776.0,35.2,4.1,400.15,1,65898,5590,19276,3030,11.9,1.9,161891,3.6,2780,78002,3.8,2941,77796,3.6,2806,78411,3.1,2451,77826,3.5,2714,78098,3.9,3071,78108,4.1,3217,78615,3.9,3049,77290,3.2,2495,77891,3.3,2585,77660,3.5,2743,77408,3.2,2493,77057,3.8,2951,77693,3.5,2727,77248,3.5,2701,77563,3.2,2479,77254,3.5,2658,76831,3.8,2933,76705,1,1,-1,0,0,0,1,0,0,0,0,-1,1,1,-1,28303,88250,2024-09-27 20:00:00+00:00,2024-09-27 20:00:00+00:00,32.1,34,34,7.4,DR-4827-NC,Tropical Storm,4827.0,NC,2152,0,3,5387,4002,3327,3560,1663,279,1656,448,0,2562,207,851,0,8.3,0.4,2.5,47.6,74.2,51.4,0.0
"Cherokee County, North Carolina","POLYGON ((-84.3174751604271 35.0219635529126, -84.310022 35.078883, -84.308576 35.092761, -84.3085689929147 35.0927817692025, -84.308437 35.093173, -84.3048456370629 35.121413902214, -84.304809 35.121702, -84.298006 35.167468, -84.2978436668293 35.1683461708446, -84.295238 35.182442, -84.292321 35.206677, -84.292319677455 35.2066890084035, -84.29024 35.225572, -84.289621 35.224677, -84.287982 35.224468, -84.28322 35.226577, -84.28252 35.227877, -84.27542 35.234777, -84.260319 35.241877, -84.257719 35.246177, -84.252819 35.249477, -84.243019 35.253178, -84.240219 35.255178, -84.231818 35.264778, -84.227818 35.267878, -84.223718 35.269078, -84.216318 35.267978, -84.211818 35.266078, -84.205517 35.259679, -84.205317 35.258279, -84.202879 35.255772, -84.201717 35.247779, -84.200117 35.244679, -84.199117 35.243679, -84.192217 35.243079, -84.188417 35.239979, -84.178516 35.240679, -84.177016 35.242379, -84.170416 35.245779, -84.168616 35.24578, -84.161316 35.24348, -84.160416 35.24388, -84.158916 35.24588, -84.155316 35.24648, -84.143124 35.246879, -84.139715 35.24618, -84.136415 35.24478, -84.133299 35.243679, -84.13057 35.243364, -84.12889 35.243679, -84.127315 35.244414, -84.126815 35.246481, -84.125615 35.249381, -84.124915 35.24983, -84.12115 35.250644, -84.115279 35.250438, -84.115048 35.249765, -84.114414 35.249081, -84.113314 35.248981, -84.108449 35.25033, -84.103135 35.248781, -84.10227 35.248115, -84.097508 35.247382, -84.092213 35.249981, -84.082913 35.257082, -84.082813 35.258882, -84.081117 35.261146, -84.074713 35.263182, -84.070612 35.263782, -84.063712 35.266682, -84.055712 35.268182, -84.052612 35.269982, -84.042711 35.278383, -84.036011 35.288683, -84.0290849697824 35.2921883356242, -84.009757 35.273241, -84.002932 35.235001, -83.967132 35.21786, -83.934446 35.222988, -83.879696 35.238481, -83.874227 35.243784, -83.831429 35.256117, -83.822766 35.250288, -83.795159 35.257463, -83.773547 35.245743, -83.734314 35.244989, -83.708352 35.257299, -83.702772 35.24852, -83.691664 35.242762, -83.696783 35.225385, -83.728359 35.199892, -83.711338 35.195659, -83.731535 35.178579, -83.738129 35.15595, -83.749772 35.161177, -83.820598 35.139187, -83.841297 35.143744, -83.862751 35.132447, -83.863651 35.120421, -83.907483 35.078483, -83.926865 35.06705, -83.932371 35.069395, -83.964019 35.048077, -83.956443 35.026409, -83.979847 35.005867, -84.004595 34.994132, -84.0052593484451 34.9874404516631, -84.021357 34.98743, -84.029954 34.987321, -84.0911549550839 34.987433446409, -84.0967346193064 34.9874436980988, -84.1294520756424 34.9875038108939, -84.129555 34.987504, -84.1811950059163 34.9877467413779, -84.261405591696 34.9881237829326, -84.321869 34.988408, -84.3174751604271 35.0219635529126))",37039,1,1,1,1,EM-3617-NC,DR-4827-NC,29841,7851,1327,26.31,4.45,14665,1446,49.14,4.85,7325,1282,24.55,4.3,No,65.28,36.03,83.13,54.49,25.0,78.99,0.0,0.0,0.0,30373,29197,0,18182,27,13042,396,71.7,2.2,10905,461,83.6,2.6,2137,356,16.4,2.6,90.0,1.9,666,154,5.1,1.2,115,57,0.9,0.4,1408,205,10.8,1.6,11.1,1.6,4699,45,16.1,0.2,9128,146,31.3,0.5,5076,447,17.6,1.5,147,81,0.5,0.3,28774,28774,12705,436,1179842036.0,100.0,3.4,63.16,3,53926,6022,4327,973,14.6,3.3,29645,4.2,468,11166,4.1,463,11282,3.9,444,11393,3.4,382,11279,3.8,437,11561,4.2,477,11383,4.2,471,11324,4.3,483,11353,3.4,386,11353,3.6,405,11236,3.8,433,11287,3.4,371,11071,4.1,453,11153,3.7,413,11141,3.7,416,11289,3.5,395,11283,3.9,443,11326,4.2,475,11314,-1,1,-1,-1,0,0,1,0,-1,0,-1,-1,1,1,-1,2684,22148,2024-09-26 17:30:00+00:00,2024-09-26 17:30:00+00:00,12.1,34,34,7.0,DR-4827-NC,Tropical Storm,4827.0,NC,27,0,0,79,67,55,63,24,13,22,17,0,64,13,20,0,0.6,0.1,0.2,81.0,100.0,90.9,0.0
"Clay County, North Carolina","POLYGON ((-84.004595 34.994132, -83.979847 35.005867, -83.956443 35.026409, -83.964019 35.048077, -83.932371 35.069395, -83.926865 35.06705, -83.907483 35.078483, -83.863651 35.120421, -83.862751 35.132447, -83.841297 35.143744, -83.820598 35.139187, -83.749772 35.161177, -83.738129 35.15595, -83.726824 35.145269, -83.714442 35.155283, -83.699199 35.15263, -83.684356 35.157766, -83.666221 35.150041, -83.659824 35.160304, -83.641774 35.139233, -83.635712 35.12158, -83.61906 35.128382, -83.617909 35.10596, -83.586617 35.091582, -83.581847 35.078075, -83.562232 35.059424, -83.557359 35.038636, -83.542994 35.038374, -83.52125 35.018246, -83.520764 34.996612, -83.510597 35.005157, -83.4829524283476 34.9934833880904, -83.549381 34.992492, -83.620185 34.992091, -83.619985 34.986592, -83.749893 34.987691, -83.7908631964688 34.9874881772452, -83.790893490234 34.9874880272761, -83.8001396483121 34.9874422542163, -83.831097 34.987289, -83.9224214646691 34.9874585856434, -83.936427258766 34.9874845938068, -83.936646 34.987485, -83.9632700855174 34.9874677138777, -84.0052593484451 34.9874404516631, -84.004595 34.994132))",37043,1,1,1,1,EM-3617-NC,DR-4827-NC,11861,2971,754,25.05,6.36,4989,834,42.06,7.03,3901,750,32.89,6.32,No,94.98,74.23,98.11,93.99,66.99,98.99,0.0,0.0,0.0,12042,11391,0,7410,17,5041,275,68.0,3.7,4024,320,79.8,5.7,1017,304,20.2,5.7,94.3,2.1,268,115,5.3,2.3,140,89,2.8,1.8,528,165,10.5,3.1,11.8,3.3,1848,47,16.2,0.4,3679,43,32.3,0.4,1962,394,17.3,3.5,142,92,1.3,0.8,11089,11089,4880,160,556849483.0,100.0,3.3,51.58,3,53229,5066,1422,353,12.1,3.0,11757,3.7,173,4630,3.6,171,4739,3.2,153,4742,2.8,131,4692,3.1,150,4803,3.5,169,4827,3.7,169,4616,3.8,178,4672,3.0,143,4785,3.1,148,4759,3.3,157,4759,2.9,136,4675,3.6,169,4715,3.5,164,4722,3.6,171,4779,3.1,148,4765,3.5,168,4784,3.8,182,4809,-1,1,-1,-1,0,1,1,0,0,0,0,-1,1,1,-1,2042,13494,2024-09-27 09:45:00+00:00,2024-09-27 09:45:00+00:00,15.1,34,34,6.7,DR-4827-NC,Tropical Storm,4827.0,NC,24,0,0,77,51,34,47,19,5,18,7,0,44,4,13,0,1.5,0.1,0.4,57.1,80.0,72.2,0.0
"Cleveland County, North Carolina","POLYGON ((-81.7681085961812 35.1803883279178, -81.759849 35.22118, -81.758536 35.224864, -81.740895 35.265679, -81.735212 35.27945, -81.728506 35.295556, -81.702853 35.357304, -81.701537 35.386744, -81.700971 35.400656, -81.69573 35.485909, -81.691989 35.580041, -81.690949 35.584546, -81.674224 35.568804, -81.648967 35.56161, -81.607193 35.566831, -81.56678 35.558448, -81.545299 35.564721, -81.537599 35.564228, -81.515421 35.558297, -81.509455 35.536266, -81.513004 35.523317, -81.475464 35.460167, -81.458803 35.423681, -81.4556 35.419811, -81.411094 35.367357, -81.398924 35.353138, -81.388134 35.348401, -81.372054 35.339698, -81.356682 35.330604, -81.366121 35.313413, -81.355128 35.294384, -81.355773 35.280829, -81.348996 35.274937, -81.336263 35.268127, -81.326212 35.262829, -81.321729 35.260449, -81.324264 35.241269, -81.324147 35.231275, -81.324146 35.231112, -81.323883 35.208351, -81.323668 35.189605, -81.3280393754573 35.163405284384, -81.3665997502835 35.164889487764, -81.366691 35.164893, -81.4427427300232 35.1679095953013, -81.445627 35.168024, -81.4503305421039 35.16821086351, -81.452398 35.168293, -81.461408 35.168657, -81.493401 35.169951, -81.494265 35.169882, -81.5168705059896 35.1707091878187, -81.54515 35.171744, -81.581681 35.17308, -81.6090051987795 35.1742521189017, -81.6095490975215 35.1742754503817, -81.614877 35.174504, -81.646707 35.175869, -81.6755099232049 35.1771041109792, -81.680801 35.177331, -81.716259 35.178852, -81.738492 35.179511, -81.763413164043 35.1802492358467, -81.7681085961812 35.1803883279178))",37045,1,1,1,1,EM-3617-NC,DR-4827-NC,99961,35767,3866,35.78,3.87,43015,4017,43.03,4.02,21179,3259,21.19,3.26,No,40.8,21.4,63.35,31.0,13.0,53.99,0.0,0.0,0.0,102194,100170,0,43999,76,37218,633,84.6,1.4,26296,778,70.7,1.7,10922,668,29.3,1.7,69.7,0.3,2003,342,5.4,0.9,611,195,1.6,0.5,7386,713,19.8,1.8,20.4,1.9,22366,0,22.3,0.0,18774,96,18.7,0.1,16890,1084,17.0,1.1,1803,305,1.9,0.3,61902,99519,39887,2024,1202409706.0,62.2,5.1,214.36,2,61411,3775,17051,2432,17.2,2.4,99332,4.0,1784,45147,4.2,1887,45465,3.9,1789,45491,3.4,1551,45591,3.7,1702,45511,4.2,1903,45481,4.6,2072,44876,4.4,1978,44943,3.7,1668,45510,3.9,1779,45972,4.0,1846,45814,3.7,1676,45369,4.4,1994,45728,4.0,1839,45740,4.0,1844,45798,3.8,1743,45638,4.2,1887,45207,4.5,2047,45329,-1,1,-1,0,0,0,1,0,-1,1,1,1,1,1,-1,41519,62799,2024-09-27 19:45:00+00:00,2024-09-27 19:45:00+00:00,66.1,34,34,8.3,DR-4827-NC,Tropical Storm,4827.0,NC,7423,0,14,15117,12259,8180,11362,7878,474,7869,819,2,7564,403,3997,2,40.6,1.3,21.1,50.0,85.0,50.8,100.0
"Forsyth County, North Carolina","POLYGON ((-80.516682 36.084048, -80.508143 36.103391, -80.507291 36.10784, -80.464891 36.117566, -80.445273 36.133005, -80.436881 36.168465, -80.445483 36.210412, -80.432257 36.216175, -80.437419 36.229824, -80.452656 36.241651, -80.451925 36.261515, -80.434788 36.261382, -80.405702 36.261161, -80.365501 36.260808, -80.31681 36.26039, -80.310456 36.260339, -80.261891 36.259842, -80.235592 36.259565, -80.212709 36.259316, -80.188706 36.259037, -80.146965 36.258536, -80.130093 36.258336, -80.035119 36.257184, -80.035984 36.228712, -80.036908 36.204509, -80.03767 36.179593, -80.037791 36.176378, -80.037036 36.173467, -80.038715 36.149651, -80.040217 36.105419, -80.04022 36.105268, -80.040689 36.089939, -80.042187 36.043573, -80.042833 36.023954, -80.043053 36.017251, -80.043238 36.010758, -80.060366 36.013482, -80.100985 36.019516, -80.124907 36.023086, -80.137528 36.024971, -80.149407 36.026768, -80.162032 36.026759, -80.199178 36.026805, -80.21373 36.026808, -80.217499 35.996696, -80.266851 35.996639, -80.269101 35.996636, -80.303983 35.996601, -80.330298 35.996556, -80.336216 35.99436, -80.348134 35.989938, -80.394307 35.972762, -80.400178 35.974717, -80.422106 35.988586, -80.418378 36.016286, -80.418483 36.016425, -80.425562 36.02112, -80.443362 36.032227, -80.464221 36.062655, -80.486307 36.043677, -80.496283 36.046545, -80.508545 36.057954, -80.516682 36.084048))",37067,1,1,1,1,EM-3617-NC,DR-4827-NC,383669,143338,13737,37.36,3.58,162302,14129,42.3,3.68,78029,10946,20.34,2.85,No,35.02,19.18,55.59,21.0,11.0,45.0,0.0,0.0,0.0,398143,386740,0,173220,312,155743,1119,89.9,0.6,97629,1565,62.7,1.0,58114,1775,37.3,1.0,65.1,0.1,6940,686,4.5,0.4,2522,538,1.6,0.3,20884,1305,13.4,0.8,14.0,0.8,88214,62,22.8,0.1,64234,93,16.6,0.1,48225,1679,12.6,0.4,20550,1208,5.6,0.3,29006,382590,156635,5869,1056834341.0,7.6,3.7,937.61,1,65556,2816,56249,6609,14.8,1.7,380940,3.8,7074,184935,3.8,7099,184719,3.8,7053,186002,3.3,6113,185079,3.6,6718,185238,4.1,7655,185186,4.4,8200,186907,4.2,7690,184493,3.4,6355,185830,3.4,6419,186399,3.7,6857,185518,3.4,6307,184960,3.9,7310,186183,3.7,6824,185292,3.8,7000,186151,3.5,6454,185662,3.8,6971,185133,4.2,7755,185696,0,-1,1,0,0,0,1,-1,-1,1,1,1,-1,0,-1,6527,239501,2024-09-27 14:45:00+00:00,2024-09-27 14:45:00+00:00,2.7,34,34,3.1,DR-4827-NC,Tropical Storm,4827.0,NC,254,0,0,660,500,438,458,142,28,142,44,0,217,15,47,0,0.4,0.0,0.1,32.9,53.6,33.1,0.0
"Gaston County, North Carolina","POLYGON ((-81.4556 35.419811, -81.409853 35.41822, -81.343502 35.415888, -81.31861 35.414961, -81.240916 35.411909, -81.233543 35.410905, -81.20297 35.410454, -81.184647 35.409806, -81.162383 35.40903, -81.122804 35.407639, -81.122555 35.407631, -81.070224 35.405795, -81.054614 35.405248, -81.030675 35.404402, -81.011385 35.403599, -80.95486 35.400078, -80.986891 35.378146, -80.97327 35.36419, -80.962896 35.375107, -80.923042 35.359917, -80.939086 35.353673, -80.962141 35.347046, -80.97267 35.350257, -80.984894 35.340059, -80.983622 35.324811, -81.001161 35.304928, -81.003854 35.297929, -81.00407 35.297291, -81.004204 35.296714, -81.008727 35.281752, -81.01103 35.278244, -81.014896 35.26979, -81.013825 35.257685, -81.008234 35.248473, -81.013943 35.225777, -81.007275 35.211732, -81.006295 35.210285, -81.003015 35.174106, -81.007188 35.164653, -81.00951 35.153126, -81.017112 35.154318, -81.031371 35.148443, -81.04287 35.149248, -81.043625 35.149877, -81.0567617204493 35.1507247067734, -81.077253 35.152047, -81.0927843815354 35.1530493998819, -81.0930278508632 35.1530651134631, -81.109295 35.154115, -81.11084 35.154185, -81.129808180835 35.1550389042931, -81.138207 35.155417, -81.1805586040491 35.1573250014993, -81.209815295008 35.1586430580751, -81.239358 35.159974, -81.241686 35.160081, -81.2665313056272 35.1610375640471, -81.290672 35.161967, -81.3280393754573 35.163405284384, -81.323668 35.189605, -81.323883 35.208351, -81.324146 35.231112, -81.324147 35.231275, -81.324264 35.241269, -81.321729 35.260449, -81.326212 35.262829, -81.336263 35.268127, -81.348996 35.274937, -81.355773 35.280829, -81.355128 35.294384, -81.366121 35.313413, -81.356682 35.330604, -81.372054 35.339698, -81.388134 35.348401, -81.398924 35.353138, -81.411094 35.367357, -81.4556 35.419811))",37071,1,1,1,1,EM-3617-NC,DR-4827-NC,235781,88346,8957,37.47,3.8,102601,9088,43.52,3.85,44834,6886,19.02,2.92,No,25.22,12.53,47.45,16.0,6.0,37.0,0.0,0.0,0.0,242010,231485,0,100109,110,92287,692,92.2,0.7,60745,1119,65.8,1.2,31542,1118,34.2,1.2,63.6,0.1,4975,480,5.4,0.5,1709,254,1.9,0.3,14707,686,15.9,0.7,16.5,0.8,52227,18,22.6,0.1,37758,53,16.3,0.1,33192,1245,14.5,0.5,7838,731,3.6,0.3,42993,227943,90799,4571,921389625.0,18.9,5.0,640.74,1,67076,3450,31513,3958,13.5,1.7,233237,3.7,4331,116192,3.9,4501,116187,3.6,4215,116912,3.2,3722,116645,3.5,4083,117022,3.9,4595,117449,4.1,4858,118678,4.0,4704,116734,3.3,3863,117337,3.6,4276,117410,3.6,4235,116727,3.4,3938,116393,4.0,4683,117563,3.8,4469,117291,3.7,4392,117801,3.6,4178,117611,3.7,4379,117364,4.1,4794,118316,1,0,0,0,0,0,-1,0,-1,1,1,1,-1,1,-1,52626,133696,2024-09-27 20:00:00+00:00,2024-09-27 20:00:00+00:00,39.4,34,34,7.0,DR-4827-NC,Tropical Storm,4827.0,NC,4048,0,8,10421,7683,6317,6703,3158,387,3147,699,0,4096,241,1153,0,11.3,0.4,3.4,39.3,62.3,36.6,0.0
"Graham County, North Carolina","POLYGON ((-84.038081 35.348363, -84.037494 35.34985, -84.035343 35.350833, -84.024756 35.353896, -84.023456 35.354217, -84.020188 35.357503, -84.019193 35.359569, -84.015121 35.364868, -84.0076580287821 35.371596064165, -84.007586 35.371661, -84.008307 35.378883, -84.0095061641702 35.3819208825644, -84.009807 35.382683, -84.011207 35.384383, -84.010607 35.386183, -84.008207 35.389683, -84.008207 35.390383, -84.014107 35.397783, -84.015207 35.398483, -84.018107 35.399083, -84.018807 35.399783, -84.021507 35.404183, -84.021782 35.407418, -84.020633 35.409843, -84.017607 35.411183, -84.014707 35.411983, -84.011706 35.415383, -84.005306 35.420883, -84.00225 35.422548, -83.999906 35.425201, -83.999242 35.42614, -83.998154 35.430786, -83.996619 35.433761, -83.992568 35.438065, -83.983233 35.44235, -83.978286 35.44782, -83.973057 35.448921, -83.973171 35.452582, -83.971439 35.455145, -83.969845 35.455443, -83.966656 35.454941, -83.965229 35.455399, -83.9614 35.459496, -83.961054 35.462838, -83.961056 35.463738, -83.9610558840119 35.4637536584001, -83.961053 35.464143, -83.957821 35.464211, -83.955416 35.463456, -83.952882 35.460635, -83.939419 35.4486, -83.927698 35.450647, -83.914077 35.465054, -83.873794 35.460413, -83.864579 35.448312, -83.844907 35.453121, -83.806711 35.444824, -83.803636 35.455093, -83.774475 35.443475, -83.757233 35.441703, -83.731873 35.447195, -83.65789 35.432261, -83.645014 35.432029, -83.643447 35.443196, -83.618694 35.436113, -83.610814 35.427045, -83.585756 35.434832, -83.582558 35.410489, -83.593092 35.376986, -83.620475 35.345491, -83.660507 35.335626, -83.68474 35.324074, -83.695611 35.299614, -83.680114 35.2795, -83.684581 35.273274, -83.694658 35.257553, -83.702772 35.24852, -83.708352 35.257299, -83.734314 35.244989, -83.773547 35.245743, -83.795159 35.257463, -83.822766 35.250288, -83.831429 35.256117, -83.874227 35.243784, -83.879696 35.238481, -83.934446 35.222988, -83.967132 35.21786, -84.002932 35.235001, -84.009757 35.273241, -84.0290849697824 35.2921883356242, -84.02791 35.292783, -84.02351 35.295783, -84.02141 35.301383, -84.02651 35.309283, -84.02871 35.310383, -84.03501 35.311983, -84.03571 35.312883, -84.03551 35.317783, -84.032479 35.325318, -84.03245 35.32653, -84.032209 35.328583, -84.030409 35.330483, -84.029377 35.333197, -84.031272 35.336438, -84.03243 35.336845, -84.038057971844 35.3483160634754, -84.038081 35.348363))",37075,1,1,1,1,EM-3617-NC,DR-4827-NC,8043,2110,615,26.23,7.65,3803,658,47.28,8.18,2130,571,26.48,7.1,No,75.91,30.4,93.63,67.99,20.0,92.99,0.0,0.0,0.0,8179,8041,0,5244,20,3312,218,63.2,4.2,2677,219,80.8,4.6,635,163,19.2,4.6,76.1,4.9,380,159,11.5,4.7,54,36,1.6,1.1,404,128,12.2,3.9,12.4,4.0,1479,111,18.4,1.4,1996,72,24.8,0.9,1485,272,18.8,3.4,115,62,1.5,0.8,8030,8030,3317,124,756194687.0,100.0,3.7,27.5,3,51841,5752,1344,311,16.9,3.9,7959,4.0,131,3286,4.1,137,3354,3.8,131,3463,3.0,106,3536,3.3,119,3611,3.6,131,3614,3.8,136,3589,3.6,131,3646,2.9,104,3631,3.1,111,3583,3.5,124,3493,3.6,122,3386,4.4,153,3452,4.4,153,3458,3.7,134,3581,3.2,116,3596,3.2,114,3612,3.3,119,3646,-1,1,-1,-1,0,0,1,1,0,0,0,-1,1,1,-1,1054,6493,2024-09-28 13:30:00+00:00,2024-09-28 13:30:00+00:00,16.2,34,34,8.0,DR-4827-NC,Tropical Storm,4827.0,NC,20,0,0,85,78,65,76,32,9,30,16,0,61,9,24,0,2.6,0.3,0.9,71.8,100.0,80.0,0.0
"Haywood County, North Carolina","POLYGON ((-83.256111 35.703961, -83.255108 35.707096, -83.25423 35.709478, -83.254481 35.712362, -83.255489 35.714974, -83.255476179897 35.7150906815168, -83.255351 35.71623, -83.251247 35.719916, -83.243501 35.722533, -83.242132 35.723638, -83.240669 35.72676, -83.232042 35.726098, -83.222627 35.726138, -83.219981 35.726601, -83.216972 35.725752, -83.214501 35.724434, -83.203752 35.726553, -83.200126 35.725331, -83.198267 35.725494, -83.18837 35.729798, -83.185685 35.72989, -83.182097 35.735492, -83.180836 35.738882, -83.177499 35.743913, -83.171867 35.745978, -83.170173 35.746107, -83.16477 35.754618, -83.165427 35.7587, -83.164909 35.759965, -83.161537 35.763363, -83.159208 35.764892, -83.15408 35.76428, -83.14808 35.764295, -83.14697 35.765124, -83.127707 35.768093, -83.120183 35.766234, -83.113662 35.770211, -83.1112053033996 35.7707548666079, -83.1111464364102 35.7707678986566, -83.110491 35.770913, -83.104805 35.77348, -83.104584 35.77423, -83.10232 35.775071, -83.100233 35.774745, -83.100329 35.774804, -83.100225 35.774765, -83.0980540104817 35.7756972652879, -83.097193 35.776067, -83.086054 35.783627, -83.085205 35.785794, -83.078732 35.789472, -83.07403 35.790016, -83.072221 35.78831, -83.063975 35.786643, -83.061507 35.786774, -83.05834 35.788241, -83.052677 35.789548, -83.04853 35.787706, -83.046307 35.785853, -83.044108 35.785347, -83.042666 35.785407, -83.03951 35.786777, -83.036209 35.787405, -83.0249098431397 35.7838078741566, -83.012377 35.779818, -83.006067 35.778404, -83.001473 35.773752, -82.995803 35.773128, -82.992053 35.773948, -82.98397 35.77801, -82.978414 35.78261, -82.974463 35.78679, -82.969648 35.789663, -82.964088 35.78998, -82.9628979027128 35.7917347927587, -82.950078 35.766359, -82.957072 35.7467, -82.947879 35.738945, -82.91765 35.744808, -82.910409 35.716184, -82.898614 35.703736, -82.901071 35.684929, -82.883909 35.678235, -82.888009 35.672722, -82.877053 35.666508, -82.864383 35.634651, -82.853561 35.63682, -82.846399 35.614417, -82.813146 35.627931, -82.797124 35.596146, -82.784267 35.591377, -82.765921 35.56758, -82.777524 35.555619, -82.765863 35.540695, -82.765948 35.539001, -82.766519 35.537913, -82.780017 35.525926, -82.779491 35.516894, -82.799493 35.471227, -82.781691 35.439542, -82.745139 35.422967, -82.74562 35.407345, -82.774539 35.393308, -82.790776 35.373403, -82.805116 35.347966, -82.83199 35.318343, -82.876429 35.314581, -82.883306 35.308807, -82.920881 35.292037, -82.927321 35.302802, -82.964725 35.315289, -82.96469 35.33292, -82.990358 35.367616, -83.000582 35.374728, -83.027923 35.383143, -83.043724 35.394395, -83.053691 35.424236, -83.078569 35.434039, -83.079473 35.447565, -83.109149 35.464116, -83.122086 35.465465, -83.1377 35.464369, -83.1382 35.490788, -83.16139 35.496494, -83.163476 35.50895, -83.186322 35.514368, -83.180288 35.518963, -83.173983 35.521681, -83.156565 35.552089, -83.166964 35.57869, -83.182109 35.584537, -83.185519 35.598271, -83.17598 35.61245, -83.175871 35.6275, -83.202323 35.650252, -83.181977 35.671327, -83.207665 35.681599, -83.214907 35.692112, -83.25561 35.696061, -83.255126 35.701493, -83.256111 35.703961))",37087,1,1,1,1,EM-3617-NC,DR-4827-NC,62844,20405,2668,32.47,4.25,27587,2843,43.9,4.52,14852,2441,23.63,3.88,No,58.84,32.63,78.24,43.5,22.0,71.99,0.0,0.0,0.0,63048,62432,0,35307,97,26772,550,75.8,1.6,20083,551,75.0,2.0,6689,583,25.0,2.0,76.0,0.4,1526,280,5.7,1.0,374,127,1.4,0.5,3445,563,12.9,2.1,13.1,2.1,11135,0,17.8,0.0,15827,73,25.4,0.1,10698,724,17.3,1.2,587,215,1.0,0.4,29110,62089,27193,892,1433713850.0,46.9,3.3,112.16,1,64553,5672,6869,1457,11.0,2.3,62244,3.5,1008,28761,3.6,1033,28967,3.2,944,29192,2.8,819,28918,3.1,905,29129,3.4,994,28857,3.4,1001,29127,3.5,1013,29216,2.9,846,29400,5.3,1588,29810,4.5,1316,29441,3.9,1149,29516,4.4,1315,29764,4.1,1225,29695,3.8,1119,29688,3.6,1052,29427,3.8,1108,29411,3.9,1144,29363,-1,1,-1,0,0,0,1,0,-1,0,0,-1,1,1,-1,23076,66709,2024-09-27 22:15:00+00:00,2024-09-27 22:15:00+00:00,34.6,34,34,11.7,DR-4827-NC,Tropical Storm,4827.0,NC,3850,0,65,9822,8337,6317,7807,5957,1704,5917,2372,53,6859,1584,4457,53,36.7,6.4,22.1,69.8,93.0,75.3,100.0
"Henderson County, North Carolina","POLYGON ((-82.730462 35.43418, -82.705652 35.452635, -82.672658 35.459426, -82.659463 35.452799, -82.621399 35.435884, -82.599094 35.437086, -82.570608 35.431045, -82.5581 35.444074, -82.548825 35.444305, -82.543852 35.423211, -82.533228 35.41645, -82.535106 35.444581, -82.495208 35.445186, -82.480555 35.445228, -82.476562 35.445208, -82.45565 35.449818, -82.42508 35.470305, -82.417511 35.474501, -82.363133 35.46096, -82.371853 35.480009, -82.356795 35.490584, -82.325383 35.496748, -82.265795 35.467818, -82.276844 35.448355, -82.280529 35.443393, -82.270228 35.400549, -82.261305 35.393198, -82.261463 35.388449, -82.280764 35.365942, -82.298142 35.33591, -82.305285 35.331558, -82.310429 35.314708, -82.32768 35.308919, -82.34685 35.279725, -82.348827 35.254519, -82.349653 35.244305, -82.359152 35.244489, -82.359256 35.228325, -82.351617 35.219271, -82.3536543147338 35.1922225810449, -82.361469 35.190831, -82.363256 35.189639, -82.363554 35.188001, -82.363479 35.186214, -82.364299 35.184725, -82.36899 35.181747, -82.371298 35.181449, -82.373218 35.182201, -82.376808 35.184427, -82.379712 35.186884, -82.380903 35.189565, -82.381201 35.191203, -82.380605 35.193586, -82.379191 35.195894, -82.378744 35.198053, -82.380524 35.202276, -82.383776 35.207646, -82.384029 35.210542, -82.390439 35.215395, -82.39293 35.215402, -82.395697 35.213214, -82.403348 35.204473, -82.411301 35.202483, -82.417597 35.200131, -82.419744 35.198613, -82.424461 35.193092, -82.428 35.183224, -82.434126 35.170784, -82.435689 35.167715, -82.439595 35.165863, -82.448969 35.165037, -82.451201 35.16526, -82.452931 35.168999, -82.452764 35.172626, -82.4528793873526 35.1736939798014, -82.452987 35.17469, -82.455609 35.177425, -82.460092 35.178143, -82.467991 35.174633, -82.472313 35.174619, -82.476136 35.175486, -82.483937 35.173798, -82.487357 35.172494, -82.490766 35.169715, -82.495506 35.164312, -82.499843 35.163675, -82.506137 35.163894, -82.516044 35.163442, -82.51691 35.163029, -82.517284 35.162643, -82.51921 35.161044, -82.521403 35.158851, -82.52593 35.156749, -82.529973 35.155617, -82.53256 35.155617, -82.534662 35.156911, -82.535967 35.158664, -82.536218 35.159259, -82.540483 35.160306, -82.544525 35.160306, -82.547436 35.160306, -82.550508 35.159498, -82.552934 35.158042, -82.554227 35.156911, -82.554871 35.154639, -82.554874 35.152868, -82.556168 35.151736, -82.558593 35.150928, -82.560807 35.151644, -82.563767 35.151575, -82.566193 35.150119, -82.567486 35.147694, -82.569912 35.145268, -82.5741676484568 35.1436658020327, -82.585585 35.152096, -82.600757 35.207123, -82.603968 35.221791, -82.604016 35.225985, -82.604267 35.25894, -82.608424 35.260347, -82.616119 35.260066, -82.618769 35.288422, -82.623934 35.298154, -82.619248 35.303708, -82.647379 35.328934, -82.666702 35.347458, -82.745139 35.422967, -82.730462 35.43418))",37089,1,1,1,1,EM-3617-NC,DR-4827-NC,119046,35609,4663,29.91,3.92,54212,4933,45.54,4.14,29225,4086,24.55,3.43,No,65.28,41.98,80.08,54.49,31.0,74.99,0.0,0.0,0.0,120771,117387,0,57338,84,50423,624,87.9,1.1,37421,850,74.2,1.5,13002,805,25.8,1.5,81.8,0.4,2212,345,4.4,0.7,1170,265,2.3,0.5,4575,577,9.1,1.1,9.8,1.1,22278,0,19.0,0.0,30552,156,26.0,0.1,17448,915,15.0,0.8,5778,816,5.2,0.7,39860,116281,49317,1491,965930095.0,34.3,3.0,311.79,1,63765,4327,12460,2364,10.6,2.0,117960,2.9,1698,58028,3.1,1776,58122,2.9,1685,58718,2.5,1463,58684,2.8,1670,59061,3.1,1826,59058,3.1,1866,59425,3.2,1875,58692,2.6,1528,58728,4.9,2857,58593,4.0,2339,58086,3.4,1957,57629,4.0,2320,57931,3.7,2125,57636,3.5,2003,57816,3.1,1809,57986,3.3,1901,57812,3.4,1985,57994,-1,1,-1,-1,0,1,1,0,0,-1,-1,-1,1,1,-1,131460,69102,2024-09-28 11:45:00+00:00,2024-09-28 11:45:00+00:00,100.0,34,34,18.1,DR-4827-NC,Tropical Storm,4827.0,NC,15857,0,105,28902,25955,18171,24642,19893,3544,19847,5151,96,20224,3326,14354,96,57.3,7.0,39.4,70.0,93.8,72.3,100.0
"Iredell County, North Carolina","POLYGON ((-81.109507 35.776594, -81.078943 35.802775, -81.041339 35.857855, -81.0299 35.889968, -81.029848 35.890124, -81.005541 35.958287, -81.005327 35.962342, -81.0034 35.996737, -81.028833 36.045652, -80.975675 36.05881, -80.881591 36.055718, -80.834088 36.05465, -80.833786 36.054643, -80.82286 36.05439, -80.80327 36.053926, -80.753924 36.052744, -80.753605 36.052736, -80.693197 36.05126, -80.699777 35.962172, -80.707629 35.855593, -80.707824 35.852961, -80.718033 35.824052, -80.718491 35.822757, -80.718744 35.821939, -80.722928 35.810176, -80.744691 35.748502, -80.75171 35.728587, -80.761813 35.69992, -80.771582 35.672163, -80.764954 35.64551, -80.75546 35.607284, -80.751045 35.589497, -80.750811 35.588554, -80.736327 35.514836, -80.737249 35.505801, -80.784167 35.506017, -80.796164 35.506936, -80.801125 35.507318, -80.865874 35.511928, -80.906723 35.514785, -80.908723 35.513489, -80.947344 35.488473, -80.961292 35.497049, -80.963521 35.505961, -80.95587 35.532315, -80.940838 35.531499, -80.957841 35.543947, -80.960025 35.54702, -80.959909 35.547956, -80.951961 35.580476, -80.933638 35.590933, -80.943524 35.604931, -80.925213 35.620258, -80.928566 35.623929, -80.951241 35.641413, -80.966305 35.670313, -81.003189 35.709166, -81.009836 35.711378, -81.017733 35.712728, -81.038462 35.707549, -81.061751 35.710876, -81.065574 35.718338, -81.067092 35.7368, -81.074714 35.743087, -81.090265 35.766643, -81.109507 35.776594))",37097,1,1,1,1,EM-3617-NC,DR-4827-NC,199337,81602,7044,40.94,3.53,84178,7180,42.23,3.6,33557,5501,16.83,2.76,No,11.88,5.92,31.77,7.0,2.0,22.0,0.0,0.0,0.0,206361,191800,0,81785,142,73913,648,90.4,0.8,52829,987,71.5,1.1,21084,839,28.5,1.1,63.8,0.1,2518,382,3.4,0.5,1187,254,1.6,0.3,5521,576,7.5,0.8,8.3,0.8,43148,0,22.5,0.0,31545,26,16.4,0.1,22252,1222,11.7,0.6,7200,870,4.0,0.5,59478,186693,72706,2985,1487784939.0,31.9,4.1,325.0,1,84335,5343,18197,3125,9.2,1.6,197698,3.4,3538,102687,3.4,3534,102698,3.2,3355,103542,2.9,2943,103254,3.2,3312,103738,3.6,3727,104181,3.8,4015,105085,3.7,3797,103401,3.0,3138,103823,3.1,3220,103426,3.3,3407,103048,3.1,3135,102625,3.6,3694,103599,3.4,3498,103331,3.4,3517,104151,3.1,3273,104086,3.4,3498,103794,3.7,3841,104849,0,1,-1,1,0,-1,0,-1,-1,-1,-1,1,-1,-1,-1,16509,125086,2024-09-27 16:45:00+00:00,2024-09-27 16:45:00+00:00,13.2,34,34,6.2,DR-4827-NC,Tropical Storm,4827.0,NC,270,0,2,1035,931,830,868,419,116,413,167,0,412,82,180,0,1.4,0.2,0.6,39.8,70.7,43.6,0.0
"Jackson County, North Carolina","POLYGON ((-83.360984 35.431117, -83.359138 35.439447, -83.351726 35.468092, -83.335629 35.474709, -83.318342 35.465262, -83.281518 35.499009, -83.236355 35.524465, -83.216248 35.526005, -83.186322 35.514368, -83.163476 35.50895, -83.16139 35.496494, -83.1382 35.490788, -83.1377 35.464369, -83.122086 35.465465, -83.109149 35.464116, -83.079473 35.447565, -83.078569 35.434039, -83.053691 35.424236, -83.043724 35.394395, -83.027923 35.383143, -83.000582 35.374728, -82.990358 35.367616, -82.96469 35.33292, -82.964725 35.315289, -82.927321 35.302802, -82.920881 35.292037, -82.919241 35.271121, -82.92864 35.234565, -82.959866 35.215168, -82.97206 35.192407, -82.987353 35.187194, -82.981211 35.16764, -82.996627 35.163578, -82.980903 35.148351, -82.983873 35.131295, -82.999348 35.116521, -83.044942 35.077127, -83.056889 35.053827, -83.0086662684035 35.027579743047, -83.0191632184336 35.0247521819757, -83.1083960238887 35.0007155612179, -83.14814 35.053625, -83.172153 35.069007, -83.143257 35.077927, -83.147097 35.0917, -83.177556 35.1089, -83.187077 35.133994, -83.209898 35.154262, -83.223796 35.157386, -83.223565 35.17149, -83.216612 35.222725, -83.224672 35.238726, -83.242866 35.239082, -83.245214 35.231466, -83.280227 35.228574, -83.298476 35.255761, -83.310973 35.259712, -83.321356 35.31227, -83.339609 35.330993, -83.33144 35.353733, -83.341143 35.397378, -83.360704 35.411813, -83.360984 35.431117))",37099,1,1,1,1,EM-3617-NC,DR-4827-NC,40330,10176,1967,25.23,4.88,18253,2108,45.26,5.23,11901,1811,29.51,4.49,No,87.46,66.63,94.23,82.99,56.99,93.99,0.0,0.0,0.0,45281,43089,0,27385,35,18164,640,66.3,2.3,11370,486,62.6,2.5,6794,578,37.4,2.5,59.0,1.6,797,225,4.4,1.2,342,153,1.9,0.8,1894,357,10.4,1.9,11.1,2.0,7186,176,16.7,0.4,8799,217,20.4,0.5,5498,509,12.8,1.2,1358,401,3.3,1.0,28739,43109,16876,518,1271968586.0,66.7,3.1,87.78,2,55462,5791,6787,1309,17.0,3.3,40039,3.7,713,19452,3.6,718,20075,3.9,789,20359,3.1,636,20356,3.5,714,20529,3.9,811,20704,4.2,861,20588,3.8,760,20187,3.0,611,20553,3.3,677,20413,3.5,723,20433,3.4,706,20756,4.2,830,19845,3.5,724,20703,3.9,818,21051,3.3,695,21069,3.4,725,21077,3.7,770,20951,-1,0,0,-1,0,1,-1,0,0,0,0,-1,1,0,-1,22087,30036,2024-09-28 11:45:00+00:00,2024-09-28 11:45:00+00:00,73.5,34,34,10.6,DR-4827-NC,Tropical Storm,4827.0,NC,858,0,2,1876,1392,1073,1275,642,153,637,232,1,1051,141,427,1,10.3,0.8,3.5,56.0,92.2,67.0,100.0
"Lee County, North Carolina","POLYGON ((-79.33592 35.497754, -79.350073 35.518002, -79.348357 35.51985, -79.321927 35.524638, -79.311234 35.532733, -79.323046 35.544419, -79.285175 35.555148, -79.291759 35.543349, -79.275541 35.531779, -79.262705 35.535728, -79.245199 35.552961, -79.244663 35.569116, -79.21874 35.565675, -79.225634 35.551745, -79.199886 35.558558, -79.201864 35.57414, -79.194195 35.578398, -79.157532 35.603984, -79.148496 35.618749, -79.118771 35.628323, -79.09416 35.619683, -79.05249 35.596075, -79.045615 35.568383, -79.024001 35.548377, -78.995638 35.542119, -78.96964 35.521669, -78.969816 35.521498, -79.052729 35.438531, -79.076418 35.414787, -79.076636 35.414568, -79.088932 35.402235, -79.108798 35.382298, -79.183556 35.307161, -79.221976 35.324337, -79.238984 35.334309, -79.27332 35.352286, -79.28044 35.381491, -79.289561 35.400439, -79.329384 35.423404, -79.326686 35.434896, -79.359898 35.477543, -79.33592 35.497754))",37105,1,1,1,1,EM-3617-NC,DR-4827-NC,66630,20154,3163,30.25,4.75,29506,3345,44.28,5.02,16970,2749,25.47,4.13,No,71.05,43.44,85.49,61.99,33.0,81.99,0.0,0.0,0.0,68537,64565,0,26854,38,24659,389,91.8,1.4,16263,586,66.0,2.3,8396,586,34.0,2.3,68.8,0.4,1187,272,4.8,1.1,438,152,1.8,0.6,3943,499,16.0,2.0,16.4,2.0,15422,0,23.9,0.0,10897,81,16.9,0.1,11259,980,17.7,1.5,5006,641,8.3,1.1,26644,63285,24575,1162,660633151.0,42.1,4.7,248.11,1,62680,5450,9690,1689,14.7,2.6,65992,3.9,1172,30243,3.8,1160,30412,3.6,1105,30726,3.1,932,30530,3.4,1024,30537,3.7,1140,30783,3.9,1197,30743,3.9,1176,30467,3.2,994,30913,3.3,1007,30883,3.6,1099,30790,3.2,995,30765,3.7,1154,30952,3.5,1072,31006,3.5,1109,31273,3.4,1047,31202,3.5,1105,31190,3.9,1208,31326,1,0,0,0,0,1,1,0,-1,1,1,1,0,1,0,2145,53366,2024-09-27 16:00:00+00:00,2024-09-27 16:00:00+00:00,4.0,34,34,3.7,DR-4827-NC,Tropical Storm,4827.0,NC,25,0,0,88,63,52,59,30,10,29,14,0,38,7,16,0,0.4,0.0,0.1,43.2,70.0,55.2,0.0
"Lincoln County, North Carolina","POLYGON ((-81.535403 35.568137, -81.342526 35.561458, -81.333745 35.561109, -81.292534 35.559276, -81.200068 35.555452, -81.184381 35.555071, -81.082918 35.551415, -81.058488 35.550507, -81.015562 35.548639, -80.960025 35.54702, -80.957841 35.543947, -80.940838 35.531499, -80.95587 35.532315, -80.963521 35.505961, -80.961292 35.497049, -80.947344 35.488473, -80.94628 35.485986, -80.950452 35.473088, -80.943007 35.458984, -80.949015 35.448475, -80.958691 35.432634, -80.956518 35.427503, -80.958717 35.411501, -80.95486 35.400078, -81.011385 35.403599, -81.030675 35.404402, -81.054614 35.405248, -81.070224 35.405795, -81.122555 35.407631, -81.122804 35.407639, -81.162383 35.40903, -81.184647 35.409806, -81.20297 35.410454, -81.233543 35.410905, -81.240916 35.411909, -81.31861 35.414961, -81.343502 35.415888, -81.409853 35.41822, -81.4556 35.419811, -81.458803 35.423681, -81.475464 35.460167, -81.513004 35.523317, -81.509455 35.536266, -81.515421 35.558297, -81.537599 35.564228, -81.535403 35.568137))",37109,1,1,1,1,EM-3617-NC,DR-4827-NC,95433,34531,3902,36.18,4.09,41155,4074,43.12,4.27,19747,3340,20.69,3.5,No,37.4,17.43,61.79,25.5,10.0,51.99,0.0,0.0,0.0,97611,90359,0,38589,78,35681,468,92.5,1.2,27998,798,78.5,2.0,7683,717,21.5,2.0,66.0,0.4,1252,287,3.5,0.8,507,169,1.4,0.5,3752,562,10.5,1.6,10.8,1.6,18769,0,20.8,0.0,17168,120,19.0,0.1,13579,982,15.1,1.1,2419,490,2.8,0.6,64013,86810,34306,1404,766251553.0,73.7,4.1,293.42,2,79109,6465,10126,1822,10.7,1.9,94702,3.4,1614,47602,3.4,1628,47593,3.2,1537,47956,2.8,1356,47834,3.1,1481,47992,3.5,1669,48155,3.6,1766,48564,3.6,1740,47838,3.0,1424,48065,3.1,1487,47972,3.3,1581,47801,3.0,1430,47620,3.5,1677,48060,3.1,1501,47867,3.2,1546,48221,3.0,1420,48123,3.2,1551,48043,3.5,1684,48445,1,1,-1,0,0,0,1,-1,-1,0,-1,-1,1,1,-1,23646,70589,2024-09-27 19:45:00+00:00,2024-09-27 19:45:00+00:00,33.5,34,34,7.4,DR-4827-NC,Tropical Storm,4827.0,NC,1158,0,2,2631,1720,1408,1512,704,90,702,159,1,1199,72,367,1,7.4,0.3,2.0,45.6,80.0,52.3,100.0
"Macon County, North Carolina","POLYGON ((-83.731535 35.178579, -83.711338 35.195659, -83.728359 35.199892, -83.696783 35.225385, -83.691664 35.242762, -83.702772 35.24852, -83.694658 35.257553, -83.684581 35.273274, -83.680114 35.2795, -83.672815 35.282796, -83.497917 35.299301, -83.492781 35.303457, -83.47136 35.297403, -83.432454 35.325183, -83.410749 35.316557, -83.399564 35.32777, -83.364228 35.325993, -83.339609 35.330993, -83.321356 35.31227, -83.310973 35.259712, -83.298476 35.255761, -83.280227 35.228574, -83.245214 35.231466, -83.242866 35.239082, -83.224672 35.238726, -83.216612 35.222725, -83.223565 35.17149, -83.223796 35.157386, -83.209898 35.154262, -83.187077 35.133994, -83.177556 35.1089, -83.147097 35.0917, -83.143257 35.077927, -83.172153 35.069007, -83.14814 35.053625, -83.1083960238887 35.0007155612179, -83.108606 35.000659, -83.19041 34.999456, -83.2968581242502 34.9965751980759, -83.322768 34.995874, -83.3371106576176 34.9956599484316, -83.3817917572378 34.9949931222614, -83.3818328432647 34.9949925090885, -83.4829517221393 34.9934833986299, -83.4829524283476 34.9934833880904, -83.510597 35.005157, -83.520764 34.996612, -83.52125 35.018246, -83.542994 35.038374, -83.557359 35.038636, -83.562232 35.059424, -83.581847 35.078075, -83.586617 35.091582, -83.617909 35.10596, -83.61906 35.128382, -83.635712 35.12158, -83.641774 35.139233, -83.659824 35.160304, -83.666221 35.150041, -83.684356 35.157766, -83.699199 35.15263, -83.714442 35.155283, -83.726824 35.145269, -83.738129 35.15595, -83.731535 35.178579))",37113,1,1,1,1,EM-3617-NC,DR-4827-NC,38313,10540,1862,27.51,4.86,17880,2032,46.67,5.3,9893,1784,25.82,4.66,No,72.56,42.36,87.84,63.99,32.0,84.99,0.0,0.0,0.0,38717,37533,0,27070,32,18090,659,66.8,2.4,13811,647,76.3,2.7,4279,525,23.7,2.7,88.4,1.7,837,278,4.6,1.5,369,204,2.0,1.1,1708,399,9.4,2.1,10.5,2.2,6777,100,18.1,0.3,10832,170,28.9,0.5,6008,585,16.1,1.6,1349,287,3.8,0.8,27656,37014,16379,484,1335304967.0,74.7,3.0,71.79,2,58765,5503,5155,1098,13.5,2.9,38072,3.6,582,16269,3.7,607,16324,3.4,556,16587,2.8,463,16527,3.2,547,16921,3.6,606,16833,3.7,623,16987,3.7,628,17055,2.9,492,16974,3.2,536,16896,3.4,568,16697,3.0,503,16531,4.0,659,16497,3.7,601,16352,3.6,591,16570,3.2,535,16669,3.5,585,16808,3.7,627,16866,-1,1,-1,-1,0,1,1,0,0,-1,-1,-1,1,1,-1,11221,30652,2024-09-27 16:15:00+00:00,2024-09-27 16:15:00+00:00,36.6,34,34,9.2,DR-4827-NC,Tropical Storm,4827.0,NC,467,0,1,1116,823,655,715,334,94,331,143,1,699,88,235,1,6.2,0.5,1.8,62.6,93.6,71.0,100.0
"Madison County, North Carolina","POLYGON ((-82.962206 35.792755, -82.962842 35.795126, -82.961724 35.800491, -82.95895 35.803323, -82.956127 35.807874, -82.955751 35.809802, -82.952026 35.816183, -82.945515 35.824662, -82.94383 35.825638, -82.937437 35.82732, -82.933221 35.832915, -82.931859 35.836351, -82.927569 35.838586, -82.923358 35.839273, -82.920171 35.841664, -82.919108 35.844851, -82.920974 35.851073, -82.919374 35.860523, -82.918312 35.863977, -82.916452 35.866102, -82.901301 35.872593, -82.899718 35.874602, -82.899186 35.877524, -82.899718 35.879914, -82.901046 35.882305, -82.903968 35.885492, -82.903702 35.887617, -82.901843 35.890274, -82.901843 35.89293, -82.904543 35.897011, -82.906917 35.907397, -82.911671 35.914711, -82.911936 35.921618, -82.911405 35.925868, -82.910608 35.92693, -82.906358 35.927196, -82.903436 35.928524, -82.902374 35.929852, -82.901577 35.931446, -82.901713 35.937713, -82.898505 35.945101, -82.8984628586303 35.9450880979247, -82.896947 35.944624, -82.892659 35.945182, -82.883933 35.949192, -82.874159 35.952698, -82.870666 35.95199, -82.869315 35.950565, -82.860724 35.94743, -82.852554 35.949089, -82.849849 35.947772, -82.841259 35.941721, -82.839994 35.940166, -82.833268 35.934993, -82.830112 35.932972, -82.828933 35.932932, -82.826045 35.929721, -82.82257 35.922531, -82.821861 35.921839, -82.81613 35.923986, -82.811067 35.926801, -82.809038 35.927241, -82.804997 35.927168, -82.802892 35.929013, -82.802769 35.930129, -82.805771 35.935316, -82.806174 35.936908, -82.805851 35.937938, -82.800431 35.944155, -82.7876265911168 35.9520631988537, -82.787465 35.952163, -82.785191 35.959231, -82.785356 35.96253, -82.784536 35.963905, -82.783085 35.964982, -82.777751 35.966912, -82.774905 35.971978, -82.776434 35.973886, -82.778625 35.974792, -82.780319 35.974365, -82.781809 35.974562, -82.785558 35.977795, -82.7852918582795 35.98706148767, -82.785267 35.987927, -82.779397 35.992511, -82.778589 35.997001, -82.777283 35.998811, -82.776001 36.000103, -82.765365 36.003003, -82.759165 36.004203, -82.754465 36.004304, -82.750065 36.006004, -82.731865 36.017604, -82.727865 36.018504, -82.725065 36.018204, -82.715965 36.022804, -82.715365 36.024253, -82.715565 36.026904, -82.715165 36.028604, -82.707465 36.030104, -82.703165 36.032404, -82.701065 36.034404, -82.688865 36.038604, -82.685565 36.042004, -82.684765 36.045004, -82.683565 36.046104, -82.672965 36.050405, -82.668365 36.052905, -82.662665 36.055005, -82.657249 36.056636, -82.654815 36.056225, -82.650165 36.057805, -82.643565 36.062805, -82.637165 36.065805, -82.632265 36.065705, -82.628365 36.062105, -82.618664 36.056105, -82.617264 36.054205, -82.618064 36.051205, -82.618164 36.047005, -82.613563 36.046406, -82.609663 36.044906, -82.606163 36.041006, -82.602877 36.039833, -82.600741 36.037422, -82.598785 36.034162, -82.596177 36.03188, -82.594873 36.029598, -82.595525 36.026012, -82.600089 36.021774, -82.604327 36.018187, -82.611862 36.006206, -82.613862 36.004706, -82.614362 36.003506, -82.615062 36.000306, -82.613028 35.994, -82.612604 35.993488, -82.606944 35.99217, -82.604239 35.987319, -82.60674 35.984446, -82.610885 35.974442, -82.611602 35.971418, -82.610889 35.967409, -82.607761 35.966023, -82.60037 35.964626, -82.59486 35.965347, -82.591977 35.966385, -82.581003 35.965557, -82.577719 35.964196, -82.576678 35.959255, -82.57517 35.958384, -82.567503 35.955552, -82.557874 35.953901, -82.553192 35.960627, -82.549682 35.964275, -82.542463 35.967994, -82.539273 35.969115, -82.534763 35.969887, -82.531292 35.972188, -82.522702 35.973436, -82.52066 35.974633, -82.516444 35.975958, -82.512598 35.975664, -82.507068 35.977475, -82.5054541504531 35.9776714603071, -82.496214 35.956644, -82.480322 35.949874, -82.498548 35.930193, -82.493312 35.908311, -82.474775 35.909245, -82.448661 35.896852, -82.417552 35.859363, -82.419636 35.843335, -82.408602 35.818178, -82.41788 35.813359, -82.431728 35.811933, -82.435335 35.80859, -82.463828 35.809616, -82.476099 35.798319, -82.512213 35.803321, -82.528205 35.79766, -82.538663 35.79163, -82.54488 35.789529, -82.579913 35.774785, -82.615259 35.759826, -82.666198 35.738348, -82.669244 35.72609, -82.712347 35.732889, -82.713764 35.717824, -82.730975 35.722403, -82.754039 35.703521, -82.794782 35.695805, -82.807056 35.685874, -82.846884 35.701392, -82.85408 35.699452, -82.883909 35.678235, -82.901071 35.684929, -82.898614 35.703736, -82.910409 35.716184, -82.91765 35.744808, -82.947879 35.738945, -82.957072 35.7467, -82.950078 35.766359, -82.9628979027128 35.7917347927587, -82.962206 35.792755))",37115,1,1,1,1,EM-3617-NC,DR-4827-NC,21293,8315,1157,39.05,5.43,8509,1216,39.96,5.71,4469,1029,20.99,4.83,No,39.45,12.59,70.57,30.0,6.0,61.99,0.0,0.0,0.0,22352,21640,0,11201,27,8399,306,75.0,2.7,6546,350,77.9,3.7,1853,338,22.1,3.7,68.5,1.1,308,114,3.7,1.3,143,67,1.7,0.8,1010,236,12.0,2.7,13.0,2.7,3794,87,17.5,0.4,5005,81,23.1,0.4,3989,419,18.6,2.0,121,88,0.6,0.4,21193,21193,8920,255,1164498324.0,100.0,2.9,47.14,3,59505,5596,2896,657,13.8,3.1,21060,3.0,323,10740,3.0,322,10748,2.9,312,10872,2.5,269,10852,2.8,307,10924,3.1,343,10921,3.3,359,10979,3.1,339,10828,2.8,305,10861,8.1,913,11212,6.3,698,10999,5.6,610,10905,6.3,696,10986,5.8,638,10916,5.1,556,10893,4.4,482,10874,4.4,479,10823,4.5,492,10850,-1,1,-1,0,0,0,1,-1,-1,0,0,-1,1,1,-1,15310,5801,2024-09-28 00:00:00+00:00,2024-09-28 00:00:00+00:00,100.0,34,34,10.1,DR-4827-NC,Tropical Storm,4827.0,NC,2283,0,22,4205,3512,2050,3357,2520,246,2519,379,16,2750,217,1678,16,50.1,2.9,30.0,65.4,88.2,66.6,100.0
"Mcdowell County, North Carolina","POLYGON ((-82.294907 35.683856, -82.275399 35.704438, -82.257842 35.698852, -82.242765 35.712448, -82.193402 35.735314, -82.164594 35.770664, -82.167639 35.789566, -82.133484 35.823309, -82.120579 35.825012, -82.099405 35.851671, -82.073713 35.848305, -82.036555 35.85936, -82.028455 35.879449, -82.025791 35.880757, -82.025229 35.882417, -82.02166 35.885131, -82.015974 35.8854, -82.013239 35.885095, -81.999206 35.874127, -81.980196 35.892191, -81.979036 35.901447, -81.981954 35.911361, -81.954602 35.926649, -81.962987 35.941783, -81.943188 35.96005, -81.914891 35.916438, -81.906652 35.883376, -81.924985 35.84307, -81.939707 35.837712, -81.957877 35.819315, -81.972775 35.821311, -81.986885 35.807066, -81.924408 35.7618, -81.891451 35.735962, -81.869388 35.719624, -81.861444 35.694035, -81.849801 35.656488, -81.829492 35.592119, -81.824122 35.574983, -81.828376 35.573918, -81.83323 35.55926, -81.842468 35.542263, -81.856654 35.542187, -81.904954 35.541917, -81.969849 35.526991, -81.971893 35.527967, -82.002783 35.551847, -82.039843 35.532704, -82.095766 35.531666, -82.155032 35.520397, -82.169049 35.527811, -82.219981 35.553141, -82.251251 35.559943, -82.286044 35.587273, -82.264524 35.617482, -82.269608 35.621326, -82.286277 35.650502, -82.280364 35.667701, -82.285159 35.677471, -82.294907 35.683856))",37111,1,1,1,1,EM-3617-NC,DR-4827-NC,44033,12775,2064,29.01,4.69,20507,2175,46.57,4.94,10751,1828,24.42,4.15,No,64.62,36.1,82.15,52.49,26.0,76.99,0.0,0.0,0.0,45269,44679,0,21475,78,18445,450,85.9,2.1,13657,556,74.0,2.9,4788,579,26.0,2.9,67.9,0.8,1295,331,7.0,1.8,258,132,1.4,0.7,3383,487,18.3,2.5,18.7,2.5,8818,45,19.7,0.1,9257,104,20.7,0.2,7536,651,17.3,1.5,1076,281,2.5,0.7,32547,44578,18058,728,1139476684.0,73.0,4.0,101.32,2,53697,5296,6575,1339,15.1,3.1,43667,3.5,655,18925,3.6,681,19003,3.3,644,19254,3.0,564,19084,3.4,657,19131,3.7,723,19354,3.9,732,18798,3.8,717,18772,3.1,584,18970,6.6,1278,19417,5.6,1073,19114,4.7,893,18824,5.3,1000,19006,4.8,916,18906,4.4,828,19016,4.1,773,18986,4.1,767,18828,4.5,838,18771,-1,1,-1,-1,0,0,1,1,-1,1,1,-1,1,1,-1,43021,34861,2024-09-29 15:15:00+00:00,2024-09-29 15:15:00+00:00,100.0,34,34,16.5,DR-4827-NC,Tropical Storm,4827.0,NC,6582,0,104,11675,10257,7077,9736,7405,1240,7387,1824,47,8176,1168,5456,47,63.3,6.7,40.0,70.0,94.2,73.9,100.0
"Mecklenburg County, North Carolina","POLYGON ((-81.058029 35.07319, -81.057236 35.086129, -81.056712681901 35.0871584898703, -81.052078 35.096276, -81.050079 35.098817, -81.046524 35.100617, -81.0401844043794 35.101949319167, -81.0401702459805 35.1019522946732, -81.037369 35.102541, -81.034958 35.104105, -81.032806 35.108049, -81.032471 35.110033, -81.033005 35.113747, -81.036759 35.122552, -81.038968 35.126299, -81.05042 35.131048, -81.051037 35.131654, -81.051204 35.133237, -81.047826 35.143743, -81.047091 35.145157, -81.044391 35.147918, -81.043407 35.14839, -81.04287 35.149248, -81.031371 35.148443, -81.017112 35.154318, -81.00951 35.153126, -81.007188 35.164653, -81.003015 35.174106, -81.006295 35.210285, -81.007275 35.211732, -81.013943 35.225777, -81.008234 35.248473, -81.013825 35.257685, -81.014896 35.26979, -81.01103 35.278244, -81.008727 35.281752, -81.004204 35.296714, -81.00407 35.297291, -81.003854 35.297929, -81.001161 35.304928, -80.983622 35.324811, -80.984894 35.340059, -80.97267 35.350257, -80.962141 35.347046, -80.939086 35.353673, -80.923042 35.359917, -80.962896 35.375107, -80.97327 35.36419, -80.986891 35.378146, -80.95486 35.400078, -80.958717 35.411501, -80.956518 35.427503, -80.958691 35.432634, -80.949015 35.448475, -80.943007 35.458984, -80.950452 35.473088, -80.94628 35.485986, -80.947344 35.488473, -80.908723 35.513489, -80.906723 35.514785, -80.865874 35.511928, -80.801125 35.507318, -80.796164 35.506936, -80.784167 35.506017, -80.787091 35.494916, -80.764909 35.440968, -80.759885 35.430309, -80.756739 35.423657, -80.752365 35.414471, -80.763549 35.412099, -80.764295 35.400203, -80.755309 35.394823, -80.748131 35.385094, -80.74441 35.380667, -80.719672 35.362792, -80.708878 35.35535, -80.693772 35.346794, -80.693654 35.346734, -80.689562 35.335665, -80.683017 35.315647, -80.678117 35.301195, -80.672489 35.284568, -80.666095 35.267747, -80.651447 35.260427, -80.627934 35.248669, -80.599535 35.234007, -80.550349 35.208412, -80.579387 35.185016, -80.628302 35.145725, -80.636181 35.139382, -80.654172 35.125048, -80.676887 35.106986, -80.681398 35.103409, -80.690942 35.095726, -80.698585 35.089569, -80.705195 35.084402, -80.728414 35.06635, -80.741806 35.055916, -80.767555 35.036286, -80.773162 35.032949, -80.804506 35.027749, -80.808696 35.023233, -80.82232 35.016139, -80.828051 35.010383, -80.840366453868 35.0016161140946, -80.8514395471785 35.0145230950461, -80.8515067423286 35.0146014188259, -80.8643778038261 35.0296041412735, -80.8705476598941 35.0367958276893, -80.870549306055 35.0367977464817, -80.8848629313759 35.0534819452132, -80.884887 35.05351, -80.898065104052 35.0676533791896, -80.9062325339665 35.0764190603398, -80.9064451658369 35.0766472671561, -80.906553 35.076763, -80.9201233286038 35.0914080783671, -80.9310643272864 35.1032155878093, -80.93495 35.107409, -80.9576310732334 35.0927929680778, -80.95787 35.092639, -80.9783610397681 35.0808923107514, -80.98416 35.077568, -80.9890357534564 35.0747728764614, -80.9891720831187 35.074694722746, -80.9967330696895 35.0703602354246, -81.0130727491916 35.0609931861679, -81.022691121645 35.0554792610919, -81.041489 35.044703, -81.050018 35.055246, -81.055695 35.060121, -81.057648 35.062433, -81.058029 35.07319))",37119,1,1,1,1,EM-3617-NC,DR-4827-NC,1151829,476080,32248,41.33,2.8,482121,33158,41.86,2.88,193628,25320,16.81,2.2,No,11.75,7.31,28.02,6.0,3.0,18.0,14.72,6.51,28.76,1206285,1130906,0,491721,189,455494,1674,92.6,0.3,252815,2965,55.5,0.6,202679,2972,44.5,0.6,53.3,0.1,13569,906,3.0,0.2,5716,661,1.3,0.1,38786,1445,8.5,0.3,9.1,0.3,260863,0,23.1,0.0,132281,28,11.7,0.1,93265,2988,8.3,0.3,103824,3427,9.8,0.3,9419,1115482,448814,17622,1356149121.0,0.8,3.9,2130.36,1,84796,2157,116447,11462,10.2,1.0,1145365,3.9,25180,652222,4.0,25952,651632,3.7,24163,655160,3.3,21528,654283,3.5,22708,655394,3.9,25430,657896,4.1,27453,666293,4.0,26138,654587,3.3,21871,658745,3.4,22104,656592,3.6,23479,654404,3.4,21923,652420,4.0,26127,658717,3.8,25023,657030,3.7,24305,659302,3.5,22846,658318,3.7,24117,657145,4.0,26599,662607,1,-1,1,1,0,-1,-1,-1,-1,-1,-1,1,-1,-1,1,116836,588615,2024-09-27 15:15:00+00:00,2024-09-27 15:15:00+00:00,19.8,34,34,4.9,DR-4827-NC,Tropical Storm,4827.0,NC,6996,0,5,15680,8610,7197,7688,2931,299,2927,496,6,6684,164,676,6,3.4,0.1,0.6,42.6,54.8,23.1,100.0
"Mitchell County, North Carolina","POLYGON ((-82.409458 36.083409, -82.404458 36.087609, -82.389958 36.096909, -82.380458 36.099309, -82.378758 36.102809, -82.375558 36.105609, -82.371383 36.106388, -82.366566 36.10765, -82.3609852894429 36.1105792059662, -82.360919 36.110614, -82.360357 36.111609, -82.355157 36.115609, -82.349957 36.117109, -82.348422 36.115929, -82.346857 36.115209, -82.336756 36.114909, -82.332289 36.116935, -82.329177 36.117427, -82.325169 36.119363, -82.321448 36.119551, -82.318156 36.12091, -82.308655 36.12651, -82.307255 36.12851, -82.302855 36.13131, -82.297655 36.13351, -82.289455 36.13571, -82.288455 36.13541, -82.280354 36.12881, -82.278654 36.12851, -82.274054 36.12941, -82.270954 36.12761, -82.26875 36.12704, -82.26569 36.127614, -82.263354 36.13011, -82.260353 36.13371, -82.256319 36.133925, -82.253253 36.13371, -82.251853 36.13221, -82.247521 36.130865, -82.244461 36.132777, -82.243353 36.134311, -82.241553 36.137111, -82.237737 36.139189, -82.236415 36.139926, -82.235479 36.140748, -82.234807 36.14172, -82.228288 36.146622, -82.224852 36.150011, -82.223232 36.154772, -82.222052 36.156911, -82.218451 36.157832, -82.213852 36.159112, -82.211251 36.159012, -82.204872 36.157067, -82.201812 36.154963, -82.199251 36.152713, -82.19535 36.150013, -82.19195 36.148813, -82.18785 36.147886, -82.18475 36.145414, -82.18365 36.144414, -82.182549 36.143714, -82.178861 36.143296, -82.17561 36.14387, -82.173849 36.145314, -82.172149 36.146414, -82.169249 36.146614, -82.160883 36.146548, -82.155948 36.148115, -82.1484717152983 36.1494242843584, -82.147948 36.149516, -82.144147 36.144216, -82.140847 36.136216, -82.136547 36.128817, -82.136546 36.123717, -82.137974 36.119576, -82.130646 36.106417, -82.127146 36.104417, -82.115245 36.104618, -82.1104459359574 36.1066635027067, -82.109145 36.107218, -82.105444 36.108119, -82.101644 36.106219, -82.098544 36.105719, -82.085943 36.10602, -82.080944957901 36.1057614805811, -82.071934 36.069874, -82.058271 36.045043, -82.039175 36.007774, -82.059134 35.988346, -82.034104 35.942057, -81.981954 35.911361, -81.979036 35.901447, -81.980196 35.892191, -81.999206 35.874127, -82.013239 35.885095, -82.015974 35.8854, -82.02166 35.885131, -82.025229 35.882417, -82.025791 35.880757, -82.028455 35.879449, -82.036555 35.85936, -82.073713 35.848305, -82.099405 35.851671, -82.120579 35.825012, -82.133484 35.823309, -82.148317 35.822728, -82.140292 35.842615, -82.146189 35.86344, -82.146879 35.901995, -82.14306 35.905176, -82.154804 35.914771, -82.148328 35.932861, -82.169724 35.928617, -82.19774 35.952672, -82.186312 35.960958, -82.198603 36.0158, -82.228772 36.013021, -82.253022 36.008, -82.249455 35.989535, -82.27332 36.002935, -82.26807 36.016625, -82.300787 36.045816, -82.321015 36.026212, -82.323631 36.029188, -82.338201 36.030088, -82.336448 36.052711, -82.351958 36.084519, -82.380081 36.07074, -82.399075 36.081918, -82.4166607727019 36.0727736559322, -82.409458 36.083409))",37121,1,1,1,1,EM-3617-NC,DR-4827-NC,14969,4017,934,26.84,6.24,7318,991,48.89,6.62,3634,844,24.28,5.64,No,63.65,25.57,86.35,50.0,16.0,82.99,0.0,0.0,0.0,15030,14973,0,8673,41,6411,313,73.9,3.6,4973,301,77.6,3.2,1438,227,22.4,3.2,76.5,1.6,354,121,5.5,1.9,129,62,2.0,1.0,903,204,14.1,3.1,14.6,3.0,2678,49,17.9,0.3,3812,55,25.5,0.4,2989,311,20.1,2.1,215,124,1.5,0.9,14903,14903,6612,179,573036227.0,100.0,2.7,67.36,3,56746,6595,2203,490,14.8,3.3,14884,3.2,217,6850,3.3,225,6910,3.1,216,7036,2.7,190,7090,3.0,211,7070,3.3,236,7064,3.6,252,6919,3.3,232,6979,2.7,187,6936,9.6,711,7425,8.4,609,7286,6.5,463,7103,7.3,523,7160,6.6,472,7134,5.4,382,7139,4.7,334,7130,4.5,317,7072,4.6,321,6957,-1,1,-1,-1,0,0,1,0,0,0,0,-1,1,1,-1,11504,8839,2024-10-02 16:30:00+00:00,2024-10-02 16:30:00+00:00,100.0,34,34,11.3,DR-4827-NC,Tropical Storm,4827.0,NC,2667,0,22,4994,4556,3541,4367,3498,1136,3479,1540,22,3883,1116,2824,22,77.9,17.7,54.3,77.8,98.2,81.2,100.0
"Nash County, North Carolina","POLYGON ((-78.255973 35.81812, -78.197522 35.913902, -78.184197 35.935489, -78.182182 35.938758, -78.131228 36.016798, -78.078131 36.095924, -78.006551 36.202633, -77.977663 36.175259, -77.968089 36.194504, -77.950735 36.180658, -77.944004 36.192592, -77.924067 36.188973, -77.923032 36.166897, -77.901139 36.162894, -77.891739 36.149847, -77.887876 36.143966, -77.860523 36.148837, -77.786401 36.142953, -77.753854 36.15121, -77.7528 36.157232, -77.737184 36.153748, -77.721332 36.133795, -77.697956 36.15315, -77.707719 36.113684, -77.732998 36.074763, -77.767681 36.014495, -77.774097 35.99874, -77.777751 35.984635, -77.789654 35.955886, -77.79452 35.944175, -77.797878 35.936208, -77.798795 35.933925, -77.818604 35.886402, -77.828444 35.867208, -77.844737 35.837618, -77.853453 35.843983, -77.873867 35.849731, -77.897358 35.843853, -77.915657 35.83645, -77.987446 35.807355, -77.99073 35.806034, -78.022703 35.79337, -78.048034 35.783692, -78.117223 35.757178, -78.147209 35.745769, -78.163916 35.742065, -78.181972 35.737956, -78.192117 35.730545, -78.215472 35.735837, -78.219769 35.755069, -78.23251 35.751256, -78.248458 35.77479, -78.243876 35.791949, -78.256029 35.817972, -78.255973 35.81812))",37127,1,1,1,1,EM-3617-NC,DR-4827-NC,95622,31617,3779,33.06,3.95,41562,4008,43.46,4.19,22443,3364,23.47,3.52,No,57.9,34.0,75.98,41.0,24.0,68.99,56.84,34.59,77.73,97990,95451,0,43537,56,38123,595,87.6,1.4,24286,720,63.7,1.6,13837,653,36.3,1.6,69.6,0.4,2484,443,6.5,1.2,649,193,1.7,0.5,7233,711,19.0,1.9,19.7,1.9,21089,0,22.1,0.0,18090,147,19.0,0.2,14090,1144,14.9,1.2,1853,427,2.1,0.5,47173,94970,39093,1966,1399742907.0,49.7,5.0,175.73,1,65457,3187,13647,2771,14.4,2.9,94990,4.7,1999,42899,4.8,2070,43035,4.4,1926,43334,4.0,1707,42757,4.3,1836,43129,4.8,2077,43080,5.2,2264,43349,5.1,2176,42735,4.3,1824,42818,4.2,1794,42709,4.5,1910,42639,4.1,1745,42474,4.8,2043,42699,4.6,1953,42620,4.5,1932,42703,4.3,1846,42680,4.6,1977,42567,5.1,2164,42571,-1,0,0,0,0,0,1,1,-1,1,1,0,1,1,-1,80,55612,2024-09-27 18:45:00+00:00,2024-09-27 18:45:00+00:00,0.1,0,0,2.8,DR-4827-NC,Tropical Storm,4827.0,NC,100,0,0,260,141,124,125,49,8,48,12,0,142,6,18,0,0.7,0.0,0.1,54.6,75.0,37.5,0.0
"Polk County, North Carolina","POLYGON ((-82.359152 35.244489, -82.349653 35.244305, -82.348827 35.254519, -82.34685 35.279725, -82.32768 35.308919, -82.310429 35.314708, -82.305285 35.331558, -82.298142 35.33591, -82.280764 35.365942, -82.261463 35.388449, -82.261305 35.393198, -82.239115 35.402557, -82.226817 35.395475, -82.197148 35.402207, -82.195251 35.397967, -82.171133 35.409323, -82.151535 35.407581, -82.108771 35.382183, -82.105634 35.367663, -82.097187 35.36988, -82.077075 35.341973, -82.052387 35.330967, -82.046194 35.320699, -82.040438 35.31718, -82.029517 35.301502, -82.001167 35.283009, -81.995719 35.270615, -81.963869 35.24945, -81.970881 35.211249, -81.9693458232069 35.1872287391339, -82.001422 35.188493, -82.0076715217821 35.1886492830004, -82.039651 35.189449, -82.0484144703242 35.1896681964441, -82.089586 35.190698, -82.1060847260646 35.1915082127587, -82.138947 35.193122, -82.167676 35.193699, -82.1678474676309 35.1937006964073, -82.167872238022 35.1937009414721, -82.176874 35.19379, -82.185513 35.194355, -82.195483 35.194951, -82.2159400144574 35.1960293986111, -82.216217 35.196044, -82.230517 35.196764, -82.230915 35.196784, -82.257515 35.198636, -82.27492 35.200071, -82.282516 35.199858, -82.288453 35.198605, -82.2926823840865 35.1963741699645, -82.295354 35.194965, -82.307166 35.193012, -82.314863 35.191089, -82.315871 35.190678, -82.317871 35.187858, -82.320599418134 35.1863297073821, -82.32335 35.184789, -82.326917 35.185056, -82.330549 35.186767, -82.330779 35.189032, -82.332975 35.190645, -82.333934 35.190661, -82.338013 35.18901, -82.339508 35.18893, -82.340133 35.189188, -82.341194 35.19151, -82.344554 35.193115, -82.350086 35.192858, -82.3536543147338 35.1922225810449, -82.351617 35.219271, -82.359256 35.228325, -82.359152 35.244489))",37149,1,1,1,1,EM-3617-NC,DR-4827-NC,20001,5103,1042,25.51,5.21,9244,1144,46.22,5.72,5654,1022,28.27,5.11,No,83.71,55.82,93.41,77.99,45.0,92.99,0.0,0.0,0.0,20320,19689,0,10949,28,8727,219,79.7,2.0,6689,294,76.6,3.1,2038,288,23.4,3.1,91.0,1.7,303,96,3.5,1.1,224,119,2.6,1.4,788,183,9.0,2.1,9.1,2.1,3066,7,15.6,0.1,6312,87,32.1,0.4,3380,420,17.4,2.2,346,136,1.8,0.7,17669,19328,8538,264,615606325.0,91.4,3.1,81.32,2,59012,6927,2519,527,12.8,2.7,19614,3.1,292,9315,3.3,308,9436,3.1,293,9580,2.7,255,9544,2.9,287,9733,3.3,317,9573,3.5,332,9451,3.4,325,9500,2.7,255,9453,4.3,407,9518,3.9,378,9583,3.5,329,9478,4.0,377,9535,3.7,354,9579,3.6,346,9736,3.3,328,9795,3.5,339,9759,3.6,359,9852,-1,1,-1,-1,0,1,1,-1,0,-1,-1,-1,1,1,-1,17366,18039,2024-09-29 19:15:00+00:00,2024-09-29 19:15:00+00:00,96.3,34,34,14.9,DR-4827-NC,Tropical Storm,4827.0,NC,2190,0,15,4035,3514,2240,3331,2587,348,2581,489,9,2905,334,1901,9,46.2,4.0,29.6,72.0,96.0,73.7,100.0
"Rowan County, North Carolina","POLYGON ((-80.771582 35.672163, -80.761813 35.69992, -80.75171 35.728587, -80.744691 35.748502, -80.722928 35.810176, -80.718744 35.821939, -80.718491 35.822757, -80.718033 35.824052, -80.707824 35.852961, -80.691794 35.863497, -80.664395 35.844784, -80.632024 35.845714, -80.627025 35.838435, -80.609171 35.823083, -80.593153 35.820622, -80.591043 35.81724, -80.580517 35.820088, -80.569644 35.815729, -80.554624 35.800279, -80.546671 35.798218, -80.542972 35.792254, -80.533448 35.791028, -80.534128 35.78626, -80.522517 35.784752, -80.507927 35.774481, -80.50666 35.777701, -80.478299 35.774771, -80.458923 35.742758, -80.45458 35.735193, -80.422899 35.725869, -80.394589 35.724792, -80.391414 35.722319, -80.389581 35.719755, -80.335177 35.720789, -80.325887 35.711941, -80.333317 35.683563, -80.307258 35.665678, -80.288293 35.635337, -80.250211 35.619453, -80.239097 35.609796, -80.231728 35.596532, -80.20886 35.581334, -80.210397 35.555466, -80.183852 35.515777, -80.183264 35.504141, -80.189402 35.503328, -80.295421 35.50292, -80.314343 35.502888, -80.437079 35.502178, -80.544503 35.502888, -80.56241 35.503141, -80.570602 35.503318, -80.609201 35.504748, -80.618518 35.504991, -80.646066 35.505547, -80.674414 35.506465, -80.696089 35.505805, -80.737249 35.505801, -80.736327 35.514836, -80.750811 35.588554, -80.751045 35.589497, -80.75546 35.607284, -80.764954 35.64551, -80.771582 35.672163))",37159,1,1,1,1,EM-3617-NC,DR-4827-NC,148898,54776,5604,36.79,3.76,62945,5790,42.27,3.89,31177,4599,20.94,3.09,No,39.04,21.09,60.97,29.0,12.0,50.99,0.0,0.0,0.0,153384,148487,0,64263,79,57762,637,89.9,1.0,41152,1077,71.2,1.8,16610,1088,28.8,1.8,66.1,0.2,3742,581,6.5,1.0,872,253,1.5,0.4,9388,793,16.3,1.3,16.8,1.4,33100,0,22.3,0.0,26006,89,17.5,0.1,21979,1265,15.0,0.9,6570,762,4.7,0.5,61992,146875,57433,2815,1325062503.0,42.2,4.9,287.08,1,65139,5182,21559,3421,14.6,2.3,147555,3.6,2565,70896,3.6,2575,70885,3.5,2487,71484,3.0,2154,71225,3.4,2401,71526,3.8,2700,71782,3.9,2821,72337,3.8,2711,71199,3.1,2240,71522,3.3,2368,71429,3.4,2445,71113,3.2,2290,70917,3.8,2720,71643,3.5,2506,71409,3.5,2542,71918,3.2,2313,71721,3.5,2519,71610,3.8,2779,72274,0,1,-1,0,0,0,1,1,-1,1,1,1,1,1,-1,13915,90411,2024-09-27 16:30:00+00:00,2024-09-27 16:30:00+00:00,15.4,34,34,4.2,DR-4827-NC,Tropical Storm,4827.0,NC,193,0,0,580,422,381,388,160,47,157,80,0,273,39,74,0,1.0,0.1,0.3,47.1,83.0,47.1,0.0
"Rutherford County, North Carolina","POLYGON ((-82.276844 35.448355, -82.265795 35.467818, -82.251437 35.460685, -82.224336 35.498269, -82.233203 35.519402, -82.178984 35.526601, -82.169049 35.527811, -82.155032 35.520397, -82.095766 35.531666, -82.039843 35.532704, -82.002783 35.551847, -81.971893 35.527967, -81.969849 35.526991, -81.904954 35.541917, -81.856654 35.542187, -81.842468 35.542263, -81.83323 35.55926, -81.828376 35.573918, -81.824122 35.574983, -81.798783 35.579968, -81.794058 35.593239, -81.772182 35.592623, -81.753407 35.613588, -81.721701 35.606308, -81.705653 35.581214, -81.691989 35.580041, -81.69573 35.485909, -81.700971 35.400656, -81.701537 35.386744, -81.702853 35.357304, -81.728506 35.295556, -81.735212 35.27945, -81.740895 35.265679, -81.758536 35.224864, -81.759849 35.22118, -81.7681085961812 35.1803883279178, -81.772351 35.180514, -81.802081 35.181395, -81.8440423916235 35.1829713360022, -81.874433 35.184113, -81.8746867180113 35.1841199007888, -81.925612 35.185505, -81.9693458232069 35.1872287391339, -81.970881 35.211249, -81.963869 35.24945, -81.995719 35.270615, -82.001167 35.283009, -82.029517 35.301502, -82.040438 35.31718, -82.046194 35.320699, -82.052387 35.330967, -82.077075 35.341973, -82.097187 35.36988, -82.105634 35.367663, -82.108771 35.382183, -82.151535 35.407581, -82.171133 35.409323, -82.195251 35.397967, -82.197148 35.402207, -82.226817 35.395475, -82.239115 35.402557, -82.261305 35.393198, -82.270228 35.400549, -82.280529 35.443393, -82.276844 35.448355))",37161,1,1,1,1,EM-3617-NC,DR-4827-NC,65014,20079,2635,30.88,4.05,28600,2789,43.99,4.29,16335,2366,25.13,3.64,No,68.92,44.4,82.82,58.99,33.0,77.99,0.0,0.0,0.0,65587,64850,0,32682,39,26589,473,81.4,1.4,19699,636,74.1,2.2,6890,607,25.9,2.2,73.5,0.5,1624,337,6.1,1.3,471,156,1.8,0.6,5114,508,19.2,2.0,19.9,2.0,13138,0,20.3,0.0,14334,114,22.1,0.2,13687,976,21.4,1.5,1249,275,2.0,0.4,43684,64444,26652,1080,1464475268.0,67.8,4.1,113.97,2,50714,4769,9750,1827,15.2,2.8,64343,4.3,1143,26293,4.3,1142,26310,4.0,1058,26781,3.5,932,26733,3.8,1035,26951,4.5,1211,27212,4.8,1276,26596,4.5,1205,26518,3.8,1011,26647,5.2,1406,26790,5.2,1366,26492,4.7,1229,26225,5.6,1477,26469,4.9,1303,26328,4.8,1262,26502,4.4,1177,26501,4.6,1201,26357,5.1,1364,26646,-1,1,-1,0,0,1,1,0,-1,1,1,-1,1,1,-1,51166,39767,2024-10-01 02:15:00+00:00,2024-10-01 02:15:00+00:00,100.0,34,34,11.9,DR-4827-NC,Tropical Storm,4827.0,NC,7580,0,40,14248,12338,8037,11674,8913,897,8901,1312,25,9264,826,6085,25,53.6,3.4,33.5,65.0,92.1,68.4,100.0
"Stanly County, North Carolina","POLYGON ((-80.506171 35.192447, -80.468253 35.240881, -80.459682 35.253948, -80.433391 35.293912, -80.405362 35.336881, -80.373778 35.384751, -80.32471 35.458797, -80.295421 35.50292, -80.189402 35.503328, -80.183264 35.504141, -80.182559 35.504151, -80.161736 35.475208, -80.139921 35.475055, -80.108495 35.459451, -80.100491 35.429903, -80.093711 35.40203, -80.05978 35.381137, -80.051225 35.371537, -80.066371 35.357145, -80.065873 35.343557, -80.081938 35.321457, -80.080208 35.308638, -80.091424 35.292667, -80.093966 35.287087, -80.098185 35.255173, -80.092006 35.237723, -80.075246 35.226248, -80.061917 35.200676, -80.053064 35.172625, -80.075365 35.143081, -80.107444 35.173664, -80.113926 35.19422, -80.129052 35.187581, -80.136233 35.167486, -80.157837 35.172788, -80.160879 35.1487, -80.178534 35.149964, -80.19492 35.165381, -80.225002 35.156241, -80.2421 35.181573, -80.253109 35.210851, -80.26355 35.208557, -80.276829 35.195722, -80.296702 35.193379, -80.322125 35.173038, -80.357966 35.164892, -80.370975 35.179702, -80.388328 35.165862, -80.396278 35.165489, -80.417782 35.172352, -80.439136 35.16135, -80.468515 35.166649, -80.481141 35.180075, -80.504985 35.184998, -80.506171 35.192447))",37167,1,1,1,1,EM-3617-NC,DR-4827-NC,64580,22939,2571,35.52,3.98,29157,2690,45.15,4.17,12484,2217,19.33,3.43,No,27.45,11.7,52.79,17.0,6.0,42.0,0.0,0.0,0.0,67326,63557,0,28292,76,24436,447,86.4,1.6,17997,645,73.6,2.5,6439,652,26.4,2.5,68.8,0.5,1173,272,4.8,1.1,417,144,1.7,0.6,3757,411,15.4,1.6,15.8,1.7,13803,0,21.7,0.0,12102,110,19.0,0.2,11064,898,17.8,1.4,1612,377,2.7,0.6,45516,62504,24742,1114,1023253139.0,72.8,4.5,158.21,2,65784,6456,7062,1393,11.0,2.2,64081,3.1,1015,33213,3.2,1077,33668,3.0,1021,34085,2.7,912,33528,2.9,991,33921,3.4,1135,33765,3.8,1161,30426,3.5,1111,31412,2.7,921,33667,2.8,960,33838,3.0,1032,34165,2.7,931,34054,3.2,1089,34351,3.0,1025,34427,3.0,1034,34693,2.8,951,34452,3.0,1015,34030,3.2,1107,34087,-1,1,-1,0,0,0,1,0,-1,1,1,-1,1,1,-1,4097,43628,2024-09-27 15:00:00+00:00,2024-09-27 15:00:00+00:00,9.4,34,34,3.1,DR-4827-NC,Tropical Storm,4827.0,NC,51,0,0,166,96,77,86,38,9,38,14,0,86,6,17,0,0.7,0.0,0.2,51.8,66.7,44.7,0.0
"Surry County, North Carolina","POLYGON ((-80.973643 36.453474, -80.92689 36.501258, -80.9016647889236 36.5617484850782, -80.8379544979468 36.5591308803947, -80.837641 36.559118, -80.837089 36.559154, -80.80392 36.560813, -80.773663 36.560307, -80.7450534648508 36.5616558333666, -80.7450526069525 36.5616558738133, -80.730351 36.562349, -80.704831 36.562319, -80.6960472824307 36.5617904277412, -80.6533824177394 36.5592230109583, -80.653349 36.559221, -80.6329592503052 36.5586405978256, -80.624788 36.558408, -80.6120580996221 36.5578718895589, -80.5638456739035 36.5558414585226, -80.4804875636461 36.5523308926949, -80.4802648117057 36.5523215116599, -80.4403411541913 36.5506401560323, -80.444674 36.475522, -80.444906 36.472058, -80.447656 36.423057, -80.448305 36.405852, -80.450202 36.328398, -80.451925 36.261515, -80.452656 36.241651, -80.466728 36.25982, -80.482504 36.256125, -80.534177 36.258505, -80.537779 36.280844, -80.548004 36.285419, -80.593253 36.269845, -80.629688 36.287538, -80.628505 36.273033, -80.642986 36.272649, -80.648721 36.255983, -80.669783 36.251035, -80.692286 36.266852, -80.733992 36.267528, -80.737283 36.280363, -80.751778 36.263379, -80.769556 36.275119, -80.778697 36.27177, -80.779558 36.255897, -80.797168 36.247959, -80.821 36.250231, -80.868716 36.238714, -80.873205 36.236305, -80.873198 36.236414, -80.868746 36.326447, -80.876752 36.333526, -80.890797 36.339909, -80.905784 36.361099, -80.931386 36.366939, -80.955437 36.384462, -80.967153 36.40202, -80.947182 36.419074, -80.961589 36.436891, -80.973643 36.453474))",37171,1,1,1,1,EM-3617-NC,DR-4827-NC,71307,23139,2769,32.45,3.88,31465,2950,44.13,4.14,16703,2507,23.42,3.52,No,57.6,33.93,75.91,40.0,23.0,68.99,0.0,0.0,0.0,71547,71407,0,33609,130,29366,394,87.4,1.2,21534,628,73.3,2.1,7832,639,26.7,2.1,71.7,0.8,1925,290,6.6,1.0,809,168,2.8,0.6,5412,546,18.4,1.9,19.2,1.9,15101,21,21.1,0.1,14719,203,20.6,0.3,13086,908,18.6,1.3,2839,454,4.2,0.7,54005,71359,29659,1019,1379541809.0,75.7,3.4,133.97,2,58211,5587,9804,1685,13.9,2.4,70621,3.3,1083,32814,3.4,1135,32950,3.3,1092,33332,2.9,939,32943,3.2,1050,33116,3.6,1185,32649,3.8,1222,32280,3.7,1194,32460,3.0,967,32556,3.1,1014,32621,3.3,1081,32392,3.0,973,32217,3.6,1158,32585,3.2,1055,32491,3.3,1073,32817,3.1,1000,32758,3.3,1080,32622,3.6,1178,32476,-1,1,-1,0,0,0,1,1,0,1,1,-1,1,1,-1,19967,47914,2024-09-27 21:00:00+00:00,2024-09-27 21:00:00+00:00,41.7,34,34,5.0,DR-4827-NC,Tropical Storm,4827.0,NC,101,0,1,851,238,205,196,86,30,85,43,1,729,29,56,1,2.9,0.1,0.3,85.7,96.7,65.9,100.0
"Swain County, North Carolina","POLYGON ((-83.949389 35.461164, -83.942987 35.465084, -83.942172 35.467254, -83.937015 35.471511, -83.929743 35.47333, -83.924895 35.473884, -83.9208783824189 35.4734944687133, -83.919564 35.473367, -83.916801 35.473612, -83.911773 35.476028, -83.909265 35.479714, -83.90804 35.484397, -83.905612 35.48906, -83.901527 35.491026, -83.900338 35.493095, -83.9002 35.494191, -83.901403 35.495278, -83.901381 35.496553, -83.895669 35.501868, -83.893031 35.502253, -83.892074 35.503089, -83.884262 35.512754, -83.882563 35.517182, -83.880074 35.518745, -83.87263 35.521145, -83.866413 35.52091, -83.859261 35.521851, -83.853898 35.521059, -83.848502 35.519259, -83.840203 35.52156, -83.831895 35.524766, -83.827428 35.524653, -83.82559 35.523829, -83.809798 35.53431, -83.808713 35.536415, -83.802434 35.541588, -83.786802 35.5472, -83.780129 35.550387, -83.773092 35.557465, -83.771736 35.562118, -83.764606 35.561538, -83.759675 35.562492, -83.756917 35.563604, -83.749894 35.561146, -83.735669 35.565455, -83.732947 35.563149, -83.723459 35.561874, -83.720787 35.563347, -83.707199 35.568533, -83.703846 35.568476, -83.702099 35.567634, -83.700663 35.567621, -83.697827 35.568352, -83.684154 35.568848, -83.676268 35.570289, -83.673093 35.568974, -83.666272 35.569389, -83.6630236045826 35.5691430430619, -83.662957 35.569138, -83.660925 35.568207, -83.657933 35.569211, -83.653159 35.568309, -83.645481 35.565825, -83.640498 35.566075, -83.637182 35.567096, -83.635832 35.568169, -83.632358 35.569093, -83.629734 35.567889, -83.615312 35.574026, -83.608889 35.579451, -83.604806 35.57934, -83.601854 35.578228, -83.59427 35.572912, -83.587827 35.566963, -83.58714 35.564017, -83.58559 35.562941, -83.582 35.562684, -83.576345 35.564019, -83.572424 35.565518, -83.56609 35.565993, -83.559264 35.564796, -83.552167 35.564346, -83.540826 35.565702, -83.534169 35.564668, -83.520469 35.565602, -83.517564 35.562871, -83.498335 35.562981, -83.491647 35.566867, -83.485527 35.568204, -83.480617 35.576633, -83.478523 35.579202, -83.479317 35.582764, -83.479082 35.583316, -83.475367 35.584775, -83.472684 35.586552, -83.472668 35.589125, -83.471362 35.590304, -83.462678 35.5926, -83.455722 35.598045, -83.452431 35.602918, -83.447137 35.608664, -83.445802 35.611803, -83.441197 35.611739, -83.432298 35.609941, -83.421576 35.611186, -83.420964 35.611596, -83.42037 35.613467, -83.411852 35.61692, -83.406061 35.620185, -83.403569 35.621313, -83.396626 35.62272, -83.392652 35.625095, -83.388602 35.632352, -83.388722 35.633584, -83.380251 35.634705, -83.377984 35.634496, -83.376785 35.636638, -83.373712 35.638935, -83.372174 35.63931, -83.370369 35.638204, -83.368162 35.638202, -83.366941 35.638728, -83.358209 35.647277, -83.356202 35.650019, -83.355367 35.652338, -83.355537 35.654632, -83.353776 35.657478, -83.35156 35.659858, -83.349255 35.660854, -83.347262 35.660474, -83.337683 35.663074, -83.334965 35.665471, -83.321101 35.662815, -83.317905 35.659015, -83.312757 35.654809, -83.31049 35.654452, -83.302279 35.656064, -83.297154 35.65775, -83.293676 35.661919, -83.291075 35.667131, -83.290682 35.672638, -83.289165 35.674509, -83.281178 35.677802, -83.27548 35.679463, -83.271378 35.681476, -83.269277 35.685403, -83.26539 35.687535, -83.261252 35.689165, -83.258117 35.691924, -83.25561 35.696061, -83.214907 35.692112, -83.207665 35.681599, -83.181977 35.671327, -83.202323 35.650252, -83.175871 35.6275, -83.17598 35.61245, -83.185519 35.598271, -83.182109 35.584537, -83.166964 35.57869, -83.156565 35.552089, -83.173983 35.521681, -83.180288 35.518963, -83.186322 35.514368, -83.216248 35.526005, -83.236355 35.524465, -83.281518 35.499009, -83.318342 35.465262, -83.335629 35.474709, -83.351726 35.468092, -83.359138 35.439447, -83.360984 35.431117, -83.360704 35.411813, -83.341143 35.397378, -83.33144 35.353733, -83.339609 35.330993, -83.364228 35.325993, -83.399564 35.32777, -83.410749 35.316557, -83.432454 35.325183, -83.47136 35.297403, -83.492781 35.303457, -83.497917 35.299301, -83.672815 35.282796, -83.680114 35.2795, -83.695611 35.299614, -83.68474 35.324074, -83.660507 35.335626, -83.620475 35.345491, -83.593092 35.376986, -83.582558 35.410489, -83.585756 35.434832, -83.610814 35.427045, -83.618694 35.436113, -83.643447 35.443196, -83.645014 35.432029, -83.65789 35.432261, -83.731873 35.447195, -83.757233 35.441703, -83.774475 35.443475, -83.803636 35.455093, -83.806711 35.444824, -83.844907 35.453121, -83.864579 35.448312, -83.873794 35.460413, -83.914077 35.465054, -83.927698 35.450647, -83.939419 35.4486, -83.952882 35.460635, -83.949389 35.461164))",37173,1,1,1,1,EM-3617-NC,DR-4827-NC,13802,2911,844,21.09,6.12,6459,933,46.8,6.76,4432,841,32.11,6.09,No,93.68,71.72,97.7,90.99,63.99,98.99,0.0,0.0,0.0,13945,14065,0,8529,25,5837,316,68.4,3.7,4276,327,73.3,3.7,1561,230,26.7,3.7,71.6,2.5,497,168,8.5,2.9,170,99,2.9,1.7,840,172,14.4,2.9,15.1,3.0,3100,107,22.0,0.8,2771,52,19.7,0.4,2325,328,16.8,2.4,105,65,0.8,0.5,14117,14117,5734,270,1366790479.0,100.0,4.7,26.75,3,54357,6658,2125,382,15.6,2.8,13585,4.0,246,6174,4.5,280,6259,3.8,243,6463,3.3,206,6335,3.2,209,6596,3.5,229,6615,3.5,238,6784,3.3,221,6741,2.8,182,6507,3.4,219,6462,3.6,234,6415,3.2,202,6372,4.5,284,6303,4.1,262,6379,3.9,254,6536,3.3,214,6527,3.4,227,6591,3.3,223,6707,-1,1,-1,-1,0,1,1,1,0,0,0,0,1,1,-1,2461,12084,2024-09-27 21:30:00+00:00,2024-09-27 21:30:00+00:00,20.4,34,34,7.7,DR-4827-NC,Tropical Storm,4827.0,NC,192,0,3,553,462,374,428,237,99,234,166,1,339,90,159,1,9.5,1.7,4.0,61.3,90.9,67.9,100.0
"Transylvania County, North Carolina","POLYGON ((-83.044942 35.077127, -82.999348 35.116521, -82.983873 35.131295, -82.980903 35.148351, -82.996627 35.163578, -82.981211 35.16764, -82.987353 35.187194, -82.97206 35.192407, -82.959866 35.215168, -82.92864 35.234565, -82.919241 35.271121, -82.920881 35.292037, -82.883306 35.308807, -82.876429 35.314581, -82.83199 35.318343, -82.805116 35.347966, -82.790776 35.373403, -82.774539 35.393308, -82.74562 35.407345, -82.745139 35.422967, -82.666702 35.347458, -82.647379 35.328934, -82.619248 35.303708, -82.623934 35.298154, -82.618769 35.288422, -82.616119 35.260066, -82.608424 35.260347, -82.604267 35.25894, -82.604016 35.225985, -82.603968 35.221791, -82.600757 35.207123, -82.585585 35.152096, -82.5741676484568 35.1436658020327, -82.578316 35.142104, -82.580687 35.141742, -82.581836 35.142352, -82.586035 35.143142, -82.588158 35.142928, -82.59243 35.139002, -82.59814 35.137729, -82.602358 35.139036, -82.609706 35.139039, -82.612444 35.138234, -82.613866 35.137529, -82.614402 35.136701, -82.617993 35.13527, -82.621185 35.134635, -82.624847 35.130432, -82.626436 35.127903, -82.629031 35.126155, -82.632574 35.125833, -82.634668 35.126317, -82.63821 35.128088, -82.6395103789926 35.1284519252855, -82.642237 35.129215, -82.645296 35.12841, -82.648694 35.12677, -82.651416 35.124867, -82.65351 35.121968, -82.657858 35.119392, -82.662381 35.118123, -82.669614 35.118103, -82.672513 35.119392, -82.673318 35.121002, -82.675089 35.123257, -82.676861 35.12535, -82.680887 35.126155, -82.683625 35.125833, -82.68604 35.124545, -82.686496 35.121822, -82.686738 35.11979, -82.687641 35.119287, -82.688939 35.118103, -82.690549 35.116171, -82.691194 35.114721, -82.691355 35.113272, -82.690711 35.111501, -82.688778 35.108602, -82.688456 35.106347, -82.689634 35.104117, -82.694898 35.098456, -82.698602 35.097168, -82.701017 35.09749, -82.703916 35.097651, -82.707152 35.096542, -82.715297 35.092943, -82.720442 35.093265, -82.723462 35.094341, -82.72701 35.094142, -82.728961 35.091978, -82.729517 35.09059, -82.729683 35.087827, -82.730971 35.086378, -82.735904 35.082701, -82.738379 35.079453, -82.741761 35.078326, -82.746431 35.079131, -82.749491 35.078487, -82.751102 35.075749, -82.751265 35.073463, -82.754162 35.069629, -82.757704 35.068019, -82.7641000172578 35.0681684927111, -82.764464 35.068177, -82.770046 35.065476, -82.777376 35.064143, -82.781973 35.066817, -82.780546 35.069043, -82.779928 35.070435, -82.779928 35.072206, -82.779116 35.073674, -82.7776474400096 35.0764332429076, -82.777407 35.076885, -82.776357 35.081349, -82.778651 35.083575, -82.781062 35.084492, -82.78113 35.084585, -82.783283 35.0856, -82.787867 35.085024, -82.809766 35.078748, -82.897456167665 35.0560320956023, -82.897499 35.056021, -82.8975590881488 35.0560056967985, -82.999867 35.02995, -83.0086662684035 35.027579743047, -83.056889 35.053827, -83.044942 35.077127))",37175,1,1,1,1,EM-3617-NC,DR-4827-NC,33004,9562,1500,28.97,4.54,14856,1639,45.01,4.97,8586,1446,26.02,4.38,No,73.53,45.38,87.65,64.99,35.0,84.99,0.0,0.0,0.0,34103,33243,0,19147,46,14590,482,76.2,2.5,10961,463,75.1,3.0,3629,485,24.9,3.0,87.4,1.0,583,191,4.0,1.3,264,128,1.8,0.9,1526,428,10.5,2.9,11.1,3.0,5260,31,15.8,0.1,10247,86,30.8,0.3,4772,508,14.5,1.5,280,117,0.9,0.4,19927,32986,14385,438,979943598.0,60.4,3.0,87.18,2,62002,5564,4104,785,12.5,2.4,32735,3.5,491,14161,3.6,509,14247,3.3,468,14347,2.9,420,14446,3.2,474,14606,3.6,527,14823,3.6,534,14998,3.6,528,14767,2.9,417,14414,4.2,607,14378,4.0,565,14130,3.4,477,13946,4.1,574,14002,3.7,507,13887,3.7,514,14068,3.4,484,14269,3.6,516,14229,3.6,529,14550,-1,1,-1,-1,0,1,1,0,0,0,0,-1,1,0,-1,21167,27263,2024-09-28 16:30:00+00:00,2024-09-28 16:30:00+00:00,77.6,34,34,16.9,DR-4827-NC,Tropical Storm,4827.0,NC,2455,0,14,4838,4189,2839,3930,3036,540,3021,796,8,3347,517,2155,8,33.2,3.7,20.7,69.2,95.7,71.3,100.0
"Union County, North Carolina","POLYGON ((-80.840366453868 35.0016161140946, -80.828051 35.010383, -80.82232 35.016139, -80.808696 35.023233, -80.804506 35.027749, -80.773162 35.032949, -80.767555 35.036286, -80.741806 35.055916, -80.728414 35.06635, -80.705195 35.084402, -80.698585 35.089569, -80.690942 35.095726, -80.681398 35.103409, -80.676887 35.106986, -80.654172 35.125048, -80.636181 35.139382, -80.628302 35.145725, -80.579387 35.185016, -80.550349 35.208412, -80.528015 35.196961, -80.504985 35.184998, -80.481141 35.180075, -80.468515 35.166649, -80.439136 35.16135, -80.417782 35.172352, -80.396278 35.165489, -80.388328 35.165862, -80.370975 35.179702, -80.357966 35.164892, -80.322125 35.173038, -80.296702 35.193379, -80.276829 35.195722, -80.297285 35.018699, -80.302359 34.974598, -80.309379 34.91355, -80.310201 34.906453, -80.3208073604558 34.814081463212, -80.350068 34.814469, -80.399871 34.815128, -80.417014 34.815508, -80.4171502586367 34.8155189467827, -80.418433 34.815622, -80.419586 34.815581, -80.425902 34.81581, -80.434843 34.815968, -80.448766 34.816332, -80.45166 34.816396, -80.485234 34.816732, -80.491814 34.816798, -80.499788 34.817261, -80.5266355965967 34.8173564673787, -80.561657 34.817481, -80.5617093879227 34.8174816094994, -80.621222 34.818174, -80.625993 34.818239, -80.626077 34.818217, -80.6262899995456 34.8182210240508, -80.644656 34.818568, -80.646601 34.818592, -80.684074 34.818907, -80.692654972263 34.8189792923288, -80.726949 34.8192682100709, -80.771792 34.819646, -80.777712 34.819697, -80.797543 34.819786, -80.796997 34.823874, -80.7963317512036 34.8288510335009, -80.795109 34.837999, -80.786517350476 34.9022920485499, -80.7840958040742 34.9204129693284, -80.782042 34.935782, -80.7882815157383 34.9427096281051, -80.7882846335211 34.9427130897262, -80.806461 34.962894, -80.806784 34.963249, -80.8135539938927 34.9707841461532, -80.8214239517349 34.9795435754083, -80.82156 34.979695, -80.831541835926 34.9913299932712, -80.840366453868 35.0016161140946))",37179,1,1,1,1,EM-3617-NC,DR-4827-NC,254448,112875,8035,44.36,3.16,104447,8133,41.05,3.2,37126,5985,14.59,2.35,No,4.05,2.64,16.32,2.0,1.0,9.0,0.0,0.0,0.0,263386,244975,0,86730,84,82231,626,94.8,0.7,67303,1075,81.8,1.2,14928,1022,18.2,1.2,64.6,0.1,2559,389,3.1,0.5,1290,247,1.6,0.3,6235,636,7.6,0.8,8.5,0.8,63709,18,26.0,0.1,32401,9,13.2,0.1,22541,1100,9.2,0.5,13609,1017,5.9,0.4,65840,238267,80167,4267,1638787125.0,27.6,5.3,376.56,1,98776,4626,21166,3232,8.4,1.3,252997,3.2,4272,132090,3.3,4344,132119,3.3,4362,133410,2.8,3783,133011,3.1,4192,133530,3.5,4700,134023,3.8,5076,135273,3.5,4690,132952,2.9,3906,133640,2.9,3872,133077,3.2,4243,132718,2.9,3897,132232,3.4,4493,133354,3.1,4101,132884,3.3,4372,134075,3.0,3982,133840,3.2,4228,133468,3.5,4649,134707,1,1,-1,1,-1,-1,1,-1,-1,-1,-1,1,-1,-1,-1,25878,172135,2024-09-27 15:45:00+00:00,2024-09-27 15:45:00+00:00,15.0,34,34,2.9,DR-4827-NC,Tropical Storm,4827.0,NC,208,0,0,708,540,430,455,177,28,176,48,0,339,20,75,0,0.9,0.0,0.2,47.9,71.4,42.6,0.0
"Watauga County, North Carolina","POLYGON ((-81.908137 36.302013, -81.897701 36.307446, -81.894569 36.307183, -81.887243 36.309193, -81.879382 36.313767, -81.876182 36.316075, -81.874336 36.31919, -81.863148 36.330209, -81.857333 36.334787, -81.850889 36.3375, -81.845638 36.34036, -81.841268 36.343321, -81.833202 36.347339, -81.822493 36.348819, -81.812904 36.351066, -81.808255 36.354121, -81.800812 36.358073, -81.7963949112567 36.3578944995709, -81.795269 36.357849, -81.791877 36.354797, -81.790181 36.351744, -81.787468 36.348692, -81.784077 36.347674, -81.781318 36.347656, -81.777972 36.346318, -81.768977 36.341042, -81.766102 36.338517, -81.762371 36.338856, -81.760675 36.338178, -81.757962 36.3375, -81.75442 36.337044, -81.747842 36.337356, -81.744461 36.337778, -81.7403376084011 36.3394222055156, -81.739498 36.339757, -81.7349 36.340891, -81.730976 36.341187, -81.725938 36.340364, -81.721015 36.338645, -81.717186 36.336169, -81.713194 36.334108, -81.707438 36.335171, -81.705966 36.338496, -81.705299 36.341852, -81.707785 36.346007, -81.713873 36.34937, -81.718282 36.350388, -81.721334 36.353101, -81.722691 36.354797, -81.723708 36.358527, -81.724047 36.360901, -81.724047 36.364293, -81.726082 36.368893, -81.731178 36.374062, -81.732865 36.376502, -81.732187 36.379894, -81.730737 36.382943, -81.729813 36.388033, -81.730491 36.390407, -81.728138 36.391012, -81.648459 36.354277, -81.638186 36.349606, -81.59462 36.306918, -81.566349 36.272202, -81.552237 36.276387, -81.521685 36.255329, -81.5027 36.250231, -81.492785 36.244801, -81.482039 36.240767, -81.477516 36.24025, -81.465696 36.227098, -81.462071 36.208692, -81.455792 36.200441, -81.500402 36.142512, -81.545488 36.117475, -81.631152 36.118195, -81.674833 36.122619, -81.779932 36.114014, -81.810516 36.111511, -81.812551 36.114837, -81.818042 36.133104, -81.829377 36.169011, -81.84345 36.179481, -81.857147 36.193675, -81.885383 36.189451, -81.888324 36.196607, -81.901353 36.20568, -81.909008 36.216392, -81.911238 36.229502, -81.907742 36.238638, -81.898548 36.245365, -81.903959 36.251149, -81.897097 36.261796, -81.899769 36.280422, -81.9181112586581 36.2871132062802, -81.908137 36.302013))",37189,1,1,1,1,EM-3617-NC,DR-4827-NC,47486,15613,2367,32.88,4.98,20637,2424,43.46,5.1,11236,1869,23.66,3.94,No,59.09,32.66,78.55,45.0,22.0,72.99,0.0,0.0,0.0,54997,54607,0,33028,70,21187,634,64.1,1.9,12962,482,61.2,2.2,8225,597,38.8,2.2,41.1,0.4,445,139,2.1,0.7,265,104,1.3,0.5,1395,296,6.6,1.4,7.3,1.4,6769,26,12.4,0.1,9138,104,16.7,0.2,6446,703,11.9,1.3,1140,361,2.2,0.7,26450,54086,21413,344,809214845.0,48.9,1.6,173.11,1,62045,7340,8796,1217,18.6,2.6,47285,3.1,842,27289,3.0,829,27720,3.6,1000,27958,2.9,812,27526,3.3,923,27717,3.8,1061,27623,4.3,1188,27755,3.5,976,27987,2.8,786,28107,4.1,1159,28198,3.8,1059,27922,3.5,982,28003,3.8,1063,27654,3.1,847,27679,3.7,1038,27821,3.3,905,27784,3.4,938,27704,3.7,1015,27750,-1,-1,1,0,0,0,-1,-1,-1,-1,-1,-1,0,0,-1,25405,34784,2024-09-27 20:15:00+00:00,2024-09-27 20:15:00+00:00,73.0,34,34,9.9,DR-4827-NC,Tropical Storm,4827.0,NC,2624,0,26,7004,6195,4689,5842,4529,1424,4513,2086,44,4403,1332,3043,44,33.1,6.7,21.3,62.9,93.5,67.4,100.0
"Wilkes County, North Carolina","POLYGON ((-81.545488 36.117475, -81.500402 36.142512, -81.455792 36.200441, -81.462071 36.208692, -81.465696 36.227098, -81.477516 36.24025, -81.475227 36.253119, -81.429724 36.266662, -81.415853 36.29223, -81.378643 36.277913, -81.366667 36.285884, -81.361574 36.313403, -81.354301 36.355608, -81.323639 36.376822, -81.266018 36.361106, -81.253552 36.366622, -81.238045 36.370415, -81.189256 36.399351, -81.162956 36.432515, -81.138242 36.412479, -81.128398 36.425899, -81.099022 36.439358, -81.077794 36.417806, -81.044272 36.411063, -81.043865 36.398336, -81.026688 36.373195, -80.98131 36.376492, -80.984196 36.387855, -80.967153 36.40202, -80.955437 36.384462, -80.931386 36.366939, -80.905784 36.361099, -80.890797 36.339909, -80.876752 36.333526, -80.868746 36.326447, -80.873198 36.236414, -80.873205 36.236305, -80.876595 36.160851, -80.878807 36.120025, -80.881591 36.055718, -80.975675 36.05881, -81.028833 36.045652, -81.057543 36.031572, -81.098132 36.028177, -81.10848 36.03714, -81.145832 36.03376, -81.171526 36.025578, -81.184933 36.035003, -81.268597 36.02492, -81.301418 36.004291, -81.328324 35.996583, -81.343523 36.022805, -81.380556 36.042097, -81.396487 36.040885, -81.399101 36.06425, -81.40678 36.068539, -81.424141 36.077801, -81.444964 36.072513, -81.458782 36.091382, -81.508413 36.096977, -81.545488 36.117475))",37193,1,1,1,1,EM-3617-NC,DR-4827-NC,65523,19780,2732,30.19,4.17,27313,2900,41.68,4.43,18430,2468,28.13,3.77,No,83.09,62.88,90.93,75.99,52.99,88.99,0.0,0.0,0.0,66186,65983,0,31744,33,26975,518,85.0,1.6,19941,622,73.9,2.0,7034,580,26.1,2.0,74.6,0.5,1759,318,6.5,1.2,323,109,1.2,0.4,3967,502,14.7,1.8,15.1,1.9,13203,98,20.0,0.1,14981,108,22.7,0.2,11851,896,18.2,1.4,1669,567,2.7,0.9,46079,65969,27612,944,1952016296.0,69.8,3.4,87.53,2,50848,4600,10555,1665,16.3,2.6,64866,3.9,999,25580,3.9,1019,26048,3.6,959,26348,3.2,837,26052,3.6,950,26323,4.1,1061,25740,4.3,1082,25238,4.2,1082,25694,3.3,868,25948,3.6,937,25907,3.9,996,25775,3.4,874,25783,4.1,1069,25810,3.6,935,25733,3.8,977,25983,3.5,916,25927,3.9,998,25804,4.2,1087,25656,-1,1,-1,-1,0,1,1,1,-1,1,1,-1,1,1,-1,22628,45606,2024-09-27 19:45:00+00:00,2024-09-27 19:45:00+00:00,49.6,34,34,8.1,DR-4827-NC,Tropical Storm,4827.0,NC,800,0,2,2803,1644,1361,1497,787,183,778,269,0,2022,166,531,0,10.4,0.7,2.9,72.1,90.7,68.3,0.0
"Yadkin County, North Carolina","POLYGON ((-80.878807 36.120025, -80.876595 36.160851, -80.873205 36.236305, -80.868716 36.238714, -80.821 36.250231, -80.797168 36.247959, -80.779558 36.255897, -80.778697 36.27177, -80.769556 36.275119, -80.751778 36.263379, -80.737283 36.280363, -80.733992 36.267528, -80.692286 36.266852, -80.669783 36.251035, -80.648721 36.255983, -80.642986 36.272649, -80.628505 36.273033, -80.629688 36.287538, -80.593253 36.269845, -80.548004 36.285419, -80.537779 36.280844, -80.534177 36.258505, -80.482504 36.256125, -80.466728 36.25982, -80.452656 36.241651, -80.437419 36.229824, -80.432257 36.216175, -80.445483 36.210412, -80.436881 36.168465, -80.445273 36.133005, -80.464891 36.117566, -80.507291 36.10784, -80.508143 36.103391, -80.516682 36.084048, -80.508545 36.057954, -80.496283 36.046545, -80.598372 36.047743, -80.680372 36.050728, -80.693197 36.05126, -80.753605 36.052736, -80.753924 36.052744, -80.80327 36.053926, -80.82286 36.05439, -80.833786 36.054643, -80.834088 36.05465, -80.881591 36.055718, -80.878807 36.120025))",37197,1,1,1,1,EM-3617-NC,DR-4827-NC,37686,13135,1716,34.85,4.55,15389,1822,40.83,4.83,9162,1542,24.31,4.09,No,63.86,35.91,81.61,50.99,25.0,75.99,0.0,0.0,0.0,37995,37419,0,17165,48,14893,364,86.8,2.1,11480,470,77.1,2.8,3413,435,22.9,2.8,70.8,1.1,884,244,5.9,1.6,245,108,1.6,0.7,1901,299,12.8,2.0,13.2,2.0,7754,12,20.7,0.1,7756,136,20.7,0.4,5842,561,15.8,1.5,1386,295,3.9,0.8,37214,37214,15225,491,867498039.0,100.0,3.2,111.11,3,61626,5677,4800,958,12.9,2.6,37327,3.2,547,17196,3.3,567,17276,3.2,556,17456,2.7,476,17327,3.1,539,17397,3.5,611,17409,3.5,611,17383,3.4,592,17245,2.7,473,17281,2.9,495,17299,3.1,540,17223,2.8,477,17122,3.4,581,17277,3.0,522,17185,3.1,548,17400,2.9,498,17400,3.2,556,17312,3.5,607,17442,-1,1,-1,0,0,0,1,0,-1,0,0,-1,1,1,-1,6512,26915,2024-09-27 21:30:00+00:00,2024-09-27 21:30:00+00:00,24.2,34,34,4.0,DR-4827-NC,Tropical Storm,4827.0,NC,56,0,0,265,82,69,73,34,9,33,16,0,214,8,22,0,1.8,0.1,0.2,80.8,88.9,66.7,0.0
"Yancey County, North Carolina","POLYGON ((-82.505384 35.97768, -82.500206 35.982561, -82.487451 35.991557, -82.487411 35.991634, -82.484678 35.992849, -82.483666 35.993866, -82.483498 35.996284, -82.482292 35.997823, -82.47419 36.000108, -82.464558 36.006508, -82.460658 36.007809, -82.4166607727019 36.0727736559322, -82.399075 36.081918, -82.380081 36.07074, -82.351958 36.084519, -82.336448 36.052711, -82.338201 36.030088, -82.323631 36.029188, -82.321015 36.026212, -82.300787 36.045816, -82.26807 36.016625, -82.27332 36.002935, -82.249455 35.989535, -82.253022 36.008, -82.228772 36.013021, -82.198603 36.0158, -82.186312 35.960958, -82.19774 35.952672, -82.169724 35.928617, -82.148328 35.932861, -82.154804 35.914771, -82.14306 35.905176, -82.146879 35.901995, -82.146189 35.86344, -82.140292 35.842615, -82.148317 35.822728, -82.133484 35.823309, -82.167639 35.789566, -82.164594 35.770664, -82.193402 35.735314, -82.242765 35.712448, -82.257842 35.698852, -82.275399 35.704438, -82.279563 35.717808, -82.284733 35.725526, -82.313065 35.733603, -82.335054 35.749396, -82.346191 35.786179, -82.338295 35.801717, -82.368675 35.82009, -82.382045 35.823965, -82.408602 35.818178, -82.419636 35.843335, -82.417552 35.859363, -82.448661 35.896852, -82.474775 35.909245, -82.493312 35.908311, -82.498548 35.930193, -82.480322 35.949874, -82.496214 35.956644, -82.5054541504531 35.9776714603071, -82.505384 35.97768))",37199,1,1,1,1,EM-3617-NC,DR-4827-NC,18911,5115,1122,27.05,5.93,8103,1195,42.85,6.32,5693,1023,30.1,5.41,No,89.07,64.56,95.82,85.99,54.99,95.99,0.0,0.0,0.0,18993,18676,0,11317,24,8188,286,72.4,2.5,6324,288,77.2,2.7,1864,241,22.8,2.7,81.6,1.3,393,124,4.8,1.5,239,106,2.9,1.3,1076,190,13.1,2.2,13.9,2.4,3444,82,18.4,0.4,4946,75,26.5,0.4,3686,359,19.9,1.9,320,95,1.8,0.5,18470,18470,8120,217,809610024.0,100.0,2.7,59.09,3,54913,6739,2984,633,15.9,3.4,18786,3.4,278,8112,3.4,280,8177,3.2,265,8331,2.8,232,8293,3.1,260,8433,3.4,289,8410,3.4,284,8389,3.5,294,8491,2.7,233,8602,8.7,787,9035,6.2,538,8681,5.2,440,8536,5.9,506,8643,5.3,456,8597,4.7,404,8658,4.0,351,8668,4.1,357,8653,4.2,361,8666,-1,1,-1,-1,0,1,1,0,0,0,0,-1,1,1,-1,14335,7907,2024-09-27 17:45:00+00:00,2024-09-27 17:45:00+00:00,100.0,34,34,13.6,DR-4827-NC,Tropical Storm,4827.0,NC,3077,0,106,6359,5780,4557,5531,4637,1828,4617,2362,132,4940,1788,3779,132,77.7,22.3,56.4,77.7,97.8,81.8,100.0
"Abbeville County, South Carolina","POLYGON ((-82.7421244542381 34.2117088566164, -82.620049 34.286918, -82.578511 34.313315, -82.509062 34.357739, -82.45646 34.391786, -82.431059 34.408247, -82.387485 34.436491, -82.313871 34.484335, -82.31484 34.470294, -82.266905 34.433668, -82.246337 34.409676, -82.328608 34.346776, -82.334234 34.34263, -82.311081 34.320441, -82.307622 34.277537, -82.302401 34.274702, -82.278314 34.258798, -82.252175 34.225576, -82.248241 34.220551, -82.240186 34.190316, -82.240567 34.163445, -82.24453 34.150588, -82.249315 34.135983, -82.268843 34.107127, -82.326947 34.06412, -82.376589 34.057374, -82.452707 34.060344, -82.483551 34.081215, -82.500851 34.071903, -82.530567 34.071925, -82.5944878368938 34.0139372478806, -82.595655 34.016118, -82.595855 34.018518, -82.594055 34.025917, -82.594555 34.028717, -82.596155 34.030517, -82.603055 34.034817, -82.609655 34.039917, -82.613355 34.046816, -82.619155 34.051316, -82.620955 34.054416, -82.621255 34.056916, -82.622155 34.058516, -82.626963 34.063457, -82.630972 34.065528, -82.633565 34.064822, -82.635991 34.064941, -82.640543 34.067595, -82.64398 34.072237, -82.645661 34.076046, -82.6455437299794 34.0768437552419, -82.64522 34.079046, -82.642797 34.081312, -82.640345 34.086304, -82.640151 34.087609, -82.640701 34.088341, -82.641252 34.088914, -82.64103 34.090861, -82.641553 34.092212, -82.647028 34.097825, -82.648184 34.098649, -82.652175 34.099704, -82.654019 34.100346, -82.658561 34.103118, -82.659077 34.103544, -82.660322 34.106897, -82.661851 34.107754, -82.666879 34.113591, -82.668113 34.12016, -82.67522 34.129779, -82.67732 34.131657, -82.68629 34.134454, -82.690386 34.138293, -82.692152 34.138986, -82.69553 34.138815, -82.699758 34.139318, -82.70414 34.141007, -82.715373 34.148165, -82.717507 34.150504, -82.7211539570055 34.1601733049563, -82.723312 34.165895, -82.725409 34.169774, -82.730824 34.175906, -82.731881 34.178363, -82.732359 34.180564, -82.731975 34.193154, -82.732761 34.195338, -82.74192 34.210063, -82.7421244542381 34.2117088566164))",45001,1,1,1,1,EM-3619-SC,DR-4829-SC,23806,7276,1207,30.56,5.07,10057,1295,42.25,5.44,6473,1133,27.19,4.76,No,79.41,50.79,91.02,60.86,34.78,84.77,0.0,0.0,0.0,24607,24352,0,11718,38,9536,363,81.4,3.1,7338,354,77.0,2.5,2198,264,23.0,2.5,73.0,1.1,526,193,5.5,2.0,76,56,0.8,0.6,1472,232,15.4,2.3,15.7,2.4,4780,67,19.6,0.3,5496,50,22.6,0.2,3193,451,13.2,1.9,146,78,0.6,0.3,19188,24295,9818,485,1272188745.0,79.0,4.9,49.46,2,51580,4661,3617,827,15.3,3.5,23654,4.1,415,10088,4.7,486,10244,4.0,410,10153,3.5,363,10319,4.3,444,10339,5.3,556,10544,5.4,561,10370,5.2,550,10540,4.1,429,10370,4.3,452,10425,4.4,460,10422,4.1,427,10378,4.3,445,10356,4.7,495,10605,4.4,456,10391,4.1,418,10301,4.1,420,10264,4.9,508,10331,-1,1,-1,0,0,1,1,0,-1,1,1,-1,1,0,-1,9954,20118,2024-09-28 23:30:00+00:00,2024-09-28 23:30:00+00:00,49.5,34,50,8.4,DR-4829-SC,Hurricane,4829.0,SC,3277,0,0,5509,4013,2571,3684,2369,94,2368,153,0,3866,87,1716,0,57.8,1.0,24.8,70.2,92.6,72.5,0.0
"Aiken County, South Carolina","POLYGON ((-82.0124735862371 33.5321069800702, -82.010911 33.533266, -81.943227 33.58613, -81.891614 33.626488, -81.877542 33.637522, -81.778367 33.715269, -81.703786 33.773737, -81.651759 33.81451, -81.579129 33.871346, -81.571487 33.877318, -81.546946 33.858683, -81.53359 33.832154, -81.504566 33.808449, -81.460577 33.797175, -81.431748 33.769014, -81.421347 33.737605, -81.41084 33.731044, -81.403601 33.732268, -81.389853 33.727166, -81.366814 33.728467, -81.269666 33.693142, -81.269224 33.690172, -81.207395 33.658876, -81.187271 33.652937, -81.335642 33.521766, -81.373494 33.49051, -81.372931 33.490417, -81.37808 33.487132, -81.463042 33.422083, -81.516319 33.382311, -81.7570833221477 33.1981218255034, -81.758235 33.200248, -81.761635 33.201748, -81.763535 33.203648, -81.767635 33.215747, -81.768935 33.217447, -81.774035 33.221147, -81.778435 33.221847, -81.780135 33.221147, -81.781035 33.219847, -81.777335 33.214947, -81.777535 33.211347, -81.778935 33.209847, -81.784535 33.208147, -81.790236 33.208447, -81.805236 33.211447, -81.807336 33.212647, -81.807936 33.213747, -81.808136 33.219447, -81.809636 33.222647, -81.811736 33.223847, -81.819636 33.226646, -81.827936 33.228746, -81.8315651013874 33.2333301280683, -81.831736 33.233546, -81.837016 33.237652, -81.846536 33.241746, -81.851979119203 33.2473815723462, -81.852136 33.247544, -81.853137 33.250745, -81.847336 33.266345, -81.842522 33.266584, -81.840078 33.26704, -81.838337 33.269098, -81.838257 33.272975, -81.844036 33.278644, -81.851836 33.283544, -81.861336 33.286244, -81.863236 33.288844, -81.861536 33.297944, -81.857336 33.299544, -81.852936 33.299644, -81.851636 33.298544, -81.849636 33.299544, -81.846136 33.303843, -81.847296 33.306783, -81.853652 33.310326, -81.8662043597159 33.3135923904413, -81.867936 33.314043, -81.870436 33.312943, -81.875836 33.307443, -81.884137 33.310443, -81.886637 33.316943, -81.897329 33.322331, -81.897064 33.324445, -81.896937 33.327642, -81.898187 33.329664, -81.900301 33.331117, -81.902613 33.330258, -81.904132 33.327286, -81.906444 33.324181, -81.909285 33.324181, -81.910342 33.32537, -81.911266 33.327616, -81.913314 33.329532, -81.918337 33.332842, -81.919137 33.334442, -81.917973 33.34159, -81.924737 33.345341, -81.932737 33.343541, -81.937237 33.343641, -81.939737 33.344941, -81.939837 33.347741, -81.935637 33.352041, -81.934837 33.356041, -81.944737 33.364041, -81.946737 33.36734, -81.946337 33.37064, -81.943737 33.37234, -81.939637 33.37254, -81.934637 33.36894, -81.930634 33.368165, -81.925737 33.37114, -81.924837 33.37414, -81.930861 33.380076, -81.935453 33.397851, -81.9373 33.401259, -81.936961 33.404197, -81.934927 33.406006, -81.930519 33.406797, -81.92306 33.408266, -81.920121 33.410753, -81.919217 33.413126, -81.91933 33.415613, -81.921068 33.417419, -81.924893 33.419307, -81.927241 33.422846, -81.926789 33.426576, -81.924981 33.429288, -81.920716 33.430986, -81.916236 33.433114, -81.9145045213969 33.435701598579, -81.913356 33.437418, -81.913457 33.439641, -81.913532 33.441274, -81.920836 33.452038, -81.926336 33.462937, -81.929436 33.465837, -81.934136 33.468337, -81.941737 33.470037, -81.946437 33.471737, -81.9554034562685 33.475610422055, -81.9554095205317 33.4756130417578, -81.967037 33.480636, -81.973537 33.482636, -81.980637 33.484036, -81.9817263359971 33.4845497408023, -81.985938 33.486536, -81.989338 33.490036, -81.990938 33.494235, -81.9906090848967 33.4980944282989, -81.990382 33.500759, -81.991938 33.504435, -82.001338 33.520135, -82.004338 33.521935, -82.007138 33.522835, -82.007638 33.523335, -82.010038 33.530435, -82.011538 33.531735, -82.0124735862371 33.5321069800702))",45003,1,1,1,1,EM-3619-SC,DR-4829-SC,175994,60902,6308,34.6,3.58,76406,6569,43.41,3.73,38686,5308,21.98,3.02,No,46.4,27.57,66.37,28.26,15.22,50.0,45.54,28.08,67.8,179245,171949,0,78715,86,68606,867,87.2,1.1,52603,1337,76.7,1.6,16003,1142,23.3,1.6,72.2,0.2,3532,545,5.1,0.8,891,267,1.3,0.4,7742,723,11.3,1.0,11.9,1.1,37064,0,21.6,0.0,35009,122,20.4,0.1,26833,1451,15.8,0.9,3196,472,2.0,0.3,62492,168808,69450,2801,2773033446.0,37.0,4.0,157.67,1,67769,4892,24516,3609,14.1,2.1,174417,3.7,2777,75198,4.0,3071,75894,3.7,2819,76672,3.3,2536,77397,3.9,2954,76552,4.7,3640,77357,4.8,3753,77859,5.0,3835,77012,4.3,3241,76152,4.4,3361,75949,4.2,3164,75247,4.0,2979,75308,4.2,3210,75626,4.5,3490,76864,4.0,3083,76727,3.7,2866,78064,3.8,2872,76515,4.5,3516,77363,-1,1,-1,0,0,0,1,0,-1,0,0,-1,1,1,-1,91915,220578,2024-09-27 22:15:00+00:00,2024-09-27 22:15:00+00:00,41.7,50,50,6.4,DR-4829-SC,Hurricane,4829.0,SC,24526,0,13,42554,37223,23436,34956,27682,1289,27646,2218,3,28368,1123,18876,3,62.0,1.9,40.3,66.7,87.1,68.3,100.0
"Allendale County, South Carolina","POLYGON ((-81.6142984780503 33.0946609670663, -81.541881 33.158279, -81.523392 33.153408, -81.453202 33.135021, -81.364857 33.108061, -81.337806 33.108221, -81.283665 33.108555, -81.210497 33.120637, -81.193099 33.118668, -81.148709 33.080905, -81.124449 33.053218, -81.098508 33.047207, -81.086562 33.035201, -81.082291 33.02663, -81.219563 32.95335, -81.236956 32.940244, -81.237681 32.906731, -81.276729 32.892086, -81.261662 32.839139, -81.272145 32.831556, -81.329101 32.7888, -81.338543 32.768456, -81.367973 32.760601, -81.39399 32.744867, -81.410281 32.744653, -81.410563 32.74592, -81.411408 32.747329, -81.412817 32.748174, -81.415353 32.748879, -81.416198 32.750428, -81.416761 32.752259, -81.416479 32.754654, -81.415212 32.757753, -81.416479 32.760289, -81.417606 32.762684, -81.420142 32.765501, -81.422396 32.767051, -81.425017 32.768058, -81.426199 32.768319, -81.426481 32.769023, -81.426481 32.770291, -81.426059 32.771136, -81.425636 32.77184, -81.424714 32.772648, -81.422678 32.773249, -81.421269 32.774658, -81.421128 32.775926, -81.420987 32.776912, -81.421128 32.778039, -81.422114 32.779306, -81.424227 32.780152, -81.426481 32.78142, -81.428313 32.78311, -81.4285884267211 32.7840469985755, -81.429017 32.785505, -81.428031 32.787618, -81.424999 32.790334, -81.425234 32.79419, -81.424874 32.801882, -81.423772 32.810514, -81.419752 32.813731, -81.418497 32.815664, -81.417984 32.818196, -81.42062 32.831223, -81.421614 32.835178, -81.426475 32.840773, -81.442671 32.850107, -81.443595 32.850628, -81.444866 32.850967, -81.449396 32.849126, -81.451199 32.847925, -81.452573 32.84795, -81.453949 32.849761, -81.455978 32.854107, -81.453017 32.859636, -81.451351 32.868583, -81.4524560750247 32.87174313948, -81.452883 32.872964, -81.45392 32.874074, -81.468042 32.876675, -81.470376 32.876267, -81.475918 32.877641, -81.479445 32.881082, -81.4771 32.887469, -81.471703 32.890439, -81.470836 32.890521, -81.464655 32.895999, -81.464069 32.897814, -81.465924 32.899889, -81.468978 32.901083, -81.479184 32.905638, -81.480008 32.913444, -81.483198 32.921802, -81.495092 32.931596, -81.499829 32.932614, -81.502427 32.935353, -81.502716 32.938688, -81.499566 32.943722, -81.499446 32.944988, -81.504016 32.948091, -81.507045 32.951194, -81.508138 32.953976, -81.508436 32.955765, -81.508536 32.957156, -81.508436 32.958349, -81.507741 32.959243, -81.507442 32.960237, -81.507144 32.96133, -81.506449 32.962423, -81.505256 32.963019, -81.503346 32.96295, -81.501369 32.962914, -81.49983 32.963816, -81.499471 32.96478, -81.494736 32.978998, -81.491457 32.995437, -81.491197 32.997824, -81.491419 33.008078, -81.492253 33.009342, -81.50203 33.015113, -81.511245 33.027786, -81.513231 33.028546, -81.519632 33.029181, -81.538789 33.039185, -81.540081 33.040613, -81.542092 33.044859, -81.542509768548 33.0452536234761, -81.544258 33.046905, -81.546785 33.047145, -81.551838 33.044739, -81.553643 33.044137, -81.557013 33.0451, -81.558336 33.046183, -81.559179 33.047386, -81.55966 33.04907, -81.559173 33.051765, -81.558938 33.052921, -81.559179 33.054124, -81.560502 33.055207, -81.561344 33.055568, -81.562066 33.055568, -81.562548 33.055568, -81.56327 33.055568, -81.564714 33.054726, -81.566759 33.053763, -81.568925 33.053523, -81.57288 33.05418, -81.578332 33.058936, -81.580994 33.062697, -81.583804 33.067021, -81.588539 33.07085, -81.590705 33.071211, -81.592645 33.06991, -81.594555 33.069887, -81.599248 33.071813, -81.600091 33.073497, -81.600211 33.075182, -81.599369 33.076867, -81.598286 33.079153, -81.598165 33.081078, -81.600211 33.083966, -81.601655 33.084688, -81.603587 33.084578, -81.606836 33.081717, -81.608995 33.0818, -81.609837 33.082161, -81.610078 33.082883, -81.609837 33.084929, -81.609533 33.086877, -81.609476 33.089862, -81.6108 33.09263, -81.612725 33.093953, -81.6142984780503 33.0946609670663))",45005,1,1,1,1,EM-3619-SC,DR-4829-SC,6597,1537,467,23.3,7.08,3010,537,45.63,8.14,2050,506,31.07,7.67,No,91.55,57.21,97.92,82.6,41.3,99.99,0.0,0.0,0.0,7551,7738,0,4055,29,3163,203,78.0,5.0,2045,249,64.7,6.0,1118,189,35.3,6.0,67.8,0.0,219,101,6.9,3.3,47,60,1.5,1.9,781,183,24.7,5.7,24.9,5.7,1447,0,18.7,0.0,1680,0,21.7,0.0,1830,240,26.5,3.5,187,138,2.5,1.9,8039,8039,3281,170,1056960701.0,100.0,5.2,19.7,3,35477,4364,2131,488,32.6,7.5,6537,6.5,165,2537,6.4,169,2655,6.4,172,2698,5.6,148,2649,6.0,158,2655,6.9,192,2763,6.9,190,2742,7.3,197,2701,5.8,155,2668,5.7,151,2652,5.7,147,2580,5.5,142,2564,6.0,155,2574,5.8,163,2810,5.0,141,2805,4.7,128,2712,4.7,127,2677,6.0,161,2698,-1,0,0,-1,0,1,1,0,0,1,1,-1,1,1,-1,4541,12677,2024-09-28 18:15:00+00:00,2024-09-28 18:15:00+00:00,35.8,50,50,5.2,DR-4829-SC,Hurricane,4829.0,SC,1054,0,0,1878,1204,985,1087,599,132,596,193,0,1130,122,396,0,59.4,4.2,18.8,60.2,92.4,66.4,0.0
"Anderson County, South Carolina","POLYGON ((-82.9922154353933 34.4791982077022, -82.873309 34.591875, -82.865266 34.599471, -82.862354 34.602223, -82.840009 34.623311, -82.832767 34.63015, -82.801574 34.659567, -82.795134 34.665631, -82.787568 34.672734, -82.744237 34.693917, -82.723061 34.704243, -82.673761 34.728235, -82.630591 34.749214, -82.576155 34.775669, -82.554825 34.786035, -82.53826 34.794085, -82.487034 34.819004, -82.484591 34.819382, -82.469655 34.799188, -82.469349 34.798126, -82.460939 34.796664, -82.458397 34.779177, -82.458249 34.779078, -82.452081 34.776427, -82.455144 34.750683, -82.46325 34.743728, -82.460381 34.671412, -82.464645 34.67237, -82.467709 34.66705, -82.454324 34.643306, -82.449636 34.639973, -82.449407 34.617733, -82.443825 34.607277, -82.428348 34.59887, -82.418293 34.563323, -82.420243 34.559096, -82.412604 34.548455, -82.392291 34.543735, -82.3763 34.527135, -82.344029 34.512231, -82.313871 34.484335, -82.387485 34.436491, -82.431059 34.408247, -82.45646 34.391786, -82.509062 34.357739, -82.578511 34.313315, -82.620049 34.286918, -82.7421244542381 34.2117088566164, -82.74238 34.213766, -82.740544 34.218387, -82.740447 34.219679, -82.744415 34.224913, -82.743461 34.227343, -82.74198 34.230196, -82.744834 34.242957, -82.744982 34.244861, -82.744056 34.252407, -82.748756 34.263407, -82.748656 34.264107, -82.746656 34.266407, -82.749856 34.27087, -82.755028 34.276067, -82.761995 34.281492, -82.762945 34.28199, -82.765266 34.281539, -82.770928 34.285402, -82.7737024263561 34.2887440302129, -82.780308 34.296701, -82.781752 34.302901, -82.78684 34.310381, -82.790966 34.32355, -82.7911851736109 34.3248739178552, -82.791608 34.327428, -82.791235 34.331048, -82.794054 34.339772, -82.795223 34.34096, -82.798198 34.341317, -82.809949 34.349998, -82.82342 34.358872, -82.8332805100878 34.3640218676494, -82.833702 34.364242, -82.835004 34.366069, -82.8351696247434 34.3673275860701, -82.835413 34.369177, -82.835203 34.373899, -82.836611 34.382676, -82.841524 34.39013, -82.841997 34.392503, -82.841326 34.397332, -82.8418649796327 34.3992871064472, -82.841997 34.399766, -82.847446 34.412049, -82.847781 34.420571, -82.8484952603989 34.4232580968799, -82.848651 34.423844, -82.851367 34.426812, -82.854434 34.432275, -82.8555135670338 34.4417878715586, -82.855762 34.443977, -82.860127 34.449707, -82.860874 34.451469, -82.860707 34.457428, -82.862156 34.458748, -82.865345 34.460319, -82.875463 34.463503, -82.876464 34.465803, -82.875864 34.468003, -82.874864 34.468891, -82.873831 34.471508, -82.876864 34.475303, -82.882864 34.479003, -82.902665 34.485902, -82.908365 34.485402, -82.922866 34.481402, -82.925766 34.481802, -82.928466 34.484202, -82.940867 34.486102, -82.947367 34.479602, -82.954667 34.477302, -82.960668 34.482002, -82.979568 34.482702, -82.9922154353933 34.4791982077022))",45007,1,1,1,1,EM-3619-SC,DR-4829-SC,211408,78855,7203,37.3,3.41,90263,7412,42.7,3.51,42290,5878,20.0,2.78,No,32.55,17.62,53.05,17.39,8.69,36.95,0.0,0.0,0.0,217183,207218,0,91008,72,82134,738,90.2,0.8,61959,1068,75.4,1.2,20175,1027,24.6,1.2,69.3,0.1,4561,563,5.6,0.7,1249,260,1.5,0.3,8686,703,10.6,0.8,11.3,0.9,47118,0,22.7,0.0,37680,69,18.2,0.1,31951,1629,15.5,0.8,3837,585,2.0,0.3,84862,203718,80372,3616,1848873804.0,41.7,4.5,285.38,1,64813,4729,28239,3992,13.5,1.9,209601,3.4,3323,98413,3.7,3632,99053,3.3,3303,99515,3.0,2954,99646,3.7,3624,99189,4.5,4512,100632,4.7,4682,100520,4.6,4630,100156,3.9,3883,99910,4.0,3974,99970,3.8,3819,99740,3.6,3596,99750,3.9,3844,99637,4.1,4145,100262,3.7,3731,100530,3.4,3455,100432,3.5,3499,100493,4.2,4255,101595,0,1,-1,0,0,0,1,0,-1,-1,-1,1,1,1,-1,106940,158516,2024-09-27 23:45:00+00:00,2024-09-27 23:45:00+00:00,67.5,34,34,9.6,DR-4829-SC,Hurricane,4829.0,SC,20875,0,28,39239,33695,19340,31822,25092,834,25084,1346,2,24930,729,16231,2,47.8,1.0,30.5,63.5,87.4,64.7,100.0
"Bamberg County, South Carolina","POLYGON ((-81.223913 33.169634, -81.221523 33.191396, -81.217961 33.209044, -81.21972 33.281976, -81.219081 33.295402, -81.217727 33.318573, -81.213182 33.397866, -81.222673 33.44, -81.22011 33.439493, -81.206606 33.437812, -81.189531 33.411683, -81.157004 33.406177, -81.133282 33.393722, -81.13068 33.38913, -81.07548 33.373442, -81.059543 33.358868, -81.032589 33.346579, -81.031028 33.348858, -81.024671 33.338908, -80.983569 33.324788, -80.948756 33.308047, -80.890196 33.261392, -80.887109 33.264183, -80.885206 33.262908, -80.887879 33.260539, -80.846151 33.238328, -80.8375 33.203712, -80.797912 33.176944, -80.849057 33.149377, -80.895426 33.125348, -80.876668 33.093367, -80.906025 33.060228, -80.937157 33.102584, -81.082291 33.02663, -81.086562 33.035201, -81.098508 33.047207, -81.124449 33.053218, -81.148709 33.080905, -81.193099 33.118668, -81.206442 33.129635, -81.227804 33.160697, -81.223913 33.169634))",45009,1,1,1,1,EM-3619-SC,DR-4829-SC,12415,3306,719,26.63,5.79,5117,805,41.22,6.48,3992,741,32.15,5.97,No,93.72,72.64,97.64,91.3,56.52,99.99,0.0,0.0,0.0,12870,13164,0,6598,26,4592,306,69.6,4.6,3408,276,74.2,4.5,1184,236,25.8,4.5,72.5,0.0,356,125,7.8,2.7,225,110,4.9,2.3,995,191,21.7,4.1,24.7,4.4,2444,0,18.6,0.0,3089,0,23.5,0.0,2301,399,17.7,3.1,103,111,0.8,0.9,13311,13311,5394,344,1018815101.0,100.0,6.4,33.84,3,41555,4930,3405,670,27.7,5.5,12289,5.5,291,5276,5.8,310,5350,6.0,328,5430,5.2,278,5329,6.2,330,5333,7.1,383,5373,7.5,404,5422,7.2,392,5446,5.8,318,5443,6.3,343,5457,6.0,324,5377,5.6,302,5358,5.8,309,5361,5.7,314,5513,5.1,281,5457,4.9,263,5386,4.7,252,5356,6.1,327,5383,-1,1,-1,-1,0,1,1,0,0,1,1,-1,1,1,-1,4503,20265,2024-09-28 15:00:00+00:00,2024-09-28 15:00:00+00:00,22.2,34,34,7.0,DR-4829-SC,Hurricane,4829.0,SC,862,0,2,1959,1310,1100,1191,729,189,728,276,0,1225,173,509,0,42.7,4.1,15.9,62.5,91.5,69.9,0.0
"Barnwell County, South Carolina","POLYGON ((-81.772435 33.181249, -81.765735 33.187948, -81.762835 33.188248, -81.760635 33.189248, -81.756935 33.197848, -81.7570833221477 33.1981218255034, -81.516319 33.382311, -81.463042 33.422083, -81.37808 33.487132, -81.372931 33.490417, -81.33972 33.480274, -81.32165 33.482339, -81.313228 33.478347, -81.301445 33.481218, -81.267886 33.455551, -81.242908 33.441136, -81.222673 33.44, -81.213182 33.397866, -81.217727 33.318573, -81.219081 33.295402, -81.21972 33.281976, -81.217961 33.209044, -81.221523 33.191396, -81.223913 33.169634, -81.227804 33.160697, -81.206442 33.129635, -81.193099 33.118668, -81.210497 33.120637, -81.283665 33.108555, -81.337806 33.108221, -81.364857 33.108061, -81.453202 33.135021, -81.523392 33.153408, -81.541881 33.158279, -81.6142984780503 33.0946609670663, -81.615132 33.095036, -81.617779 33.095277, -81.632232 33.093952, -81.637232 33.092952, -81.642333 33.093152, -81.646433 33.094552, -81.658433 33.103152, -81.683533 33.112651, -81.696934 33.116551, -81.699834 33.116751, -81.703134 33.116151, -81.704634 33.116451, -81.717134 33.124051, -81.72067688 33.12670816, -81.724334 33.129451, -81.743835 33.14145, -81.755135 33.15155, -81.763135 33.159449, -81.764435 33.165549, -81.766735 33.170749, -81.772435 33.180449, -81.772435 33.181249))",45011,1,1,1,1,EM-3619-SC,DR-4829-SC,20171,5345,1033,26.5,5.12,7280,1123,36.09,5.57,7546,994,37.41,4.93,No,98.27,91.91,99.04,99.99,86.95,99.99,0.0,0.0,0.0,20495,20565,0,9901,22,8107,293,81.9,2.9,5758,291,71.0,3.4,2349,315,29.0,3.4,74.2,1.1,849,229,10.5,2.7,229,107,2.8,1.3,2136,308,26.3,3.8,27.0,3.8,4866,64,23.7,0.3,3892,48,18.9,0.2,3966,426,19.6,2.1,207,128,1.1,0.7,20589,20589,8460,421,1420305102.0,100.0,5.0,37.54,3,46482,5795,5419,836,27.2,4.2,19925,5.6,448,7959,5.7,460,8104,5.5,451,8248,4.6,373,8101,5.2,425,8139,5.9,496,8413,6.4,541,8406,6.1,525,8671,5.4,447,8311,5.7,472,8303,5.6,454,8175,5.3,429,8141,5.7,469,8194,5.7,491,8548,5.3,440,8294,5.0,409,8153,4.9,396,8061,5.7,464,8158,-1,1,-1,-1,-1,1,1,1,0,1,1,1,1,1,-1,6437,30599,2024-09-27 12:15:00+00:00,2024-09-27 12:15:00+00:00,21.0,34,50,5.1,DR-4829-SC,Hurricane,4829.0,SC,1538,0,1,3378,2508,1845,2301,1464,197,1464,281,1,2120,181,977,1,41.7,2.4,18.1,62.8,91.9,66.7,100.0
"Beaufort County, South Carolina","POLYGON ((-81.016112 32.244294, -80.991677 32.267546, -80.994209 32.290558, -81.006369 32.306521, -81.002314 32.306454, -80.982108 32.305925, -80.93494 32.300108, -80.934125 32.321151, -80.928775 32.331302, -80.921883 32.351834, -80.892054 32.353731, -80.877594 32.345901, -80.873715 32.369059, -80.841458 32.385064, -80.82924 32.41147, -80.847973 32.411642, -80.841246 32.442375, -80.830165 32.462093, -80.81869 32.463935, -80.817429 32.472589, -80.819179 32.485942, -80.836013 32.518161, -80.847733 32.530057, -80.837851 32.539278, -80.831543 32.593388, -80.848442 32.614857, -80.869705 32.660935, -80.834839 32.701529, -80.826309 32.704321, -80.822731 32.696896, -80.763252 32.675369, -80.739243 32.682304, -80.685875 32.672806, -80.668144 32.667492, -80.683135 32.652383, -80.680061 32.643913, -80.666448 32.645704, -80.659751 32.612683, -80.647828 32.596371, -80.629624 32.590703, -80.620881 32.5812, -80.611662 32.589871, -80.599788 32.581047, -80.586358 32.586172, -80.576166 32.577761, -80.582823 32.566199, -80.567312 32.566438, -80.562437 32.550957, -80.551504 32.565769, -80.536483 32.529224, -80.51776 32.519136, -80.507975 32.505207, -80.504616 32.496947, -80.476910367369 32.4853895464878, -80.48025 32.477407, -80.484617 32.460976, -80.482106824956 32.4531388069912, -80.480156 32.447048, -80.467588 32.425259, -80.457502 32.410264, -80.4458398932147 32.4104516999503, -80.43296 32.410659, -80.429941 32.401782, -80.429291 32.389667, -80.434303 32.375193, -80.445451 32.350335, -80.456814 32.336884, -80.455192 32.326458, -80.466342 32.31917, -80.517871 32.298796, -80.539429 32.287024, -80.545688 32.282076, -80.571096 32.273278, -80.596394 32.273549, -80.618286 32.260183, -80.638857 32.255618, -80.646458 32.265072, -80.6456513297875 32.2778822526233, -80.644794 32.291497, -80.654344987937 32.2939761991188, -80.688527 32.302849, -80.714601 32.325656, -80.7276655533616 32.3214098142651, -80.733637 32.319469, -80.737118 32.306029, -80.75345 32.306822, -80.76033483739 32.2990478437669, -80.766038 32.292608, -80.761257 32.280044, -80.7397681997449 32.2653224934474, -80.738083 32.264168, -80.727981104568 32.2655652454568, -80.717796 32.266974, -80.6975506920682 32.2514835598894, -80.6786303523414 32.2370069023647, -80.677845 32.236406, -80.669166 32.216783, -80.6771446944261 32.2103760569161, -80.688857 32.200971, -80.7024425282417 32.1840780460335, -80.721463 32.160427, -80.730027518999 32.1541372182391, -80.7440916040867 32.1438085557797, -80.7476308521838 32.1412093323871, -80.749091 32.140137, -80.7699517242559 32.131139426157, -80.789996 32.122494, -80.805692356661 32.1136035590388, -80.812503 32.109746, -80.82153 32.108589, -80.828394 32.113222, -80.831531 32.112709, -80.8316243909327 32.1126872811784, -80.844431 32.109709, -80.858735 32.099581, -80.8781107060704 32.0797919665806, -80.910545 32.079923, -80.899642 32.111123, -80.92693 32.119453, -80.90972 32.134707, -80.925121 32.131233, -80.941262 32.137172, -80.961471 32.126358, -80.967227 32.140717, -80.953825 32.141712, -80.948423 32.167386, -80.994289 32.196387, -81.012331 32.218449, -81.012452 32.236226, -81.016112 32.244294))",45013,1,1,1,1,EM-3619-SC,DR-4829-SC,198401,62384,6471,31.44,3.26,94276,7075,47.52,3.57,41741,5881,21.04,2.96,Yes,39.91,22.42,60.74,26.08,13.04,43.47,39.72,22.94,61.64,201775,192123,0,101177,122,78794,971,77.9,1.0,59671,1240,75.7,1.3,19123,1089,24.3,1.3,84.2,0.2,2758,408,3.5,0.5,748,241,0.9,0.3,3897,555,4.9,0.7,5.5,0.7,34196,77,17.8,0.1,53616,56,27.9,0.1,25149,1439,13.7,0.8,8460,1113,4.6,0.6,34806,187117,76373,2484,1491889118.0,18.6,3.3,324.84,1,82199,4553,18161,3272,9.5,1.7,191067,3.5,2783,80601,3.9,3181,82176,3.4,2835,83226,2.9,2413,83809,3.4,2860,84686,4.4,3813,86664,4.6,4068,87520,4.6,3952,85916,3.9,3338,84579,3.8,3214,84849,3.8,3170,83658,3.6,3009,83512,4.0,3357,83616,4.3,3640,84273,3.9,3267,84377,3.3,2769,84656,3.3,2795,84833,4.2,3628,86268,-1,1,-1,-1,0,0,1,-1,-1,-1,-1,-1,1,0,-1,55188,326271,2024-09-27 13:00:00+00:00,2024-09-27 13:00:00+00:00,16.9,34,50,2.3,DR-4829-SC,Hurricane,4829.0,SC,1672,0,1,4067,2940,2462,2582,1595,357,1577,559,2,2586,335,1069,2,5.2,0.5,2.0,63.6,93.8,67.8,100.0
"Berkeley County, South Carolina","POLYGON ((-80.355962 33.275808, -80.344645 33.277848, -80.317203 33.264118, -80.289268 33.279113, -80.277864 33.283005, -80.253836 33.29926, -80.2479 33.338163, -80.239619 33.352201, -80.241557 33.383084, -80.222568 33.391288, -80.222267 33.443716, -80.208955 33.442662, -80.208162 33.452291, -80.170565 33.449739, -80.163637 33.460313, -80.161461 33.448947, -80.132013 33.463993, -80.152045 33.478572, -80.123303 33.502528, -80.101697 33.496891, -80.082171 33.505728, -79.996226 33.506841, -79.990619 33.49883, -79.960892 33.494446, -79.867352 33.433478, -79.871569 33.423918, -79.85477 33.402924, -79.813862 33.382321, -79.807703 33.372799, -79.784163 33.376126, -79.778549 33.359147, -79.756382 33.330186, -79.741153 33.322308, -79.700369 33.31805, -79.689393 33.310763, -79.677014 33.304944, -79.664251 33.298322, -79.630992 33.292928, -79.606574 33.27932, -79.56225 33.272523, -79.561018 33.262315, -79.549763 33.264979, -79.546461 33.255456, -79.493993 33.23603, -79.482644 33.245917, -79.473933 33.229771, -79.458734 33.235219, -79.446699 33.213458, -79.449745 33.207297, -79.477402 33.208635, -79.496945 33.177427, -79.512829 33.166176, -79.518844 33.148297, -79.534273 33.144046, -79.544145 33.149988, -79.563506 33.155677, -79.63557 33.128525, -79.643301 33.123453, -79.660501 33.090832, -79.674487 33.080857, -79.703032 33.045934, -79.714654 33.040642, -79.726494 33.019982, -79.76231 32.988708, -79.770984 32.94186, -79.802195 32.929916, -79.812384 32.928312, -79.829261 32.919015, -79.83643 32.919574, -79.849307 32.882389, -79.857469 32.872238, -79.875948 32.86812, -79.883644 32.868263, -79.896295 32.859897, -79.898479 32.855151, -79.89528 32.837317, -79.89671 32.830472, -79.911304 32.819324, -79.914307 32.818892, -79.928305 32.823983, -79.931374 32.829839, -79.930415 32.84816, -79.953959 32.857939, -79.96475 32.877928, -79.962677 32.891031, -79.960484 32.895493, -79.948848 32.90811, -79.950448 32.910174, -80.010895 32.900012, -80.011774 32.899881, -80.014168 32.904356, -80.021829 32.918588, -80.02318 32.921101, -80.036557 32.946057, -80.042018 32.957163, -80.041993 32.965029, -80.040848 32.975001, -80.039896 32.98265, -80.045833 32.985025, -80.056018 32.999355, -80.067155 32.9965, -80.086941 32.992181, -80.098222 32.988106, -80.100814 32.989705, -80.103096 33.001229, -80.132135 33.010484, -80.149246 33.021601, -80.164252 33.032294, -80.1832 33.044765, -80.221628 33.070103, -80.23571 33.079388, -80.251354 33.089698, -80.33594 33.145463, -80.334717 33.146095, -80.310956 33.158355, -80.296324 33.17895, -80.330818 33.198424, -80.348407 33.248922, -80.361851 33.257443, -80.355962 33.275808))",45015,1,1,0,1,EM-3619-SC,DR-4829-SC,254347,95017,7924,37.36,3.12,118226,8127,46.48,3.2,41104,6276,16.16,2.47,Yes,9.19,5.02,25.63,4.35,2.17,15.22,10.96,3.77,26.37,264276,238723,0,97512,143,90348,857,92.7,0.9,66951,1167,74.1,1.2,23397,1159,25.9,1.2,62.2,0.1,3168,484,3.5,0.5,1255,290,1.4,0.3,6551,713,7.3,0.8,8.0,0.8,56817,34,23.8,0.1,34719,33,14.5,0.1,30579,1282,13.3,0.6,7664,929,3.4,0.4,50730,229861,85539,4468,2858335682.0,22.1,5.2,208.28,1,82414,4746,24616,4266,9.8,1.7,250345,3.2,3945,124830,3.5,4377,125665,3.1,3969,126582,2.8,3571,126433,3.4,4289,127413,4.1,5337,129414,4.3,5637,130027,4.4,5707,128762,3.8,4874,127894,4.0,5121,128629,3.8,4906,128103,3.6,4538,127757,3.7,4747,127807,4.0,5163,128722,3.6,4711,129417,3.3,4290,130011,3.3,4263,130950,4.0,5276,133249,1,1,-1,0,0,-1,-1,-1,-1,-1,-1,1,-1,0,-1,16723,359489,2024-09-27 11:30:00+00:00,2024-09-27 11:30:00+00:00,4.7,34,34,2.6,,,,,0,0,0,0,0,0,0,0,0,0,0,0,0,0,0,0,0.0,0.0,0.0,0.0,0.0,0.0,0.0
"Calhoun County, South Carolina","POLYGON ((-81.060494 33.762545, -81.047411 33.789743, -81.046283 33.798346, -81.038636 33.8685, -81.034867 33.871961, -81.01233 33.88008, -80.996574 33.873808, -80.999784 33.860602, -80.988276 33.8498, -80.965945 33.847848, -80.950825 33.840895, -80.940584 33.828482, -80.913103 33.832934, -80.91731 33.813735, -80.898535 33.808767, -80.879813 33.81562, -80.865759 33.802719, -80.837472 33.793906, -80.834817 33.787388, -80.827989 33.776206, -80.782968 33.768899, -80.759731 33.773997, -80.747337 33.761742, -80.747975 33.775808, -80.737377 33.756617, -80.713156 33.76865, -80.686592 33.755993, -80.65468 33.773508, -80.656399 33.761398, -80.632785 33.743667, -80.620107 33.743237, -80.629638 33.73892, -80.615264 33.711835, -80.58978 33.684238, -80.565209 33.679712, -80.565379 33.666075, -80.534085 33.643911, -80.540514 33.629032, -80.521569 33.61653, -80.519799 33.597368, -80.503335 33.591624, -80.515234 33.574705, -80.496273 33.558481, -80.505589 33.552592, -80.50335 33.535827, -80.540143 33.5618, -80.552272 33.565414, -80.601547 33.556195, -80.610346 33.550732, -80.587927 33.538882, -80.624702 33.498899, -80.624951 33.488763, -80.611327 33.470416, -80.627291 33.473821, -80.65902 33.470982, -80.69609 33.510458, -80.693855 33.521753, -80.731565 33.549502, -80.775976 33.581322, -80.807922 33.604143, -80.879528 33.619285, -80.885414 33.618208, -80.919677 33.605505, -80.93979 33.608798, -80.943954 33.643604, -80.965511 33.625305, -81.042854 33.707131, -80.991997 33.732172, -80.955743 33.737818, -80.945601 33.749297, -80.924655 33.756779, -80.939953 33.76913, -80.966995 33.777181, -81.014003 33.781241, -81.023475 33.763469, -81.032867 33.764055, -81.036124 33.745211, -81.058521 33.747053, -81.060494 33.762545))",45017,1,1,0,1,EM-3619-SC,DR-4829-SC,14186,4404,929,31.04,6.55,6079,1013,42.85,7.14,3703,907,26.1,6.39,No,73.93,32.63,91.94,54.34,19.56,86.95,0.0,0.0,0.0,14249,14150,0,7061,19,6124,211,86.7,3.0,5127,258,83.7,3.5,997,223,16.3,3.5,75.1,1.4,524,193,8.6,3.2,174,93,2.8,1.5,898,230,14.7,3.6,15.1,3.7,2652,31,18.7,0.2,3417,61,24.1,0.4,2393,371,17.1,2.6,158,86,1.2,0.6,14119,14119,5986,347,987164244.0,100.0,5.8,37.04,3,58916,7177,2044,519,14.6,3.7,14036,3.7,237,6345,4.3,281,6488,4.3,283,6551,3.8,248,6482,4.4,289,6514,5.2,346,6629,5.5,372,6708,5.6,369,6639,4.6,305,6596,4.6,304,6592,4.5,291,6509,4.2,275,6500,4.5,295,6500,4.6,308,6726,4.3,289,6734,3.7,245,6628,3.8,249,6620,4.7,317,6713,0,1,-1,0,0,0,1,1,0,0,0,-1,1,1,-1,5126,12654,2024-09-27 13:30:00+00:00,2024-09-27 13:30:00+00:00,40.5,34,34,4.4,,,,,0,0,0,0,0,0,0,0,0,0,0,0,0,0,0,0,0.0,0.0,0.0,0.0,0.0,0.0,0.0
"Cherokee County, South Carolina","POLYGON ((-81.874433 35.184113, -81.8440423916235 35.1829713360022, -81.802081 35.181395, -81.772351 35.180514, -81.7681085961812 35.1803883279178, -81.763413164043 35.1802492358467, -81.738492 35.179511, -81.716259 35.178852, -81.680801 35.177331, -81.6755099232049 35.1771041109792, -81.646707 35.175869, -81.614877 35.174504, -81.6095490975215 35.1742754503817, -81.6090051987795 35.1742521189017, -81.581681 35.17308, -81.54515 35.171744, -81.5168705059896 35.1707091878187, -81.494265 35.169882, -81.493401 35.169951, -81.461408 35.168657, -81.452398 35.168293, -81.4503305421039 35.16821086351, -81.445627 35.168024, -81.4427427300232 35.1679095953013, -81.366691 35.164893, -81.3665997502835 35.164889487764, -81.402521 35.136886, -81.407148 35.072473, -81.408816 35.047077, -81.476123 35.04317, -81.487016 35.034853, -81.488286 35.026868, -81.475875 34.98232, -81.492108 34.948956, -81.473842 34.935882, -81.470253 34.913806, -81.478146 34.901434, -81.462737 34.85359, -81.453309 34.846358, -81.457257 34.83928, -81.481945 34.866495, -81.514872 34.87713, -81.543533 34.869886, -81.586733 34.887313, -81.611602 34.876146, -81.640692 34.881344, -81.64672 34.900151, -81.663631 34.898679, -81.684598 34.913027, -81.714094 34.912865, -81.734933 34.933044, -81.755195 34.930609, -81.775422 34.989501, -81.786825 35.021462, -81.794331 35.035378, -81.807646 35.035646, -81.806252 35.055505, -81.808962 35.062487, -81.833596 35.108056, -81.847858 35.134437, -81.872213 35.179458, -81.8746867180113 35.1841199007888, -81.874433 35.184113))",45021,1,1,1,1,EM-3619-SC,DR-4829-SC,55932,18112,2494,32.38,4.46,24476,2622,43.76,4.69,13344,2178,23.86,3.89,No,60.76,34.22,79.29,41.3,21.74,65.21,0.0,0.0,0.0,57770,56299,0,24945,42,21864,478,87.6,1.9,16025,544,73.3,2.1,5839,483,26.7,2.1,66.9,0.6,1269,244,5.8,1.1,198,102,0.9,0.5,3065,399,14.0,1.8,14.4,1.9,12927,92,23.0,0.2,9630,93,17.1,0.2,9269,699,16.6,1.2,1101,255,2.1,0.5,37174,56216,22349,1180,1017762613.0,66.1,5.3,143.06,2,57768,4264,9306,1599,16.8,2.9,55469,4.9,1118,23009,4.9,1141,23062,5.1,1177,23228,4.2,976,23125,5.1,1162,22973,6.2,1448,23367,8.0,1834,22825,6.8,1582,23157,5.7,1328,23097,5.9,1355,23141,5.8,1325,22886,5.4,1221,22753,5.8,1317,22719,5.7,1297,22890,5.0,1161,23144,5.6,1306,23380,4.9,1135,22998,6.0,1384,23259,-1,1,-1,0,0,0,1,0,-1,1,0,1,1,1,-1,20452,44781,2024-09-27 18:30:00+00:00,2024-09-27 18:30:00+00:00,45.7,34,34,7.4,DR-4829-SC,Hurricane,4829.0,SC,5447,0,11,10094,6894,5157,6149,3416,345,3407,521,1,6187,303,2181,1,46.2,1.6,15.6,61.3,87.8,64.0,100.0
"Chester County, South Carolina","POLYGON ((-81.482351 34.744398, -81.453097 34.760903, -81.453463 34.781782, -81.478454 34.821509, -81.359701 34.822185, -81.324517 34.822293, -81.178326 34.820906, -81.105375 34.820505, -81.061786 34.820864, -81.034557 34.821012, -80.97441 34.821096, -80.898215 34.820746, -80.876318 34.788537, -80.875797 34.785246, -80.877594 34.743889, -80.86035 34.695736, -80.888469 34.668603, -80.886493 34.65705, -80.896374 34.635224, -80.89209 34.598053, -80.882346 34.584744, -80.872863 34.552965, -80.877491 34.543146, -80.884779 34.543443, -81.00268 34.547877, -81.120168 34.556521, -81.300714 34.566181, -81.422706 34.572029, -81.426836 34.5785, -81.417739 34.623409, -81.415894 34.633589, -81.441917 34.653727, -81.454196 34.675187, -81.45963 34.726036, -81.478364 34.723688, -81.482351 34.744398))",45023,1,1,1,1,EM-3619-SC,DR-4829-SC,32183,9347,1502,29.04,4.67,14831,1618,46.08,5.03,8005,1411,24.87,4.38,No,67.34,37.59,84.37,47.82,23.91,73.91,0.0,0.0,0.0,32323,32177,0,14717,24,12926,278,87.8,1.9,10068,393,77.9,2.8,2858,375,22.1,2.8,70.4,0.5,869,208,6.7,1.6,285,142,2.2,1.1,2209,305,17.1,2.3,17.3,2.4,7212,50,22.4,0.2,6079,26,18.9,0.1,4656,518,14.6,1.6,89,91,0.3,0.3,23683,32294,12928,881,1504432381.0,73.3,6.8,55.6,2,51383,4536,6425,1026,20.1,3.2,32027,5.1,716,14014,5.2,732,14208,5.3,759,14393,4.4,632,14238,4.9,704,14335,5.7,836,14633,6.3,928,14700,6.2,905,14567,5.5,794,14370,5.7,824,14395,5.8,822,14270,5.4,772,14221,5.4,770,14253,5.7,841,14735,5.2,771,14749,4.8,700,14602,4.7,689,14599,5.4,796,14794,0,1,-1,-1,0,1,1,0,0,1,1,0,1,0,-1,12625,24323,2024-09-27 18:00:00+00:00,2024-09-27 18:00:00+00:00,51.9,34,34,6.2,DR-4829-SC,Hurricane,4829.0,SC,971,0,1,2452,1861,1583,1661,969,235,964,337,1,1450,207,585,1,19.0,1.8,7.5,59.1,88.1,60.7,100.0
"Colleton County, South Carolina","POLYGON ((-81.082291 33.02663, -80.937157 33.102584, -80.906025 33.060228, -80.876668 33.093367, -80.895426 33.125348, -80.849057 33.149377, -80.797912 33.176944, -80.790296 33.18084, -80.737417 33.17037, -80.709736 33.15647, -80.685022 33.124997, -80.670443 33.103552, -80.626692 33.07506, -80.622699 33.066263, -80.578483 33.057251, -80.532013 33.069653, -80.524469 33.061504, -80.506412 33.058797, -80.496827 33.063172, -80.474788 33.064394, -80.412022 33.046596, -80.40424 33.05136, -80.400702 33.05278, -80.387986 33.034112, -80.406483 33.019011, -80.407088 33.000169, -80.408696 32.984605, -80.418403 32.976039, -80.402192 32.946334, -80.398356 32.926899, -80.405645 32.914535, -80.385344 32.886119, -80.402631 32.865873, -80.40134 32.858466, -80.395247 32.845673, -80.407479 32.811106, -80.435692 32.787407, -80.432667 32.779381, -80.449307 32.75772, -80.45363 32.7399, -80.446077 32.727477, -80.431281 32.722582, -80.435767 32.713075, -80.422952 32.714757, -80.416133 32.695292, -80.418247 32.678472, -80.418653 32.677647, -80.405785 32.652999, -80.389401 32.65282, -80.408504 32.626693, -80.427617 32.622253, -80.418172 32.604474, -80.395095 32.619226, -80.387834 32.609139, -80.39623 32.596629, -80.388737 32.57447, -80.396064 32.561637, -80.416586 32.546318, -80.379032 32.530932, -80.350599 32.498696, -80.326602 32.493805, -80.32476 32.503578, -80.349285 32.518274, -80.346916 32.526271, -80.321274 32.523177, -80.319089 32.511026, -80.284708 32.530392, -80.279711 32.524627, -80.2760425651866 32.5169432323041, -80.277681 32.516161, -80.332438 32.478104, -80.338354 32.47873, -80.343883 32.490795, -80.363956 32.496098, -80.380716 32.486359, -80.386827 32.47881, -80.392561 32.475332, -80.413487 32.470672, -80.415943 32.472074, -80.417896 32.476076, -80.418502 32.490894, -80.423454 32.497989, -80.439407 32.503472, -80.452078 32.497286, -80.46571 32.4953, -80.472068 32.496964, -80.476910367369 32.4853895464878, -80.504616 32.496947, -80.507975 32.505207, -80.51776 32.519136, -80.536483 32.529224, -80.551504 32.565769, -80.562437 32.550957, -80.567312 32.566438, -80.582823 32.566199, -80.576166 32.577761, -80.586358 32.586172, -80.599788 32.581047, -80.611662 32.589871, -80.620881 32.5812, -80.629624 32.590703, -80.647828 32.596371, -80.659751 32.612683, -80.666448 32.645704, -80.680061 32.643913, -80.683135 32.652383, -80.668144 32.667492, -80.685875 32.672806, -80.739243 32.682304, -80.763252 32.675369, -80.822731 32.696896, -80.826309 32.704321, -80.845164 32.72011, -80.848527 32.730264, -80.866191 32.775581, -80.879947 32.792059, -80.895888 32.810805, -80.900059 32.832632, -80.919327 32.853205, -80.945975 32.87661, -80.987205 32.90107, -80.999343 32.931247, -81.02963 32.973912, -81.053258 32.989564, -81.055546 33.001885, -81.082291 33.02663))",45029,1,1,0,1,EM-3619-SC,DR-4829-SC,38874,10379,1701,26.7,4.38,16948,1844,43.6,4.74,11547,1629,29.7,4.19,Yes,88.03,69.14,94.11,73.91,52.17,93.47,89.37,70.54,96.91,39259,38623,0,19994,64,15968,350,79.9,1.7,11667,537,73.1,3.4,4301,569,26.9,3.4,74.9,0.8,1320,301,8.3,1.9,281,166,1.8,1.0,3743,436,23.4,2.7,24.1,2.6,8763,85,22.7,0.2,7771,67,20.1,0.2,7319,847,19.3,2.2,703,300,1.9,0.8,29375,38604,15808,924,2736217578.0,76.1,5.8,36.54,2,48504,3629,8823,1283,23.0,3.3,38420,3.9,596,15315,4.2,652,15606,3.9,619,15822,3.5,562,15876,4.2,672,15853,5.2,842,16155,5.7,922,16243,5.6,901,16053,4.7,756,15941,4.7,758,15961,4.8,755,15727,4.4,682,15637,4.7,734,15589,5.1,811,15944,4.6,728,15879,4.2,669,15885,4.1,657,15873,5.2,846,16119,-1,1,-1,-1,0,1,1,1,0,1,1,1,1,1,-1,23386,61476,2024-09-27 13:00:00+00:00,2024-09-27 13:00:00+00:00,38.0,34,34,2.2,,,,,0,0,0,0,0,0,0,0,0,0,0,0,0,0,0,0,0.0,0.0,0.0,0.0,0.0,0.0,0.0
"Edgefield County, South Carolina","POLYGON ((-82.182888 33.723732, -82.164191 33.743367, -82.172379 33.765711, -82.149544 33.789131, -82.12351 33.827781, -82.113728 33.82988, -82.154551 33.881673, -82.148275 33.902811, -82.1557 33.92929, -82.046974 33.95321, -82.012565 33.960266, -82.008298 33.961646, -81.932044 33.976914, -81.894595 33.975415, -81.87036 33.891985, -81.833798 33.865067, -81.823818 33.867271, -81.808039 33.858715, -81.799824 33.855426, -81.776406 33.845898, -81.651759 33.81451, -81.703786 33.773737, -81.778367 33.715269, -81.877542 33.637522, -81.891614 33.626488, -81.943227 33.58613, -82.010911 33.533266, -82.0124735862371 33.5321069800702, -82.019838 33.535035, -82.023438 33.537935, -82.023438 33.540734, -82.028238 33.544934, -82.033023 33.546454, -82.034895 33.549158, -82.0364949169577 33.5527087834417, -82.037375 33.554662, -82.046335 33.56383, -82.048959 33.56487, -82.054943 33.565382, -82.057727 33.566774, -82.069039 33.575382, -82.073104 33.57751, -82.0760685882146 33.5781497442866, -82.087488 33.580614, -82.094128 33.582742, -82.096352 33.58407, -82.098816 33.586358, -82.10624 33.595637, -82.109376 33.596581, -82.115327504273 33.5965013034719, -82.113661 33.600262, -82.095527 33.633869, -82.110474 33.655299, -82.131741 33.65952, -82.134481 33.673905, -82.148447 33.676772, -82.143924 33.684744, -82.166027 33.690316, -82.182888 33.723732))",45037,1,1,1,1,EM-3619-SC,DR-4829-SC,25433,8373,1288,32.92,5.06,11198,1386,44.03,5.45,5862,1206,23.05,4.74,No,54.89,23.63,79.32,34.78,13.04,65.21,0.0,0.0,0.0,29455,26508,0,11317,58,9508,291,84.0,2.5,7591,301,79.8,2.9,1917,305,20.2,2.9,58.3,0.6,389,124,4.1,1.3,130,75,1.4,0.8,1204,225,12.7,2.3,13.1,2.3,4573,66,17.3,0.2,5192,43,19.6,0.2,3708,493,15.3,2.0,1023,177,4.0,0.7,22574,25657,9634,460,1296776317.0,88.0,4.8,51.24,2,62851,6870,4264,814,16.8,3.2,25377,3.5,394,11299,3.8,446,11627,3.4,398,11770,3.1,369,11815,3.6,422,11704,4.5,534,11910,4.5,540,12007,4.7,560,11837,4.0,467,11659,4.2,482,11609,3.9,448,11394,3.7,423,11372,4.0,461,11425,4.2,508,12060,3.7,445,12032,3.3,394,12071,3.4,401,11781,4.2,492,11852,-1,1,-1,0,0,0,-1,0,-1,0,0,-1,1,1,-1,13969,31625,2024-09-28 20:15:00+00:00,2024-09-28 20:15:00+00:00,44.2,34,50,11.6,DR-4829-SC,Hurricane,4829.0,SC,4621,0,3,7590,6772,4281,6435,5162,314,5151,577,3,5582,293,3937,3,79.8,3.3,54.2,73.5,93.3,76.4,100.0
"Fairfield County, South Carolina","POLYGON ((-81.427545 34.529482, -81.419829 34.566588, -81.422706 34.572029, -81.300714 34.566181, -81.120168 34.556521, -81.00268 34.547877, -80.884779 34.543443, -80.877491 34.543146, -80.88172 34.500117, -80.898722 34.486694, -80.888246 34.467874, -80.879227 34.457776, -80.838576 34.418987, -80.825651 34.411865, -80.793478 34.413298, -80.783207 34.406485, -80.781444 34.385855, -80.769926 34.377111, -80.825921 34.26876, -80.914911 34.257848, -80.958851 34.252386, -81.016923 34.238259, -81.061227 34.228003, -81.07116 34.230478, -81.070771 34.225397, -81.095863 34.213872, -81.114996 34.215585, -81.181196 34.220285, -81.168877 34.194375, -81.178293 34.174552, -81.226412 34.205687, -81.251273 34.202946, -81.27824 34.229632, -81.296605 34.237391, -81.316911 34.239458, -81.321072 34.243731, -81.328381 34.257022, -81.341804 34.266311, -81.339674 34.289981, -81.366471 34.325822, -81.372097 34.35166, -81.394845 34.387098, -81.411211 34.433252, -81.42124 34.453824, -81.413008 34.473009, -81.423241 34.494379, -81.427545 34.529482))",45039,1,1,1,1,EM-3619-SC,DR-4829-SC,20367,5702,1021,28.0,5.01,8508,1141,41.77,5.6,6157,1051,30.23,5.16,No,89.43,66.6,95.76,80.43,50.0,95.64,0.0,0.0,0.0,20369,20741,0,10957,19,8773,302,80.1,2.8,6668,291,76.0,3.2,2105,314,24.0,3.2,70.9,1.0,529,178,6.0,2.0,258,155,2.9,1.7,1620,324,18.5,3.5,19.2,3.5,3819,68,18.4,0.3,4788,33,23.1,0.2,3707,544,18.1,2.7,176,134,0.9,0.7,16189,20948,9157,542,1777525447.0,77.3,5.9,30.52,2,48123,3507,4160,821,20.7,4.1,20124,4.8,468,9723,4.8,471,9716,4.6,453,9760,4.0,386,9718,4.5,433,9723,5.4,526,9824,5.7,565,9912,6.0,592,9873,5.2,514,9881,5.3,527,9915,5.1,503,9851,5.0,498,9889,5.2,514,9866,5.5,539,9864,5.2,511,9883,4.5,445,9847,4.4,436,9872,5.2,518,10011,-1,1,-1,-1,0,1,1,0,0,1,1,-1,1,1,-1,7510,22561,2024-09-27 15:45:00+00:00,2024-09-27 15:45:00+00:00,33.3,34,34,5.8,DR-4829-SC,Hurricane,4829.0,SC,1010,0,2,2132,1570,1337,1416,870,197,869,277,1,1373,176,593,1,24.3,2.2,9.9,64.4,89.3,68.2,100.0
"Greenville County, South Carolina","POLYGON ((-82.757704 35.068019, -82.754162 35.069629, -82.751265 35.073463, -82.751102 35.075749, -82.749491 35.078487, -82.746431 35.079131, -82.741761 35.078326, -82.738379 35.079453, -82.735904 35.082701, -82.730971 35.086378, -82.729683 35.087827, -82.729517 35.09059, -82.728961 35.091978, -82.72701 35.094142, -82.723462 35.094341, -82.720442 35.093265, -82.715297 35.092943, -82.707152 35.096542, -82.703916 35.097651, -82.701017 35.09749, -82.698602 35.097168, -82.694898 35.098456, -82.689634 35.104117, -82.688456 35.106347, -82.688778 35.108602, -82.690711 35.111501, -82.691355 35.113272, -82.691194 35.114721, -82.690549 35.116171, -82.688939 35.118103, -82.687641 35.119287, -82.686738 35.11979, -82.686496 35.121822, -82.68604 35.124545, -82.683625 35.125833, -82.680887 35.126155, -82.676861 35.12535, -82.675089 35.123257, -82.673318 35.121002, -82.672513 35.119392, -82.669614 35.118103, -82.662381 35.118123, -82.657858 35.119392, -82.65351 35.121968, -82.651416 35.124867, -82.648694 35.12677, -82.645296 35.12841, -82.642237 35.129215, -82.6395103789926 35.1284519252855, -82.63821 35.128088, -82.634668 35.126317, -82.632574 35.125833, -82.629031 35.126155, -82.626436 35.127903, -82.624847 35.130432, -82.621185 35.134635, -82.617993 35.13527, -82.614402 35.136701, -82.613866 35.137529, -82.612444 35.138234, -82.609706 35.139039, -82.602358 35.139036, -82.59814 35.137729, -82.59243 35.139002, -82.588158 35.142928, -82.586035 35.143142, -82.581836 35.142352, -82.580687 35.141742, -82.578316 35.142104, -82.5741676484568 35.1436658020327, -82.569912 35.145268, -82.567486 35.147694, -82.566193 35.150119, -82.563767 35.151575, -82.560807 35.151644, -82.558593 35.150928, -82.556168 35.151736, -82.554874 35.152868, -82.554871 35.154639, -82.554227 35.156911, -82.552934 35.158042, -82.550508 35.159498, -82.547436 35.160306, -82.544525 35.160306, -82.540483 35.160306, -82.536218 35.159259, -82.535967 35.158664, -82.534662 35.156911, -82.53256 35.155617, -82.529973 35.155617, -82.52593 35.156749, -82.521403 35.158851, -82.51921 35.161044, -82.517284 35.162643, -82.51691 35.163029, -82.516044 35.163442, -82.506137 35.163894, -82.499843 35.163675, -82.495506 35.164312, -82.490766 35.169715, -82.487357 35.172494, -82.483937 35.173798, -82.476136 35.175486, -82.472313 35.174619, -82.467991 35.174633, -82.460092 35.178143, -82.455609 35.177425, -82.452987 35.17469, -82.4528793873526 35.1736939798014, -82.452764 35.172626, -82.452931 35.168999, -82.451201 35.16526, -82.448969 35.165037, -82.439595 35.165863, -82.435689 35.167715, -82.434126 35.170784, -82.428 35.183224, -82.424461 35.193092, -82.419744 35.198613, -82.417597 35.200131, -82.411301 35.202483, -82.403348 35.204473, -82.395697 35.213214, -82.39293 35.215402, -82.390439 35.215395, -82.384029 35.210542, -82.383776 35.207646, -82.380524 35.202276, -82.378744 35.198053, -82.379191 35.195894, -82.380605 35.193586, -82.381201 35.191203, -82.380903 35.189565, -82.379712 35.186884, -82.376808 35.184427, -82.373218 35.182201, -82.371298 35.181449, -82.36899 35.181747, -82.364299 35.184725, -82.363479 35.186214, -82.363554 35.188001, -82.363256 35.189639, -82.361469 35.190831, -82.3536543147338 35.1922225810449, -82.350086 35.192858, -82.344554 35.193115, -82.341194 35.19151, -82.340133 35.189188, -82.339508 35.18893, -82.338013 35.18901, -82.333934 35.190661, -82.332975 35.190645, -82.330779 35.189032, -82.330549 35.186767, -82.326917 35.185056, -82.32335 35.184789, -82.320599418134 35.1863297073821, -82.317871 35.187858, -82.315871 35.190678, -82.314863 35.191089, -82.307166 35.193012, -82.295354 35.194965, -82.2926823840865 35.1963741699645, -82.288453 35.198605, -82.282516 35.199858, -82.27492 35.200071, -82.257515 35.198636, -82.230915 35.196784, -82.230517 35.196764, -82.216217 35.196044, -82.2159400144574 35.1960293986111, -82.216081 35.189257, -82.21759 35.11602, -82.21818 35.091846, -82.219073 35.059869, -82.21961 35.040496, -82.219688 35.03764, -82.220746 34.998933, -82.221377 34.972978, -82.221987 34.947998, -82.222417 34.936434, -82.223035 34.920925, -82.225483 34.871629, -82.226089 34.856614, -82.226416 34.850439, -82.18784 34.825684, -82.162503 34.802604, -82.165175 34.796537, -82.152983 34.787495, -82.154188 34.784563, -82.145587 34.785208, -82.17784 34.718755, -82.187486 34.698397, -82.197429 34.676994, -82.216266 34.632546, -82.234779 34.588815, -82.235721 34.54949, -82.236065 34.535083, -82.313871 34.484335, -82.344029 34.512231, -82.3763 34.527135, -82.392291 34.543735, -82.412604 34.548455, -82.420243 34.559096, -82.418293 34.563323, -82.428348 34.59887, -82.443825 34.607277, -82.449407 34.617733, -82.449636 34.639973, -82.454324 34.643306, -82.467709 34.66705, -82.464645 34.67237, -82.460381 34.671412, -82.46325 34.743728, -82.455144 34.750683, -82.452081 34.776427, -82.458249 34.779078, -82.458397 34.779177, -82.460939 34.796664, -82.469349 34.798126, -82.469655 34.799188, -82.484591 34.819382, -82.487034 34.819004, -82.476366 34.827934, -82.487079 34.832139, -82.480313 34.840546, -82.489146 34.841123, -82.484985 34.850992, -82.483685 34.859267, -82.487738 34.885797, -82.496295 34.888992, -82.493822 34.895736, -82.515853 34.926008, -82.519886 34.925537, -82.52593 34.943315, -82.518988 34.944012, -82.525761 34.952346, -82.52744 34.965935, -82.548056 34.978723, -82.534138 34.983761, -82.543159 35.004564, -82.537858 35.015471, -82.574097 35.013325, -82.593937 35.007887, -82.585758 35.032017, -82.597368 35.038776, -82.595151 35.06026, -82.574264 35.064595, -82.571609 35.074651, -82.637212 35.064257, -82.657149 35.065974, -82.714951 35.058957, -82.737737 35.047216, -82.74971 35.047603, -82.7641000172578 35.0681684927111, -82.757704 35.068019))",45045,1,1,1,1,EM-3619-SC,DR-4829-SC,551031,224882,17227,40.81,3.13,229138,17486,41.58,3.17,97011,13246,17.61,2.4,No,16.04,9.13,34.51,8.69,2.17,21.74,0.0,0.0,0.0,570745,537575,0,233254,158,215774,1178,92.5,0.5,148365,1892,68.8,0.8,67409,1846,31.2,0.8,65.3,0.1,8027,757,3.7,0.3,2585,386,1.2,0.2,16426,1127,7.6,0.5,8.4,0.5,124120,125,23.1,0.1,88164,62,16.4,0.1,66141,2231,12.4,0.4,26291,1535,5.2,0.3,62518,525534,209082,7868,2035566804.0,11.9,3.8,668.67,1,76281,2202,61870,7115,11.3,1.3,546758,3.3,9160,281337,3.5,9994,282958,3.3,9371,284549,2.9,8153,285014,3.5,9797,283284,4.2,11948,286675,4.4,12498,286298,4.4,12602,285516,3.8,10716,285346,3.9,11173,285900,3.8,10796,285221,3.5,10026,285226,3.7,10560,284679,4.0,11458,285817,3.6,10421,286767,3.4,9723,286966,3.3,9567,286934,4.0,11524,289715,1,1,-1,1,0,-1,1,-1,-1,-1,-1,1,-1,-1,-1,270050,301949,2024-09-27 22:00:00+00:00,2024-09-27 22:00:00+00:00,89.4,34,34,12.3,DR-4829-SC,Hurricane,4829.0,SC,54836,0,35,100126,86058,49058,81191,64508,1974,64459,3473,11,55908,1757,36602,11,46.4,0.9,29.9,55.8,89.0,56.8,100.0
"Greenwood County, South Carolina","POLYGON ((-82.328608 34.346776, -82.246337 34.409676, -82.227886 34.402171, -82.223625 34.391707, -82.177999 34.358134, -82.169297 34.330746, -82.134027 34.323794, -82.121724 34.303403, -82.109793 34.307805, -82.096721 34.302185, -82.089719 34.301579, -82.08367 34.29924, -82.058706 34.279175, -82.048892 34.267271, -82.025562 34.258446, -82.007176 34.24152, -81.978375 34.238109, -81.971079 34.222157, -81.945019 34.203148, -81.926748 34.195856, -81.897258 34.146372, -81.870084 34.135357, -81.900274 34.094978, -81.907145 34.093933, -81.915781 34.09098, -81.919597 34.078671, -81.930665 34.069833, -81.946168 34.038821, -81.983107 34.002024, -82.009817 33.964623, -82.008298 33.961646, -82.012565 33.960266, -82.046974 33.95321, -82.04513 33.983396, -82.076108 33.978783, -82.104777 33.98444, -82.151068 33.986517, -82.167716 33.973052, -82.200286 33.978597, -82.220076 33.990411, -82.243651 34.017886, -82.292561 33.979331, -82.308167 33.979951, -82.326947 34.06412, -82.268843 34.107127, -82.249315 34.135983, -82.24453 34.150588, -82.240567 34.163445, -82.240186 34.190316, -82.248241 34.220551, -82.252175 34.225576, -82.278314 34.258798, -82.302401 34.274702, -82.307622 34.277537, -82.311081 34.320441, -82.334234 34.34263, -82.328608 34.346776))",45047,1,1,1,1,EM-3619-SC,DR-4829-SC,67299,22179,2904,32.96,4.32,29503,3088,43.84,4.59,15617,2608,23.21,3.88,No,56.12,29.96,76.52,36.95,17.39,60.86,0.0,0.0,0.0,70041,69329,0,31549,71,27770,449,88.0,1.4,18370,612,66.2,2.3,9400,692,33.8,2.3,71.4,0.5,1187,304,4.3,1.1,510,163,1.8,0.6,3781,549,13.6,2.0,14.3,2.0,15627,25,22.5,0.1,13243,116,19.1,0.2,7532,688,11.1,1.0,937,372,1.4,0.6,27520,69351,28123,1170,1180013604.0,39.7,4.2,152.22,1,56726,5043,11282,2008,16.9,3.0,66674,4.3,1213,28482,5.4,1546,28750,4.3,1222,28634,4.0,1134,28335,4.9,1396,28475,5.8,1684,28895,6.3,1787,28317,6.1,1750,28925,5.1,1463,28614,5.7,1629,28676,5.4,1550,28755,4.9,1422,28770,5.1,1462,28579,5.5,1580,28772,5.1,1464,28673,4.9,1406,28411,4.8,1371,28407,5.6,1606,28663,-1,0,0,0,0,0,1,0,-1,0,0,1,1,-1,-1,29946,75868,2024-09-27 19:30:00+00:00,2024-09-27 19:30:00+00:00,39.5,34,34,10.4,DR-4829-SC,Hurricane,4829.0,SC,11590,0,21,19567,16742,10038,15924,12535,588,12525,1092,6,11363,520,7535,6,70.5,2.1,45.1,58.1,88.4,60.2,100.0
"Hampton County, South Carolina","POLYGON ((-81.427517 32.701896, -81.421194 32.711978, -81.420516 32.720238, -81.418542 32.732586, -81.41267 32.739083, -81.411549 32.740145, -81.410845 32.741694, -81.410563 32.743244, -81.410281 32.744653, -81.39399 32.744867, -81.367973 32.760601, -81.338543 32.768456, -81.329101 32.7888, -81.272145 32.831556, -81.261662 32.839139, -81.276729 32.892086, -81.237681 32.906731, -81.236956 32.940244, -81.219563 32.95335, -81.082291 33.02663, -81.055546 33.001885, -81.053258 32.989564, -81.02963 32.973912, -80.999343 32.931247, -80.987205 32.90107, -80.945975 32.87661, -80.919327 32.853205, -80.900059 32.832632, -80.895888 32.810805, -80.879947 32.792059, -80.866191 32.775581, -80.848527 32.730264, -80.845164 32.72011, -80.826309 32.704321, -80.834839 32.701529, -80.869705 32.660935, -80.902448 32.621561, -80.929287 32.636574, -80.95867 32.642507, -80.962951 32.652243, -80.951469 32.660128, -80.945865 32.687348, -80.964156 32.694701, -80.987422 32.726289, -81.012302 32.746243, -81.014625 32.753058, -81.029274 32.741612, -81.098788 32.688733, -81.207206 32.610526, -81.22258 32.603825, -81.2812975973478 32.556440280647, -81.281324 32.556464, -81.29676 32.562648, -81.297955 32.563026, -81.300593 32.562843, -81.309009 32.56097, -81.320588 32.559534, -81.328753 32.561228, -81.366964 32.577059, -81.368386 32.584221, -81.368982 32.590025, -81.369757 32.591231, -81.37157 32.592018, -81.373178 32.592115, -81.376237 32.589217, -81.379216 32.589022, -81.380999 32.589652, -81.3892612409816 32.5953827593042, -81.389338 32.595436, -81.393865 32.60234, -81.397106 32.605587, -81.404714 32.611207, -81.411906 32.61841, -81.41866 32.629392, -81.418431 32.634704, -81.417014 32.636147, -81.414761 32.63744, -81.413411 32.637368, -81.411523 32.632907, -81.41026 32.631392, -81.40933 32.631096, -81.407271 32.631737, -81.402846 32.63621, -81.402735 32.637032, -81.404238 32.638258, -81.405109 32.64269, -81.403582 32.643398, -81.394589 32.64957, -81.393033 32.651543, -81.393818 32.653491, -81.398314 32.656307, -81.405273 32.656517, -81.407193 32.660519, -81.4073 32.66156, -81.406646 32.662515, -81.4065801972456 32.6626623658125, -81.404287 32.667798, -81.401029 32.677494, -81.4012324786746 32.6798801684225, -81.401256 32.680156, -81.40831 32.694908, -81.409349 32.695269, -81.409982 32.695179, -81.41075 32.694772, -81.411157 32.693959, -81.411609 32.693145, -81.4131 32.692648, -81.426735 32.700867, -81.427517 32.701896))",45049,1,1,1,1,EM-3619-SC,DR-4829-SC,16903,4686,911,27.72,5.39,6789,999,40.16,5.91,5428,899,32.11,5.32,Yes,93.68,75.34,97.29,89.12,60.86,97.82,96.22,77.05,98.96,18172,18555,0,8622,40,7104,267,82.4,3.0,5230,278,73.6,3.2,1874,246,26.4,3.2,65.4,0.8,544,142,7.7,2.0,83,75,1.2,1.0,1510,257,21.3,3.6,22.4,3.7,3833,39,20.7,0.2,3505,32,18.9,0.2,3980,365,22.2,2.0,511,186,2.9,1.1,18561,18561,7183,475,1450327691.0,100.0,6.6,33.15,3,44774,5386,4059,798,24.2,4.8,16760,3.7,281,7528,4.0,317,7890,3.8,301,7990,3.2,249,7841,3.7,290,7933,4.5,366,8208,5.1,421,8218,4.7,382,8045,3.8,298,7895,3.9,307,7860,3.9,299,7676,3.7,283,7631,3.8,293,7632,4.1,342,8275,3.6,303,8303,3.4,278,8097,3.4,272,8025,4.4,359,8115,-1,1,-1,-1,0,1,1,1,-1,1,1,-1,1,1,-1,10497,22701,2024-09-27 16:00:00+00:00,2024-09-27 16:00:00+00:00,46.2,50,50,5.6,DR-4829-SC,Hurricane,4829.0,SC,1327,0,2,2722,1872,1561,1652,952,206,947,321,0,1880,178,698,0,38.3,2.9,13.3,69.1,86.4,73.7,0.0
"Jasper County, South Carolina","POLYGON ((-81.2812975973478 32.556440280647, -81.22258 32.603825, -81.207206 32.610526, -81.098788 32.688733, -81.029274 32.741612, -81.014625 32.753058, -81.012302 32.746243, -80.987422 32.726289, -80.964156 32.694701, -80.945865 32.687348, -80.951469 32.660128, -80.962951 32.652243, -80.95867 32.642507, -80.929287 32.636574, -80.902448 32.621561, -80.869705 32.660935, -80.848442 32.614857, -80.831543 32.593388, -80.837851 32.539278, -80.847733 32.530057, -80.836013 32.518161, -80.819179 32.485942, -80.817429 32.472589, -80.81869 32.463935, -80.830165 32.462093, -80.841246 32.442375, -80.847973 32.411642, -80.82924 32.41147, -80.841458 32.385064, -80.873715 32.369059, -80.877594 32.345901, -80.892054 32.353731, -80.921883 32.351834, -80.928775 32.331302, -80.934125 32.321151, -80.93494 32.300108, -80.982108 32.305925, -81.002314 32.306454, -81.006369 32.306521, -80.994209 32.290558, -80.991677 32.267546, -81.016112 32.244294, -81.012452 32.236226, -81.012331 32.218449, -80.994289 32.196387, -80.948423 32.167386, -80.953825 32.141712, -80.967227 32.140717, -80.961471 32.126358, -80.941262 32.137172, -80.925121 32.131233, -80.90972 32.134707, -80.92693 32.119453, -80.899642 32.111123, -80.910545 32.079923, -80.8781107060704 32.0797919665806, -80.905378 32.051943, -80.9043214139899 32.0512799789031, -80.8972025857707 32.0468128240769, -80.892344 32.043764, -80.885517 32.0346, -80.892977 32.034949, -80.910669 32.036735, -80.917845 32.037575, -80.922794 32.039151, -80.926753 32.041672, -80.933557 32.047554, -80.943226 32.057824, -80.954482 32.068622, -80.959402 32.071259, -80.978833 32.077309, -80.983133 32.079609, -80.987733 32.084209, -80.991733 32.091208, -80.994333 32.094608, -80.999833 32.099014, -81.002297 32.100048, -81.006745 32.101152, -81.011961 32.100176, -81.016009 32.097424, -81.0200974360579 32.0926698182523, -81.021622 32.090897, -81.032674 32.08545, -81.038265 32.084469, -81.050234 32.085308, -81.060442 32.087503, -81.066906 32.090351, -81.083546 32.100782, -81.0875706967497 32.1035017609435, -81.088234 32.10395, -81.090874 32.10699, -81.091498 32.110782, -81.093386 32.11123, -81.100458 32.111181, -81.111134 32.112005, -81.113334 32.113205, -81.117234 32.117605, -81.1194621632529 32.1310571319867, -81.119994 32.134268, -81.119134 32.142104, -81.118334 32.144403, -81.120034 32.153303, -81.122034 32.161803, -81.123134 32.162902, -81.128434 32.164402, -81.129634 32.165602, -81.129402 32.166922, -81.128134 32.169102, -81.124492 32.17212, -81.121134 32.174902, -81.119434 32.175402, -81.119361 32.177142, -81.120434 32.178702, -81.119834 32.181202, -81.117934 32.185301, -81.118234 32.189201, -81.12315 32.201329, -81.128283 32.208634, -81.136012 32.212858, -81.136727 32.213669, -81.143139 32.221731, -81.146530388013 32.226938177361, -81.1484983815839 32.2299598580208, -81.153531 32.237687, -81.155995 32.241478, -81.156587 32.24391, -81.155595 32.246022, -81.148334 32.255098, -81.145834 32.263397, -81.136534 32.272697, -81.130834 32.274597, -81.128034 32.276297, -81.121433 32.284496, -81.119633 32.287596, -81.119833 32.289596, -81.122333 32.305395, -81.122933 32.307295, -81.123933 32.308695, -81.125433 32.309295, -81.135733 32.324594, -81.137633 32.328194, -81.137032 32.329994, -81.133032 32.334794, -81.133632 32.341293, -81.140932 32.349393, -81.142532 32.350893, -81.1439190087336 32.3510779344978, -81.144032 32.351093, -81.147632 32.349393, -81.148477 32.347549, -81.149073 32.346682, -81.150589 32.34587, -81.152105 32.345816, -81.153296 32.345816, -81.154 32.345924, -81.154433 32.346087, -81.154812 32.346412, -81.155136 32.34717, -81.154974 32.348794, -81.155032 32.350093, -81.161732 32.356092, -81.170126 32.361318, -81.170858 32.362722, -81.170553 32.363821, -81.169332 32.365591, -81.168722 32.367544, -81.169332 32.369436, -81.173432 32.372591, -81.1802586580644 32.3795668795168, -81.181072 32.380398, -81.178131 32.38459, -81.177231 32.39169, -81.180931 32.39649, -81.189731 32.407289, -81.194931 32.411489, -81.20513 32.423788, -81.20843 32.435987, -81.207246 32.437542, -81.20453 32.438687, -81.202588 32.439833, -81.201595 32.44136, -81.201137 32.442964, -81.201137 32.444033, -81.202206 32.445484, -81.203046 32.447164, -81.203046 32.448844, -81.202359 32.450448, -81.200908 32.451593, -81.197529 32.452086, -81.192629 32.456286, -81.187329 32.462886, -81.186829 32.464086, -81.188129 32.465386, -81.189229 32.465586, -81.192429 32.464786, -81.194829 32.465086, -81.200029 32.467985, -81.212428 32.478685, -81.227528 32.493884, -81.233585 32.498488, -81.238281 32.505988, -81.238728 32.508896, -81.238411 32.510192, -81.236707 32.511402, -81.234834 32.512271, -81.234023 32.513778, -81.23466 32.51627, -81.237095 32.517314, -81.24501 32.518317, -81.247874 32.518231, -81.249827 32.517541, -81.252882 32.51833, -81.2625722468333 32.5251582093134, -81.277131 32.535417, -81.276242 32.538558, -81.274802 32.541143, -81.274927 32.544158, -81.275213 32.545202, -81.279238 32.55459, -81.2812975973478 32.556440280647))",45053,1,1,1,1,EM-3619-SC,DR-4829-SC,32481,7292,1619,22.45,4.98,16519,1870,50.86,5.76,8670,1717,26.69,5.29,Yes,76.98,43.7,91.05,56.52,28.26,84.77,78.25,44.52,93.83,35618,30658,0,13868,26,12420,366,89.6,2.6,9438,494,76.0,3.4,2982,433,24.0,3.4,69.5,1.3,710,334,5.7,2.7,288,151,2.3,1.2,1613,387,13.0,3.2,13.8,3.1,5838,30,19.0,0.1,6731,130,22.0,0.4,4513,614,15.3,2.1,1749,339,6.0,1.2,25667,28791,11272,586,1696790801.0,89.1,5.2,43.95,2,61816,7252,5238,1047,16.2,3.2,32303,3.7,489,13292,4.1,564,13722,3.7,513,13932,3.2,441,13938,3.7,524,14127,4.7,680,14546,4.8,706,14709,4.9,710,14433,4.2,594,14130,4.1,574,14141,4.1,564,13884,3.9,541,13827,4.2,583,13837,4.4,634,14324,4.0,575,14335,3.5,495,14245,3.6,514,14235,4.5,655,14464,0,1,-1,-1,1,1,1,0,0,0,0,-1,1,1,-1,15402,47223,2024-09-27 15:15:00+00:00,2024-09-27 15:15:00+00:00,32.6,34,50,4.4,DR-4829-SC,Hurricane,4829.0,SC,1063,0,2,2332,1630,1398,1450,897,200,892,312,0,1582,182,654,0,18.8,1.6,7.2,67.8,91.0,73.3,0.0
"Kershaw County, South Carolina","POLYGON ((-80.879227 34.457776, -80.743345 34.539916, -80.745617 34.512591, -80.740106 34.507377, -80.745597 34.491174, -80.739966 34.479957, -80.713329 34.487334, -80.709185 34.505115, -80.689079 34.515324, -80.673778 34.492176, -80.658417 34.478612, -80.632213 34.491433, -80.594667 34.501809, -80.57937 34.484569, -80.548906 34.493264, -80.54405 34.507491, -80.524111 34.509362, -80.546606 34.551358, -80.550666 34.559967, -80.408373 34.614765, -80.379387 34.585064, -80.372336 34.546769, -80.363674 34.538818, -80.358873 34.536364, -80.353634 34.520901, -80.342751 34.512678, -80.330747 34.510059, -80.326359 34.437132, -80.311584 34.423254, -80.302215 34.399821, -80.285599 34.393978, -80.288596 34.366207, -80.288692 34.364139, -80.326129 34.344234, -80.363759 34.339547, -80.353274 34.303338, -80.382004 34.305188, -80.433464 34.286932, -80.424028 34.250431, -80.43299 34.248856, -80.433442 34.222958, -80.445164 34.206046, -80.454545 34.207963, -80.452367 34.198991, -80.479857 34.168696, -80.58011 34.099949, -80.618533 34.10917, -80.616186 34.099605, -80.658845 34.085872, -80.692965 34.08128, -80.719318 34.068972, -80.78716 34.122956, -80.820096 34.149169, -80.848083 34.171452, -80.865001 34.180141, -80.86913 34.182866, -80.840951 34.238921, -80.825921 34.26876, -80.769926 34.377111, -80.781444 34.385855, -80.783207 34.406485, -80.793478 34.413298, -80.825651 34.411865, -80.838576 34.418987, -80.879227 34.457776))",45055,1,1,1,1,EM-3619-SC,DR-4829-SC,69870,23419,2791,33.52,3.99,30919,2984,44.25,4.27,15532,2557,22.23,3.66,No,48.23,25.25,71.14,30.43,15.22,54.34,0.0,0.0,0.0,71698,66924,0,29623,38,25877,494,87.4,1.7,21129,644,81.7,2.0,4748,525,18.3,2.0,72.8,0.7,1418,301,5.5,1.2,607,191,2.3,0.7,3220,422,12.4,1.6,13.4,1.7,15557,28,23.2,0.1,12641,147,18.9,0.2,10781,849,16.3,1.3,1254,283,2.0,0.5,34541,65403,25957,1279,1881916510.0,52.8,4.9,90.01,2,69277,7037,8718,1753,12.6,2.5,69403,3.6,1139,31469,3.9,1252,31959,3.5,1123,32102,3.1,990,31981,3.8,1206,32060,4.6,1487,32437,4.7,1543,32687,4.9,1594,32416,4.2,1370,32451,4.3,1408,32567,4.2,1339,32126,3.9,1251,32131,4.1,1331,32081,4.4,1456,32862,4.0,1323,32884,3.8,1229,32701,3.7,1217,32678,4.5,1487,32979,-1,1,-1,0,0,0,1,0,0,0,0,1,1,1,-1,9055,71218,2024-09-27 14:30:00+00:00,2024-09-27 14:30:00+00:00,12.7,34,34,3.5,DR-4829-SC,Hurricane,4829.0,SC,538,0,1,1632,1153,973,982,521,65,518,101,0,1007,62,334,0,6.3,0.3,2.0,61.7,95.4,64.5,0.0
"Lancaster County, South Carolina","POLYGON ((-80.90358 35.018688, -80.906376 35.076248, -80.9062325339665 35.0764190603398, -80.898065104052 35.0676533791896, -80.884887 35.05351, -80.8848629313759 35.0534819452132, -80.870549306055 35.0367977464817, -80.8705476598941 35.0367958276893, -80.8643778038261 35.0296041412735, -80.8515067423286 35.0146014188259, -80.8514395471785 35.0145230950461, -80.840366453868 35.0016161140946, -80.831541835926 34.9913299932712, -80.82156 34.979695, -80.8214239517349 34.9795435754083, -80.8135539938927 34.9707841461532, -80.806784 34.963249, -80.806461 34.962894, -80.7882846335211 34.9427130897262, -80.7882815157383 34.9427096281051, -80.782042 34.935782, -80.7840958040742 34.9204129693284, -80.786517350476 34.9022920485499, -80.795109 34.837999, -80.7963317512036 34.8288510335009, -80.796997 34.823874, -80.797543 34.819786, -80.777712 34.819697, -80.771792 34.819646, -80.726949 34.8192682100709, -80.692654972263 34.8189792923288, -80.684074 34.818907, -80.646601 34.818592, -80.644656 34.818568, -80.6262899995456 34.8182210240508, -80.626077 34.818217, -80.625993 34.818239, -80.621222 34.818174, -80.5617093879227 34.8174816094994, -80.544479 34.783956, -80.517871 34.762716, -80.485567 34.717429, -80.48797 34.703895, -80.473065 34.692357, -80.460782 34.676984, -80.429872 34.655828, -80.432817 34.638798, -80.413898 34.627796, -80.408373 34.614765, -80.550666 34.559967, -80.546606 34.551358, -80.524111 34.509362, -80.54405 34.507491, -80.548906 34.493264, -80.57937 34.484569, -80.594667 34.501809, -80.632213 34.491433, -80.658417 34.478612, -80.673778 34.492176, -80.689079 34.515324, -80.709185 34.505115, -80.713329 34.487334, -80.739966 34.479957, -80.745597 34.491174, -80.740106 34.507377, -80.745617 34.512591, -80.743345 34.539916, -80.879227 34.457776, -80.888246 34.467874, -80.898722 34.486694, -80.88172 34.500117, -80.877491 34.543146, -80.872863 34.552965, -80.882346 34.584744, -80.89209 34.598053, -80.896374 34.635224, -80.886493 34.65705, -80.888469 34.668603, -80.86035 34.695736, -80.877594 34.743889, -80.875797 34.785246, -80.876318 34.788537, -80.898215 34.820746, -80.898596 34.826144, -80.870798 34.843155, -80.880153 34.873352, -80.878262 34.902951, -80.867302 34.913391, -80.868214 34.941227, -80.86859 34.950711, -80.884291 34.965772, -80.893281 34.998156, -80.902296 35.005742, -80.89695 35.013335, -80.909535 35.016871, -80.90358 35.018688))",45057,1,1,0,1,EM-3619-SC,DR-4829-SC,106907,39440,3996,36.89,3.74,45110,4218,42.2,3.95,22357,3423,20.91,3.2,No,38.77,20.39,61.41,23.91,10.87,43.47,0.0,0.0,0.0,111652,100905,0,42696,60,39204,654,91.8,1.5,32646,857,83.3,1.6,6558,650,16.7,1.6,75.8,0.6,1994,435,5.1,1.1,401,137,1.0,0.3,3950,552,10.1,1.4,10.2,1.4,21807,0,21.6,0.0,21699,196,21.5,0.2,14129,1157,14.2,1.2,3248,412,3.4,0.4,36425,96016,37903,1670,1422354438.0,37.9,4.4,174.84,1,74417,4587,11435,2116,10.8,2.0,106134,3.9,1916,48956,4.2,2040,49062,4.0,1989,49460,3.4,1677,49290,3.8,1858,49482,4.6,2297,50258,4.8,2411,50178,5.0,2522,50047,4.4,2180,49555,4.5,2213,49644,4.5,2228,49524,4.3,2124,49539,4.4,2190,49709,4.7,2365,49980,4.5,2234,50165,4.0,2003,50104,4.0,1991,50325,4.6,2334,51119,1,1,-1,0,0,0,1,0,-1,-1,-1,-1,1,0,-1,17052,91850,2024-09-27 15:00:00+00:00,2024-09-27 15:00:00+00:00,18.6,34,34,4.1,,,,,0,0,0,0,0,0,0,0,0,0,0,0,0,0,0,0,0.0,0.0,0.0,0.0,0.0,0.0,0.0
"Laurens County, South Carolina","POLYGON ((-82.313871 34.484335, -82.236065 34.535083, -82.235721 34.54949, -82.234779 34.588815, -82.216266 34.632546, -82.197429 34.676994, -82.187486 34.698397, -82.17784 34.718755, -82.145587 34.785208, -82.131812 34.778466, -82.115364 34.74893, -82.083913 34.74481, -82.069337 34.719037, -82.066635 34.715248, -82.071418 34.703815, -82.057125 34.695866, -82.016201 34.668729, -82.012297 34.668587, -81.970449 34.649824, -81.951833 34.649523, -81.911864 34.608925, -81.880229 34.596668, -81.863039 34.580211, -81.851865 34.594775, -81.842846 34.600635, -81.839445 34.593299, -81.81817 34.588202, -81.800262 34.574811, -81.749606 34.568344, -81.716182 34.551449, -81.701054 34.559363, -81.681293 34.557685, -81.658366 34.547759, -81.643552 34.533652, -81.703198 34.452631, -81.722491 34.449661, -81.738183 34.429083, -81.782082 34.365615, -81.785754 34.363272, -81.836257 34.343161, -81.848467 34.323528, -81.869722 34.31411, -81.883076 34.311964, -81.895713 34.29988, -81.903453 34.262864, -81.926727 34.219721, -81.945019 34.203148, -81.971079 34.222157, -81.978375 34.238109, -82.007176 34.24152, -82.025562 34.258446, -82.048892 34.267271, -82.058706 34.279175, -82.08367 34.29924, -82.089719 34.301579, -82.096721 34.302185, -82.109793 34.307805, -82.121724 34.303403, -82.134027 34.323794, -82.169297 34.330746, -82.177999 34.358134, -82.223625 34.391707, -82.227886 34.402171, -82.246337 34.409676, -82.266905 34.433668, -82.31484 34.470294, -82.313871 34.484335))",45059,1,1,1,1,EM-3619-SC,DR-4829-SC,67759,21450,2572,31.66,3.8,29235,2750,43.15,4.06,17074,2371,25.2,3.5,No,69.32,45.92,82.63,50.0,30.43,69.56,0.0,0.0,0.0,70545,67904,0,31695,45,26291,602,82.9,1.9,18576,638,70.7,1.9,7715,547,29.3,1.9,69.1,0.5,1685,278,6.4,1.1,258,110,1.0,0.4,4579,552,17.4,2.0,17.8,2.0,14947,11,22.0,0.1,12803,118,18.9,0.2,11643,730,17.4,1.1,1857,285,2.9,0.4,43239,67539,26691,1499,1846327197.0,64.0,5.6,94.74,2,56237,3952,11202,2087,16.7,3.1,67084,4.0,1209,30530,4.2,1305,30806,3.8,1189,30945,3.4,1066,30950,4.1,1278,30820,4.9,1536,31267,5.3,1668,31323,5.3,1642,31181,4.5,1402,31086,4.6,1416,31089,4.5,1410,31018,4.3,1324,30993,4.6,1412,30971,4.7,1473,31279,4.4,1396,31412,4.3,1360,31388,4.2,1308,31319,4.8,1528,31621,-1,1,-1,0,0,1,1,1,-1,1,1,-1,1,1,-1,27984,143868,2024-09-27 13:00:00+00:00,2024-09-27 13:00:00+00:00,19.5,34,34,9.2,DR-4829-SC,Hurricane,4829.0,SC,9740,0,12,16516,12286,8964,11152,6792,747,6779,1231,7,10964,672,4661,7,62.8,2.8,25.8,66.4,90.0,68.8,100.0
"Lexington County, South Carolina","POLYGON ((-81.567949 33.888735, -81.565931 33.891782, -81.539321 33.944094, -81.495941 34.027509, -81.492397 34.034257, -81.471972 34.076552, -81.466669 34.087247, -81.444674 34.077884, -81.424727 34.08317, -81.394083 34.071545, -81.388235 34.079347, -81.399301 34.089358, -81.437172 34.129963, -81.422754 34.150567, -81.403672 34.177876, -81.373274 34.179599, -81.352349 34.196689, -81.338961 34.197587, -81.314456 34.186905, -81.307171 34.172212, -81.315037 34.146141, -81.298011 34.124917, -81.288312 34.117529, -81.275845 34.097381, -81.27095 34.099044, -81.258063 34.101929, -81.223284 34.100777, -81.201839 34.097168, -81.186513 34.092771, -81.172889 34.090145, -81.171262 34.086879, -81.152894 34.077604, -81.139282 34.068341, -81.125257 34.05574, -81.116307 34.045211, -81.11056 34.0369, -81.103823 34.023316, -81.103689 34.023349, -81.089612 34.013412, -81.073633 34.006615, -81.059715 34.005253, -81.050859 33.995775, -81.04645 33.988028, -81.045932 33.977339, -81.039234 33.969025, -81.017214 33.925855, -81.029214 33.916454, -81.014267 33.908148, -81.020707 33.884656, -81.01233 33.88008, -81.034867 33.871961, -81.038636 33.8685, -81.046283 33.798346, -81.047411 33.789743, -81.060494 33.762545, -81.058521 33.747053, -81.036124 33.745211, -81.032867 33.764055, -81.023475 33.763469, -81.014003 33.781241, -80.966995 33.777181, -80.939953 33.76913, -80.924655 33.756779, -80.945601 33.749297, -80.955743 33.737818, -80.991997 33.732172, -81.042854 33.707131, -81.05669 33.703432, -81.086803 33.695315, -81.108727 33.685593, -81.186912 33.652919, -81.187271 33.652937, -81.207395 33.658876, -81.269224 33.690172, -81.269666 33.693142, -81.366814 33.728467, -81.389853 33.727166, -81.403601 33.732268, -81.41084 33.731044, -81.421347 33.737605, -81.431748 33.769014, -81.460577 33.797175, -81.504566 33.808449, -81.53359 33.832154, -81.546946 33.858683, -81.571487 33.877318, -81.567949 33.888735))",45063,1,1,1,1,EM-3619-SC,DR-4829-SC,309327,122592,9992,39.63,3.23,131736,10177,42.59,3.29,54999,7755,17.78,2.51,No,17.14,9.35,36.41,13.04,4.35,21.74,20.2,8.9,36.64,313774,300370,0,130874,118,120789,814,92.3,0.6,92829,1056,76.9,0.8,27960,1019,23.1,0.8,66.2,0.1,4329,515,3.6,0.4,1458,259,1.2,0.2,11805,991,9.8,0.8,10.4,0.8,69460,53,23.1,0.1,50204,5,16.7,0.1,40532,1454,13.6,0.5,9477,853,3.3,0.3,73952,293991,116720,4634,1809330225.0,25.2,4.0,420.84,1,76559,3216,34255,4324,11.2,1.4,306767,3.1,4663,152628,3.4,5198,153659,3.1,4772,154339,2.7,4240,154267,3.4,5190,154443,4.1,6453,155755,4.3,6707,156780,4.3,6724,155548,3.6,5687,156014,3.7,5789,156582,3.6,5663,155319,3.4,5251,155568,3.6,5577,155239,3.9,6136,156319,3.6,5562,156525,3.2,5060,156398,3.2,4984,156681,3.9,6160,158369,1,1,-1,1,0,-1,1,-1,-1,-1,-1,1,0,1,-1,126022,367488,2024-09-27 13:15:00+00:00,2024-09-27 13:15:00+00:00,34.3,34,34,5.6,DR-4829-SC,Hurricane,4829.0,SC,7155,0,6,16573,11728,9736,9698,4533,578,4515,954,1,10214,498,2591,1,13.7,0.5,3.7,61.6,86.2,57.4,100.0
"Mccormick County, South Carolina","POLYGON ((-82.5944878368938 34.0139372478806, -82.530567 34.071925, -82.500851 34.071903, -82.483551 34.081215, -82.452707 34.060344, -82.376589 34.057374, -82.326947 34.06412, -82.308167 33.979951, -82.292561 33.979331, -82.243651 34.017886, -82.220076 33.990411, -82.200286 33.978597, -82.167716 33.973052, -82.151068 33.986517, -82.104777 33.98444, -82.076108 33.978783, -82.04513 33.983396, -82.046974 33.95321, -82.1557 33.92929, -82.148275 33.902811, -82.154551 33.881673, -82.113728 33.82988, -82.12351 33.827781, -82.149544 33.789131, -82.172379 33.765711, -82.164191 33.743367, -82.182888 33.723732, -82.166027 33.690316, -82.143924 33.684744, -82.148447 33.676772, -82.134481 33.673905, -82.131741 33.65952, -82.110474 33.655299, -82.095527 33.633869, -82.113661 33.600262, -82.115327504273 33.5965013034719, -82.116545 33.596485, -82.120385 33.594885, -82.1232210073782 33.5927400073782, -82.125864 33.590741, -82.12908 33.589925, -82.133523 33.590535, -82.142872 33.594278, -82.148816 33.598092, -82.15106 33.600956, -82.153357 33.606319, -82.156288 33.60863, -82.158331 33.60971, -82.161908 33.610643, -82.1641411027551 33.6110870003388, -82.174351 33.613117, -82.179854 33.615945, -82.186154 33.62088, -82.196583 33.630582, -82.201186 33.646898, -82.199747 33.657611, -82.199847 33.661758, -82.200718 33.66464, -82.208411 33.669872, -82.209677 33.67176, -82.212047 33.677317, -82.216868 33.6844, -82.218649 33.686299, -82.222709 33.689124, -82.234576 33.700216, -82.237192 33.70788, -82.235753 33.71439, -82.239098 33.730872, -82.240405 33.734901, -82.246161 33.746347, -82.247472 33.752591, -82.255267 33.75969, -82.258049 33.760429, -82.259471 33.760245, -82.263206 33.761962, -82.26438 33.763481, -82.265019 33.765742, -82.266127 33.766745, -82.267719 33.767651, -82.270445 33.767913, -82.277681 33.772032, -82.28106 33.776056, -82.285804 33.780058, -82.289762 33.782032, -82.292468 33.782406, -82.294984 33.781868, -82.298286 33.783518, -82.299393 33.785037, -82.299601 33.786483, -82.298923 33.795839, -82.29928 33.798939, -82.300213 33.800627, -82.302885 33.802907, -82.308997 33.805892, -82.313339 33.809205, -82.314746 33.811499, -82.3163272781522 33.8128853394032, -82.32448 33.820033, -82.337829 33.827156, -82.346933 33.834298, -82.351881 33.836432, -82.3563300030289 33.8379669137932, -82.3581928034975 33.838609583199, -82.369107 33.842375, -82.371775 33.843813, -82.374286 33.84559, -82.37975 33.851086, -82.384973 33.854428, -82.390527 33.857162, -82.395736 33.859089, -82.400517 33.863343, -82.403881 33.865477, -82.408354 33.86632, -82.414259 33.865348, -82.417871 33.864233, -82.422803 33.863754, -82.429164 33.865844, -82.43115 33.867051, -82.438644 33.873919, -82.440503 33.875123, -82.448109 33.877543, -82.455105 33.88165, -82.459391 33.886386, -82.469913 33.892838, -82.480111 33.901897, -82.492929 33.909754, -82.496109 33.913459, -82.503584 33.926048, -82.50764 33.931456, -82.51295 33.936969, -82.524515 33.94336, -82.526741 33.943765, -82.534111 33.943651, -82.53977 33.941551, -82.543128 33.940949, -82.554497 33.943819, -82.556835 33.945353, -82.5645307378126 33.9557408056418, -82.564582 33.95581, -82.5657 33.958682, -82.566145 33.9639, -82.568288 33.968772, -82.569864 33.970684, -82.574724 33.974113, -82.57754 33.977034, -82.579576 33.979761, -82.580551 33.982463, -82.580571 33.98514, -82.579996 33.987011, -82.578244 33.988671, -82.57633 33.989694, -82.575351 33.990904, -82.57554 33.992049, -82.576222 33.993106, -82.577735 33.993743, -82.583394 33.995286, -82.586234 33.997151, -82.589245 34.000118, -82.591855 34.009018, -82.5944878368938 34.0139372478806))",45065,1,1,1,1,EM-3619-SC,DR-4829-SC,9281,1774,565,19.11,6.09,4382,682,47.21,7.35,3125,652,33.67,7.03,No,95.76,74.67,98.62,95.64,58.69,99.99,0.0,0.0,0.0,9983,9701,0,5563,22,4107,221,73.8,4.0,3445,209,83.9,3.8,662,172,16.1,3.8,93.4,0.7,268,101,6.5,2.5,26,35,0.6,0.8,458,129,11.2,3.1,11.2,3.1,1014,7,10.5,0.1,3670,18,37.8,0.2,1522,220,17.3,2.5,2,8,0.0,0.1,9526,9526,4080,148,929521239.0,100.0,3.6,26.54,3,58475,7477,1618,342,17.6,3.7,9173,4.8,159,3300,5.5,186,3379,4.9,168,3418,4.0,136,3402,4.1,141,3414,5.2,183,3514,5.9,208,3500,6.2,216,3491,5.2,180,3452,5.0,172,3419,5.1,173,3379,4.8,162,3381,5.1,171,3378,5.3,187,3516,4.8,167,3484,4.1,142,3447,4.2,143,3416,5.1,175,3454,-1,1,-1,-1,0,1,1,0,-1,0,0,-1,1,1,-1,6369,10529,2024-10-01 23:45:00+00:00,2024-10-01 23:45:00+00:00,60.5,34,50,9.4,DR-4829-SC,Hurricane,4829.0,SC,1785,0,2,2894,2528,1478,2365,1856,114,1853,209,2,2213,106,1435,2,70.5,2.8,45.1,76.5,93.0,77.4,100.0
"Newberry County, South Carolina","POLYGON ((-81.945019 34.203148, -81.926727 34.219721, -81.903453 34.262864, -81.895713 34.29988, -81.883076 34.311964, -81.869722 34.31411, -81.848467 34.323528, -81.836257 34.343161, -81.785754 34.363272, -81.782082 34.365615, -81.738183 34.429083, -81.722491 34.449661, -81.703198 34.452631, -81.643552 34.533652, -81.62719 34.521685, -81.617791 34.525249, -81.588783 34.497012, -81.552944 34.476874, -81.557021 34.463921, -81.541005 34.445034, -81.484647 34.490003, -81.444938 34.487991, -81.423241 34.494379, -81.413008 34.473009, -81.42124 34.453824, -81.411211 34.433252, -81.394845 34.387098, -81.372097 34.35166, -81.366471 34.325822, -81.339674 34.289981, -81.341804 34.266311, -81.328381 34.257022, -81.321072 34.243731, -81.316911 34.239458, -81.345328 34.20503, -81.338961 34.197587, -81.352349 34.196689, -81.373274 34.179599, -81.403672 34.177876, -81.422754 34.150567, -81.437172 34.129963, -81.399301 34.089358, -81.388235 34.079347, -81.394083 34.071545, -81.424727 34.08317, -81.444674 34.077884, -81.466669 34.087247, -81.471972 34.076552, -81.485078 34.082299, -81.502477 34.07388, -81.51385 34.082253, -81.540507 34.083304, -81.545585 34.091, -81.548539 34.093905, -81.568511 34.099687, -81.591476 34.117808, -81.596516 34.117493, -81.619946 34.124724, -81.636963 34.146181, -81.672671 34.156009, -81.691503 34.172943, -81.709036 34.173179, -81.731614 34.187613, -81.743947 34.179158, -81.771025 34.173854, -81.773636 34.166591, -81.810816 34.175381, -81.838789 34.172204, -81.860417 34.179441, -81.876356 34.167834, -81.878848 34.156704, -81.870084 34.135357, -81.897258 34.146372, -81.926748 34.195856, -81.945019 34.203148))",45071,1,1,1,1,EM-3619-SC,DR-4829-SC,37673,11376,1723,30.2,4.57,16634,1890,44.15,5.02,9663,1675,25.65,4.45,No,71.61,42.52,86.86,52.17,28.26,78.25,0.0,0.0,0.0,39203,38121,0,18398,63,15220,449,82.7,2.4,11172,476,73.4,2.9,4048,483,26.6,2.9,71.3,0.5,824,214,5.4,1.4,196,107,1.3,0.7,1970,380,12.9,2.4,13.6,2.5,8274,63,21.7,0.2,7593,43,19.9,0.1,6227,504,16.5,1.3,1464,298,4.1,0.8,25377,37719,15039,684,1632484450.0,67.3,4.5,59.84,2,57325,6329,6541,1107,17.5,3.0,37298,4.0,724,18182,4.0,753,18626,3.8,718,18789,3.3,615,18561,4.0,737,18519,4.8,897,18725,4.9,924,18758,5.0,930,18569,4.2,772,18461,4.3,801,18510,4.2,771,18216,4.0,727,18168,4.4,797,18237,4.4,824,18821,3.9,720,18597,3.7,684,18488,3.8,693,18393,4.6,850,18473,-1,1,-1,-1,0,1,1,0,-1,0,0,-1,1,1,-1,16661,35476,2024-09-28 04:30:00+00:00,2024-09-28 04:30:00+00:00,47.0,34,34,6.6,DR-4829-SC,Hurricane,4829.0,SC,3877,0,4,6982,5695,3435,5378,4107,253,4103,374,1,4416,222,2654,1,45.9,1.7,27.0,63.2,87.7,64.7,100.0
"Oconee County, South Carolina","POLYGON ((-83.353238 34.728648, -83.348829 34.737194, -83.338666 34.742295, -83.320062 34.759616, -83.321008 34.765371, -83.319945 34.773725, -83.3238289970818 34.7895611288823, -83.323866 34.789712, -83.313782 34.799911, -83.303643 34.802403, -83.301182 34.804008, -83.301482 34.808677, -83.302965 34.811073, -83.302965 34.812214, -83.302395 34.813241, -83.301368 34.814154, -83.299428 34.814268, -83.297259 34.814268, -83.294292 34.814725, -83.291325 34.818833, -83.29112 34.822508, -83.289914 34.824477, -83.284812 34.823043, -83.283151 34.821328, -83.275656 34.816862, -83.271214 34.81844, -83.268159 34.821393, -83.267293 34.832748, -83.269982 34.837196, -83.267656 34.845289, -83.26452 34.846402, -83.262193 34.846402, -83.25986 34.845629, -83.258146 34.844985, -83.255718 34.845592, -83.254605 34.846402, -83.253762 34.848057, -83.252582 34.853483, -83.250053 34.856012, -83.24722 34.85844, -83.247018 34.863094, -83.245602 34.865522, -83.240847 34.866736, -83.238419 34.869771, -83.238557 34.872868, -83.239081 34.875661, -83.23751 34.877057, -83.232379 34.878051, -83.22924 34.879907, -83.220099 34.878124, -83.213323 34.882796, -83.209683 34.880279, -83.205627 34.880142, -83.201183 34.884653, -83.204572 34.890284, -83.203351 34.893717, -83.197627 34.895046, -83.194786 34.897843, -83.190409 34.89794, -83.186541 34.899534, -83.180871 34.904708, -83.178932 34.90825, -83.174034 34.910911, -83.170754 34.914231, -83.168524 34.91788, -83.165022 34.918853, -83.160937 34.918269, -83.158019 34.920117, -83.155879 34.9243, -83.153253 34.926342, -83.149946 34.927218, -83.143261 34.924756, -83.140621 34.924915, -83.130554 34.930932, -83.129885 34.932351, -83.130356 34.935167, -83.129493 34.937402, -83.12807 34.938113, -83.125175 34.937047, -83.122585 34.938062, -83.121112 34.939129, -83.120502 34.941262, -83.121214 34.942684, -83.12294 34.944513, -83.126761 34.948742, -83.127035 34.953778, -83.124378 34.95524, -83.12114 34.958966, -83.121803 34.96362, -83.120387 34.968406, -83.112021 34.975896, -83.110025 34.980635, -83.106991 34.98272, -83.10449 34.989332, -83.1046 34.992783, -83.105531 34.996344, -83.108606 35.000659, -83.1083960238887 35.0007155612179, -83.0191632184336 35.0247521819757, -83.0086662684035 35.027579743047, -82.999867 35.02995, -82.8975590881488 35.0560056967985, -82.918257 35.036065, -82.912259 35.008982, -82.928799 35.009616, -82.943597 34.987532, -82.91605 34.972558, -82.919157 34.95989, -82.904331 34.927872, -82.908382 34.918895, -82.901551 34.914905, -82.904678 34.859627, -82.896151 34.836578, -82.896614 34.802949, -82.888106 34.807705, -82.883494 34.791795, -82.874877 34.7912, -82.893232 34.765408, -82.900212 34.741074, -82.872956 34.736605, -82.855588 34.72527, -82.865584 34.702191, -82.850735 34.692848, -82.850781 34.692769, -82.85347 34.679689, -82.840097 34.652512, -82.82288 34.654503, -82.847954 34.637065, -82.854715 34.624159, -82.840009 34.623311, -82.862354 34.602223, -82.865266 34.599471, -82.873309 34.591875, -82.9922154353933 34.4791982077022, -82.992671 34.479072, -82.995279 34.475648, -82.99509 34.472483, -82.9990547221144 34.4723053618251, -83.002924 34.472132, -83.0285774188715 34.483811202294, -83.029315 34.484147, -83.032513 34.483032, -83.034712 34.483495, -83.043771 34.488816, -83.048289 34.493254, -83.0494672080646 34.495092874783, -83.054463 34.50289, -83.057843 34.503711, -83.065515 34.501126, -83.069451 34.502131, -83.087189 34.515939, -83.086861 34.517798, -83.077995 34.523746, -83.078113 34.524837, -83.084855 34.530967, -83.087789 34.532078, -83.092564 34.532944, -83.096858 34.531524, -83.102179 34.532179, -83.103176 34.533406, -83.1035628109401 34.5366302194271, -83.103987 34.540166, -83.122901 34.560129, -83.127176 34.561999, -83.129676 34.561699, -83.1381784266797 34.5669504988316, -83.139876 34.567999, -83.152577 34.578299, -83.154577 34.588198, -83.168278 34.590998, -83.170278 34.592398, -83.170978 34.598798, -83.169994 34.60201, -83.169572 34.603866, -83.169994 34.605444, -83.1730868769301 34.6069913391281, -83.173428 34.607162, -83.179439 34.60802, -83.1888933848013 34.6069301045571, -83.196979 34.605998, -83.199779 34.608398, -83.211598 34.610905, -83.221402 34.609947, -83.2270917148325 34.6106871344213, -83.23178 34.611297, -83.2388580391963 34.6153848254129, -83.243381 34.617997, -83.240676 34.624307, -83.240669 34.624507, -83.244581 34.626297, -83.248281 34.631696, -83.255281 34.637696, -83.262282 34.640296, -83.271982 34.641896, -83.27796 34.644853, -83.2803527399503 34.6465298326011, -83.286583 34.650896, -83.292883 34.654196, -83.300848 34.66247, -83.301477 34.666582, -83.304641 34.669561, -83.308917 34.670273, -83.314394 34.668944, -83.316401 34.669316, -83.318524 34.674773, -83.31944 34.675974, -83.321463 34.677543, -83.325336 34.679517, -83.330284 34.681342, -83.336207 34.680534, -83.33869 34.682002, -83.339029 34.683807, -83.339334815182 34.686666100518, -83.339367 34.686967, -83.340383 34.688998, -83.342414 34.691255, -83.344671 34.693512, -83.347831 34.696108, -83.349411 34.697575, -83.349975 34.699155, -83.349636 34.70096, -83.347831 34.703669, -83.347718 34.705474, -83.349788 34.708274, -83.350976 34.713243, -83.351392 34.714456, -83.352485 34.715993, -83.3524926405687 34.7161214082301, -83.353238 34.728648))",45073,1,1,1,1,EM-3619-SC,DR-4829-SC,81009,24353,3123,30.06,3.86,36547,3350,45.11,4.14,20109,2879,24.82,3.55,No,66.87,43.06,81.45,45.65,28.26,69.56,0.0,0.0,0.0,82475,79566,0,41514,68,33653,691,81.1,1.7,25380,830,75.4,2.1,8273,744,24.6,2.1,77.2,0.5,1607,416,4.8,1.2,345,119,1.0,0.4,4058,527,12.1,1.6,12.5,1.6,15402,0,19.4,0.0,19264,125,24.2,0.2,14370,1024,18.2,1.3,1659,507,2.2,0.7,50110,78607,33241,1174,1622797504.0,63.7,3.5,125.46,2,67161,5673,11722,1788,14.6,2.2,80480,3.5,1239,35400,3.8,1377,36038,3.4,1222,36282,3.0,1083,36247,3.6,1293,36341,4.7,1722,36738,5.0,1852,36867,4.7,1714,36315,4.0,1433,36148,4.0,1447,36278,3.9,1394,35829,3.8,1339,35638,4.1,1464,35768,4.4,1592,36428,3.8,1391,36281,3.4,1241,36267,3.4,1251,36313,4.4,1598,36523,-1,1,-1,-1,0,1,1,0,-1,0,0,-1,1,1,-1,37716,77419,2024-09-27 15:00:00+00:00,2024-09-27 15:00:00+00:00,48.7,34,34,12.2,DR-4829-SC,Hurricane,4829.0,SC,2975,0,3,6229,4418,3328,3859,1965,213,1963,336,2,4081,179,1270,2,18.5,0.6,5.8,65.5,84.0,64.7,100.0
"Orangeburg County, South Carolina","POLYGON ((-81.373494 33.49051, -81.335642 33.521766, -81.187271 33.652937, -81.186912 33.652919, -81.108727 33.685593, -81.086803 33.695315, -81.05669 33.703432, -81.042854 33.707131, -80.965511 33.625305, -80.943954 33.643604, -80.93979 33.608798, -80.919677 33.605505, -80.885414 33.618208, -80.879528 33.619285, -80.807922 33.604143, -80.775976 33.581322, -80.731565 33.549502, -80.693855 33.521753, -80.69609 33.510458, -80.65902 33.470982, -80.627291 33.473821, -80.611327 33.470416, -80.624951 33.488763, -80.624702 33.498899, -80.587927 33.538882, -80.610346 33.550732, -80.601547 33.556195, -80.552272 33.565414, -80.540143 33.5618, -80.50335 33.535827, -80.505589 33.552592, -80.496273 33.558481, -80.485019 33.560047, -80.468421 33.541058, -80.447463 33.540472, -80.447324 33.524527, -80.46836 33.523237, -80.457265 33.501875, -80.439085 33.502025, -80.436526 33.491251, -80.437336 33.478794, -80.433515 33.475037, -80.398845 33.451541, -80.394811 33.447191, -80.354539 33.430408, -80.345819 33.4308, -80.322568 33.431371, -80.276675 33.446927, -80.239907 33.454675, -80.238075 33.439582, -80.222267 33.443716, -80.222568 33.391288, -80.241557 33.383084, -80.239619 33.352201, -80.2479 33.338163, -80.253836 33.29926, -80.277864 33.283005, -80.289268 33.279113, -80.317203 33.264118, -80.344645 33.277848, -80.355962 33.275808, -80.361851 33.257443, -80.39421 33.264663, -80.427092 33.257762, -80.484578 33.280034, -80.495176 33.302546, -80.494669 33.323807, -80.50279 33.334496, -80.612904 33.275852, -80.666187 33.247407, -80.701038 33.228668, -80.712892 33.222291, -80.790296 33.18084, -80.797912 33.176944, -80.8375 33.203712, -80.846151 33.238328, -80.887879 33.260539, -80.885206 33.262908, -80.887109 33.264183, -80.890196 33.261392, -80.948756 33.308047, -80.983569 33.324788, -81.024671 33.338908, -81.031028 33.348858, -81.032589 33.346579, -81.059543 33.358868, -81.07548 33.373442, -81.13068 33.38913, -81.133282 33.393722, -81.157004 33.406177, -81.189531 33.411683, -81.206606 33.437812, -81.22011 33.439493, -81.222673 33.44, -81.242908 33.441136, -81.267886 33.455551, -81.301445 33.481218, -81.313228 33.478347, -81.32165 33.482339, -81.33972 33.480274, -81.372931 33.490417, -81.373494 33.49051))",45075,1,1,1,1,EM-3619-SC,DR-4829-SC,79411,21409,3015,26.96,3.8,33014,3338,41.57,4.2,24988,2994,31.47,3.77,No,92.29,79.03,95.6,84.77,65.21,95.64,94.85,80.81,97.94,83129,83531,0,41420,51,32880,686,79.4,1.7,21670,765,65.9,2.0,11210,714,34.1,2.0,73.1,0.3,3073,412,9.3,1.2,1162,281,3.5,0.9,6669,687,20.3,2.0,21.1,1.9,18054,0,21.6,0.0,17227,76,20.6,0.1,11719,690,14.2,0.8,1395,366,1.8,0.5,55151,84223,33825,2102,2865509345.0,65.5,6.2,76.12,2,50959,3669,17088,2925,21.7,3.7,78672,5.2,1798,34829,5.0,1784,35339,5.1,1816,35625,4.7,1650,35085,5.7,1998,35135,6.7,2389,35794,7.5,2698,35933,7.2,2576,35786,6.2,2178,35370,6.5,2330,35581,6.2,2193,35129,5.9,2045,34896,6.0,2104,34899,6.1,2180,35853,5.6,1968,35416,5.3,1858,34935,5.3,1837,34728,6.4,2251,35012,-1,0,0,-1,0,1,1,1,0,1,1,-1,1,1,-1,9653,107432,2024-09-27 12:00:00+00:00,2024-09-27 12:00:00+00:00,9.0,34,34,4.2,DR-4829-SC,Hurricane,4829.0,SC,2349,0,3,7591,6155,5498,5562,3812,1099,3783,1590,0,4634,973,2508,0,23.1,3.3,11.5,61.0,88.5,66.3,0.0
"Pickens County, South Carolina","POLYGON ((-82.928799 35.009616, -82.912259 35.008982, -82.918257 35.036065, -82.8975590881488 35.0560056967985, -82.897499 35.056021, -82.897456167665 35.0560320956023, -82.809766 35.078748, -82.787867 35.085024, -82.783283 35.0856, -82.78113 35.084585, -82.781062 35.084492, -82.778651 35.083575, -82.776357 35.081349, -82.777407 35.076885, -82.7776474400096 35.0764332429076, -82.779116 35.073674, -82.779928 35.072206, -82.779928 35.070435, -82.780546 35.069043, -82.781973 35.066817, -82.777376 35.064143, -82.770046 35.065476, -82.764464 35.068177, -82.7641000172578 35.0681684927111, -82.74971 35.047603, -82.737737 35.047216, -82.714951 35.058957, -82.657149 35.065974, -82.637212 35.064257, -82.571609 35.074651, -82.574264 35.064595, -82.595151 35.06026, -82.597368 35.038776, -82.585758 35.032017, -82.593937 35.007887, -82.574097 35.013325, -82.537858 35.015471, -82.543159 35.004564, -82.534138 34.983761, -82.548056 34.978723, -82.52744 34.965935, -82.525761 34.952346, -82.518988 34.944012, -82.52593 34.943315, -82.519886 34.925537, -82.515853 34.926008, -82.493822 34.895736, -82.496295 34.888992, -82.487738 34.885797, -82.483685 34.859267, -82.484985 34.850992, -82.489146 34.841123, -82.480313 34.840546, -82.487079 34.832139, -82.476366 34.827934, -82.487034 34.819004, -82.53826 34.794085, -82.554825 34.786035, -82.576155 34.775669, -82.630591 34.749214, -82.673761 34.728235, -82.723061 34.704243, -82.744237 34.693917, -82.787568 34.672734, -82.795134 34.665631, -82.801574 34.659567, -82.832767 34.63015, -82.840009 34.623311, -82.854715 34.624159, -82.847954 34.637065, -82.82288 34.654503, -82.840097 34.652512, -82.85347 34.679689, -82.850781 34.692769, -82.850735 34.692848, -82.865584 34.702191, -82.855588 34.72527, -82.872956 34.736605, -82.900212 34.741074, -82.893232 34.765408, -82.874877 34.7912, -82.883494 34.791795, -82.888106 34.807705, -82.896614 34.802949, -82.896151 34.836578, -82.904678 34.859627, -82.901551 34.914905, -82.908382 34.918895, -82.904331 34.927872, -82.919157 34.95989, -82.91605 34.972558, -82.943597 34.987532, -82.928799 35.009616))",45077,1,1,1,1,EM-3619-SC,DR-4829-SC,127319,45407,4791,35.66,3.76,55645,4882,43.71,3.83,26267,3783,20.63,2.97,No,37.11,20.04,58.39,21.74,10.87,41.3,0.0,0.0,0.0,138207,132604,0,57695,114,51404,649,89.1,1.1,36250,792,70.5,1.5,15154,833,29.5,1.5,55.7,0.1,2376,370,4.6,0.7,596,181,1.2,0.4,4551,563,8.9,1.1,9.5,1.0,24850,28,18.7,0.1,22594,59,17.0,0.1,20627,1275,15.7,1.0,2311,436,1.8,0.3,49354,131404,50364,1951,1287059791.0,37.6,3.9,264.43,1,58480,3605,21166,2684,16.8,2.1,126231,3.4,2199,63879,3.7,2402,64304,3.2,2054,64468,3.1,1986,64724,4.1,2656,64657,4.9,3223,65570,5.1,3312,65470,4.7,3070,65023,3.9,2523,64813,4.3,2824,65104,4.1,2672,64891,3.7,2383,64757,3.8,2480,64617,4.2,2751,65089,3.6,2374,65157,3.9,2533,65445,3.9,2527,65448,4.6,3072,66205,0,1,-1,0,0,0,-1,0,-1,-1,-1,-1,1,1,-1,46768,115308,2024-09-27 16:00:00+00:00,2024-09-27 16:00:00+00:00,40.6,34,34,12.8,DR-4829-SC,Hurricane,4829.0,SC,9611,0,2,19008,15645,8905,14709,11294,406,11284,663,0,12382,373,7556,0,37.0,0.8,22.0,65.1,91.9,67.0,0.0
"Richland County, South Carolina","POLYGON ((-81.345328 34.20503, -81.316911 34.239458, -81.296605 34.237391, -81.27824 34.229632, -81.251273 34.202946, -81.226412 34.205687, -81.178293 34.174552, -81.168877 34.194375, -81.181196 34.220285, -81.114996 34.215585, -81.095863 34.213872, -81.070771 34.225397, -81.07116 34.230478, -81.061227 34.228003, -81.016923 34.238259, -80.958851 34.252386, -80.914911 34.257848, -80.825921 34.26876, -80.840951 34.238921, -80.86913 34.182866, -80.865001 34.180141, -80.848083 34.171452, -80.820096 34.149169, -80.78716 34.122956, -80.719318 34.068972, -80.692965 34.08128, -80.658845 34.085872, -80.616186 34.099605, -80.636526 34.082982, -80.613869 34.057324, -80.606416 34.057982, -80.600952 34.039386, -80.625285 34.003704, -80.646598 33.999009, -80.633382 33.966967, -80.61576 33.965472, -80.62801 33.94697, -80.616619 33.937387, -80.634093 33.917333, -80.61703 33.895519, -80.625332 33.866811, -80.633545 33.85268, -80.619074 33.839308, -80.615676 33.814514, -80.596205 33.786431, -80.605638 33.757476, -80.620107 33.743237, -80.632785 33.743667, -80.656399 33.761398, -80.65468 33.773508, -80.686592 33.755993, -80.713156 33.76865, -80.737377 33.756617, -80.747975 33.775808, -80.747337 33.761742, -80.759731 33.773997, -80.782968 33.768899, -80.827989 33.776206, -80.834817 33.787388, -80.837472 33.793906, -80.865759 33.802719, -80.879813 33.81562, -80.898535 33.808767, -80.91731 33.813735, -80.913103 33.832934, -80.940584 33.828482, -80.950825 33.840895, -80.965945 33.847848, -80.988276 33.8498, -80.999784 33.860602, -80.996574 33.873808, -81.01233 33.88008, -81.020707 33.884656, -81.014267 33.908148, -81.029214 33.916454, -81.017214 33.925855, -81.039234 33.969025, -81.045932 33.977339, -81.04645 33.988028, -81.050859 33.995775, -81.059715 34.005253, -81.073633 34.006615, -81.089612 34.013412, -81.103689 34.023349, -81.103823 34.023316, -81.11056 34.0369, -81.116307 34.045211, -81.125257 34.05574, -81.139282 34.068341, -81.152894 34.077604, -81.171262 34.086879, -81.172889 34.090145, -81.186513 34.092771, -81.201839 34.097168, -81.223284 34.100777, -81.258063 34.101929, -81.27095 34.099044, -81.275845 34.097381, -81.288312 34.117529, -81.298011 34.124917, -81.315037 34.146141, -81.307171 34.172212, -81.314456 34.186905, -81.338961 34.197587, -81.345328 34.20503))",45079,1,1,1,1,EM-3619-SC,DR-4829-SC,408601,149877,13131,36.68,3.21,179139,13586,43.84,3.33,79585,10682,19.48,2.61,No,28.67,16.0,48.66,15.22,8.69,32.61,29.96,16.44,48.97,430651,418725,0,185196,144,165308,1292,89.3,0.7,99798,1706,60.4,1.0,65510,1885,39.6,1.0,54.8,0.1,6656,696,4.0,0.4,2308,432,1.4,0.3,17421,1183,10.5,0.7,11.2,0.7,90813,192,21.7,0.1,57401,43,13.7,0.1,56021,2031,14.1,0.5,10392,1033,2.6,0.3,35615,416147,165679,6923,1961420496.0,8.6,4.2,549.51,1,61508,2305,63343,7847,15.9,2.0,397925,3.8,7772,204950,4.0,8198,205868,3.8,7909,207047,3.4,7089,206628,4.1,8559,207201,4.9,10211,209151,5.0,10635,210692,5.1,10647,209103,4.4,9170,209414,4.7,9870,210579,4.5,9464,208901,4.2,8689,208951,4.4,9079,208512,4.6,9632,209785,4.2,8765,209923,4.0,8380,209852,4.0,8351,210331,4.7,10011,212931,0,-1,1,0,0,0,-1,-1,-1,-1,-1,-1,-1,1,-1,106649,472001,2024-09-27 14:00:00+00:00,2024-09-27 14:00:00+00:00,22.6,34,34,5.3,DR-4829-SC,Hurricane,4829.0,SC,10395,0,4,22720,15857,12945,13234,6210,630,6194,1009,1,9358,457,2340,1,13.7,0.4,3.7,41.2,72.5,37.8,100.0
"Saluda County, South Carolina","POLYGON ((-82.009817 33.964623, -81.983107 34.002024, -81.946168 34.038821, -81.930665 34.069833, -81.919597 34.078671, -81.915781 34.09098, -81.907145 34.093933, -81.900274 34.094978, -81.870084 34.135357, -81.878848 34.156704, -81.876356 34.167834, -81.860417 34.179441, -81.838789 34.172204, -81.810816 34.175381, -81.773636 34.166591, -81.771025 34.173854, -81.743947 34.179158, -81.731614 34.187613, -81.709036 34.173179, -81.691503 34.172943, -81.672671 34.156009, -81.636963 34.146181, -81.619946 34.124724, -81.596516 34.117493, -81.591476 34.117808, -81.568511 34.099687, -81.548539 34.093905, -81.545585 34.091, -81.540507 34.083304, -81.51385 34.082253, -81.502477 34.07388, -81.485078 34.082299, -81.471972 34.076552, -81.492397 34.034257, -81.495941 34.027509, -81.539321 33.944094, -81.565931 33.891782, -81.567949 33.888735, -81.571487 33.877318, -81.579129 33.871346, -81.651759 33.81451, -81.776406 33.845898, -81.799824 33.855426, -81.808039 33.858715, -81.823818 33.867271, -81.833798 33.865067, -81.87036 33.891985, -81.894595 33.975415, -81.932044 33.976914, -82.008298 33.961646, -82.009817 33.964623))",45081,1,1,1,1,EM-3619-SC,DR-4829-SC,19123,4923,954,25.74,4.99,8664,1051,45.31,5.5,5536,933,28.95,4.88,No,86.19,61.22,94.04,69.56,43.47,91.3,0.0,0.0,0.0,19452,18958,0,9420,20,7507,260,79.7,2.8,5862,257,78.1,3.2,1645,267,21.9,3.2,72.5,0.5,325,109,4.3,1.4,155,78,2.1,1.0,1040,175,13.9,2.2,14.9,2.2,4146,0,21.9,0.0,3819,32,20.1,0.2,3109,362,16.6,1.9,1338,267,7.5,1.5,18592,18862,7549,327,1173694743.0,98.6,4.3,41.62,2,60220,6557,3046,614,16.1,3.3,18890,3.3,278,8306,3.6,321,8828,3.2,289,8932,2.8,249,8785,3.4,302,8829,4.1,371,9036,4.3,390,9153,4.3,390,8978,3.5,316,8909,3.5,313,8906,3.6,309,8606,3.3,283,8550,3.7,314,8552,3.8,365,9525,3.2,306,9503,3.1,291,9243,3.1,284,9115,3.9,352,9084,-1,1,-1,-1,0,1,1,0,0,0,0,-1,1,1,0,15102,28065,2024-09-28 18:30:00+00:00,2024-09-28 18:30:00+00:00,53.8,34,34,7.4,DR-4829-SC,Hurricane,4829.0,SC,2368,0,4,3841,3190,2039,2993,2216,196,2212,285,2,2780,189,1622,2,51.2,2.6,29.5,72.4,96.4,73.3,100.0
"Spartanburg County, South Carolina","POLYGON ((-82.226089 34.856614, -82.225483 34.871629, -82.223035 34.920925, -82.222417 34.936434, -82.221987 34.947998, -82.221377 34.972978, -82.220746 34.998933, -82.219688 35.03764, -82.21961 35.040496, -82.219073 35.059869, -82.21818 35.091846, -82.21759 35.11602, -82.216081 35.189257, -82.2159400144574 35.1960293986111, -82.195483 35.194951, -82.185513 35.194355, -82.176874 35.19379, -82.167872238022 35.1937009414721, -82.1678474676309 35.1937006964073, -82.167676 35.193699, -82.138947 35.193122, -82.1060847260646 35.1915082127587, -82.089586 35.190698, -82.0484144703242 35.1896681964441, -82.039651 35.189449, -82.0076715217821 35.1886492830004, -82.001422 35.188493, -81.9693458232069 35.1872287391339, -81.925612 35.185505, -81.8746867180113 35.1841199007888, -81.872213 35.179458, -81.847858 35.134437, -81.833596 35.108056, -81.808962 35.062487, -81.806252 35.055505, -81.807646 35.035646, -81.794331 35.035378, -81.786825 35.021462, -81.775422 34.989501, -81.755195 34.930609, -81.734933 34.933044, -81.714094 34.912865, -81.759018 34.868563, -81.768576 34.855835, -81.782791 34.837211, -81.798402 34.781365, -81.820355 34.68654, -81.838228 34.646158, -81.851865 34.594775, -81.863039 34.580211, -81.880229 34.596668, -81.911864 34.608925, -81.951833 34.649523, -81.970449 34.649824, -82.012297 34.668587, -82.016201 34.668729, -82.057125 34.695866, -82.071418 34.703815, -82.066635 34.715248, -82.069337 34.719037, -82.083913 34.74481, -82.115364 34.74893, -82.131812 34.778466, -82.145587 34.785208, -82.154188 34.784563, -82.152983 34.787495, -82.165175 34.796537, -82.162503 34.802604, -82.18784 34.825684, -82.226416 34.850439, -82.226089 34.856614))",45083,1,1,1,1,EM-3619-SC,DR-4829-SC,351481,128276,11396,36.5,3.24,152418,11595,43.36,3.3,70787,8811,20.14,2.51,No,33.65,19.81,52.13,19.56,10.87,34.78,0.0,0.0,0.0,369256,338096,0,141086,72,128606,958,91.2,0.7,93795,1406,72.9,0.9,34811,1227,27.1,0.9,65.5,0.1,6774,695,5.3,0.5,1939,348,1.5,0.3,13464,997,10.5,0.8,10.9,0.8,79128,0,23.4,0.0,54742,32,16.2,0.1,51095,2078,15.3,0.6,16350,1470,5.1,0.5,96809,327997,125836,6185,2093764801.0,29.5,4.9,405.73,1,64649,3832,48674,5590,14.0,1.6,348482,3.6,5919,164118,3.9,6437,165117,3.6,6011,166021,3.2,5316,165294,3.9,6403,165847,4.8,8003,168168,5.3,8879,168015,4.9,8268,167107,4.2,7062,167210,4.4,7452,168031,4.3,7162,167499,4.0,6632,167815,4.3,7179,167735,4.5,7621,168711,4.0,6790,168827,4.0,6725,168822,3.9,6539,168895,4.6,7822,171022,1,1,-1,0,0,0,1,0,-1,-1,-1,1,-1,1,-1,183816,256231,2024-09-28 21:15:00+00:00,2024-09-28 21:15:00+00:00,71.7,34,34,8.5,DR-4829-SC,Hurricane,4829.0,SC,46193,0,48,81523,70670,40625,66890,53705,1689,53671,2883,13,51244,1479,34950,13,63.4,1.3,41.7,62.9,87.6,65.1,100.0
"Union County, South Carolina","POLYGON ((-81.851865 34.594775, -81.838228 34.646158, -81.820355 34.68654, -81.798402 34.781365, -81.782791 34.837211, -81.768576 34.855835, -81.759018 34.868563, -81.714094 34.912865, -81.684598 34.913027, -81.663631 34.898679, -81.64672 34.900151, -81.640692 34.881344, -81.611602 34.876146, -81.586733 34.887313, -81.543533 34.869886, -81.514872 34.87713, -81.481945 34.866495, -81.457257 34.83928, -81.461755 34.831018, -81.478454 34.821509, -81.453463 34.781782, -81.453097 34.760903, -81.482351 34.744398, -81.478364 34.723688, -81.45963 34.726036, -81.454196 34.675187, -81.441917 34.653727, -81.415894 34.633589, -81.417739 34.623409, -81.426836 34.5785, -81.422706 34.572029, -81.419829 34.566588, -81.427545 34.529482, -81.423241 34.494379, -81.444938 34.487991, -81.484647 34.490003, -81.541005 34.445034, -81.557021 34.463921, -81.552944 34.476874, -81.588783 34.497012, -81.617791 34.525249, -81.62719 34.521685, -81.643552 34.533652, -81.658366 34.547759, -81.681293 34.557685, -81.701054 34.559363, -81.716182 34.551449, -81.749606 34.568344, -81.800262 34.574811, -81.81817 34.588202, -81.839445 34.593299, -81.842846 34.600635, -81.851865 34.594775))",45087,1,1,1,1,EM-3619-SC,DR-4829-SC,26473,7554,1322,28.53,4.99,10394,1420,39.26,5.36,8525,1243,32.2,4.7,No,93.85,78.3,96.94,93.47,63.04,97.82,0.0,0.0,0.0,26678,26990,0,13508,29,11738,288,86.9,2.1,8131,397,69.3,3.1,3607,382,30.7,3.1,72.4,0.1,982,211,8.4,1.8,151,101,1.3,0.9,2378,325,20.3,2.7,20.6,2.7,5686,0,21.1,0.0,5651,4,20.9,0.1,5535,518,20.8,1.9,217,102,0.9,0.4,17515,27244,11622,600,1330228701.0,64.3,5.2,53.04,2,40008,2158,6131,850,23.4,3.2,26211,4.9,518,10607,5.0,537,10719,4.9,535,10814,4.2,444,10680,4.9,527,10748,5.8,631,10940,7.1,783,11044,6.9,757,10985,5.8,630,10911,5.8,629,10920,5.8,633,10890,5.3,571,10866,5.4,587,10846,5.7,632,11078,5.1,561,11063,5.9,651,11097,4.5,495,10937,5.4,603,11099,-1,1,-1,-1,-1,1,1,1,-1,1,1,-1,1,1,-1,3866,40261,2024-09-27 18:15:00+00:00,2024-09-27 18:15:00+00:00,9.6,34,34,6.6,DR-4829-SC,Hurricane,4829.0,SC,3563,0,3,6059,3979,3066,3455,1700,157,1699,251,1,3854,142,1090,1,51.6,1.3,14.5,63.6,90.4,64.2,100.0
"Williamsburg County, South Carolina","POLYGON ((-80.09357 33.511816, -80.020879 33.645804, -79.993233 33.704458, -79.987616 33.706225, -79.974382 33.72159, -79.995638 33.767906, -79.95233 33.803537, -79.915305 33.818648, -79.911244 33.825324, -79.87562 33.885245, -79.854891 33.891738, -79.834881 33.882601, -79.79837 33.835562, -79.76719 33.835245, -79.743388 33.835056, -79.724936 33.814552, -79.687452 33.804914, -79.678643 33.814082, -79.665609 33.813295, -79.648885 33.815261, -79.635808 33.818038, -79.63488 33.808359, -79.496486 33.775357, -79.494462 33.777173, -79.441533 33.784387, -79.433273 33.792892, -79.386548 33.807678, -79.382096 33.818623, -79.352229 33.815135, -79.324317 33.799123, -79.323277 33.788741, -79.317041 33.779878, -79.337764 33.774605, -79.346554 33.755334, -79.392658 33.711812, -79.409332 33.68889, -79.419842 33.648468, -79.433288 33.621552, -79.44247 33.596033, -79.433639 33.576709, -79.483059 33.53703, -79.497397 33.516832, -79.53808 33.496896, -79.544986 33.487217, -79.553301 33.478851, -79.5906 33.442964, -79.60579 33.413612, -79.634419 33.372146, -79.677246 33.336762, -79.677014 33.304944, -79.689393 33.310763, -79.700369 33.31805, -79.741153 33.322308, -79.756382 33.330186, -79.778549 33.359147, -79.784163 33.376126, -79.807703 33.372799, -79.813862 33.382321, -79.85477 33.402924, -79.871569 33.423918, -79.867352 33.433478, -79.960892 33.494446, -79.990619 33.49883, -79.996226 33.506841, -80.082171 33.505728, -80.101697 33.496891, -80.09357 33.511816))",45089,1,1,0,1,EM-3619-SC,DR-4829-SC,28517,7343,1246,25.75,4.37,12598,1399,44.18,4.91,8576,1292,30.07,4.53,No,89.02,69.3,94.93,76.08,52.17,93.47,91.43,70.88,97.59,29865,30517,0,14837,44,12160,309,82.0,2.1,9075,395,74.6,2.8,3085,362,25.4,2.8,71.4,0.9,1392,295,11.4,2.4,182,86,1.5,0.7,2595,325,21.3,2.6,21.6,2.6,6004,93,19.7,0.3,6709,33,22.0,0.1,5948,491,20.5,1.7,550,132,1.9,0.5,25776,31026,12547,761,2419477850.0,83.1,6.1,33.21,2,43711,4307,7015,1444,24.8,5.1,28274,6.1,616,10101,6.2,638,10335,6.3,654,10370,5.3,539,10177,6.0,612,10217,7.3,776,10632,7.8,823,10599,7.8,814,10449,6.6,677,10280,6.7,680,10190,6.8,684,10055,6.4,638,10014,7.4,751,10156,7.6,790,10458,7.1,753,10648,6.3,663,10481,6.5,682,10516,7.8,843,10765,-1,1,-1,-1,0,1,1,1,-1,1,1,-1,1,1,-1,6613,35103,2024-09-27 12:45:00+00:00,2024-09-27 12:45:00+00:00,18.8,34,34,3.9,,,,,0,0,0,0,0,0,0,0,0,0,0,0,0,0,0,0,0.0,0.0,0.0,0.0,0.0,0.0,0.0
"York County, South Carolina","POLYGON ((-81.475875 34.98232, -81.488286 35.026868, -81.487016 35.034853, -81.476123 35.04317, -81.408816 35.047077, -81.407148 35.072473, -81.402521 35.136886, -81.3665997502835 35.164889487764, -81.3280393754573 35.163405284384, -81.290672 35.161967, -81.2665313056272 35.1610375640471, -81.241686 35.160081, -81.239358 35.159974, -81.209815295008 35.1586430580751, -81.1805586040491 35.1573250014993, -81.138207 35.155417, -81.129808180835 35.1550389042931, -81.11084 35.154185, -81.109295 35.154115, -81.0930278508632 35.1530651134631, -81.0927843815354 35.1530493998819, -81.077253 35.152047, -81.0567617204493 35.1507247067734, -81.043625 35.149877, -81.04287 35.149248, -81.043407 35.14839, -81.044391 35.147918, -81.047091 35.145157, -81.047826 35.143743, -81.051204 35.133237, -81.051037 35.131654, -81.05042 35.131048, -81.038968 35.126299, -81.036759 35.122552, -81.033005 35.113747, -81.032471 35.110033, -81.032806 35.108049, -81.034958 35.104105, -81.037369 35.102541, -81.0401702459805 35.1019522946732, -81.0401844043794 35.101949319167, -81.046524 35.100617, -81.050079 35.098817, -81.052078 35.096276, -81.056712681901 35.0871584898703, -81.057236 35.086129, -81.058029 35.07319, -81.057648 35.062433, -81.055695 35.060121, -81.050018 35.055246, -81.041489 35.044703, -81.022691121645 35.0554792610919, -81.0130727491916 35.0609931861679, -80.9967330696895 35.0703602354246, -80.9891720831187 35.074694722746, -80.9890357534564 35.0747728764614, -80.98416 35.077568, -80.9783610397681 35.0808923107514, -80.95787 35.092639, -80.9576310732334 35.0927929680778, -80.93495 35.107409, -80.9310643272864 35.1032155878093, -80.9201233286038 35.0914080783671, -80.906553 35.076763, -80.9064451658369 35.0766472671561, -80.9062325339665 35.0764190603398, -80.906376 35.076248, -80.90358 35.018688, -80.909535 35.016871, -80.89695 35.013335, -80.902296 35.005742, -80.893281 34.998156, -80.884291 34.965772, -80.86859 34.950711, -80.868214 34.941227, -80.867302 34.913391, -80.878262 34.902951, -80.880153 34.873352, -80.870798 34.843155, -80.898596 34.826144, -80.898215 34.820746, -80.97441 34.821096, -81.034557 34.821012, -81.061786 34.820864, -81.105375 34.820505, -81.178326 34.820906, -81.324517 34.822293, -81.359701 34.822185, -81.478454 34.821509, -81.461755 34.831018, -81.457257 34.83928, -81.453309 34.846358, -81.462737 34.85359, -81.478146 34.901434, -81.470253 34.913806, -81.473842 34.935882, -81.492108 34.948956, -81.475875 34.98232))",45091,1,1,1,1,EM-3619-SC,DR-4829-SC,295573,127117,9783,43.01,3.31,122615,9915,41.48,3.35,45841,7431,15.51,2.51,No,6.54,3.69,21.88,2.17,2.17,13.04,0.0,0.0,0.0,303001,288559,0,118063,79,111623,774,94.5,0.6,81969,1285,73.4,1.1,29654,1286,26.6,1.1,63.7,0.1,3962,527,3.5,0.5,1319,341,1.2,0.3,7669,940,6.9,0.8,7.5,0.8,68920,57,23.9,0.1,43314,42,15.0,0.1,30199,1733,10.5,0.6,6553,690,2.4,0.3,63938,282090,107812,4838,1762629134.0,22.7,4.5,414.5,1,82495,5033,28093,3921,9.6,1.3,294088,3.6,5426,152212,3.8,5785,152583,3.6,5582,153791,3.2,4920,153535,3.7,5712,154378,4.4,6914,156675,4.7,7363,156534,4.8,7405,155810,4.1,6259,154162,4.3,6668,154729,4.2,6509,154128,4.0,6148,154125,4.1,6402,154702,4.4,6865,155627,4.1,6419,156161,3.8,5977,156191,3.7,5861,156781,4.4,7062,159386,1,1,-1,1,0,-1,-1,-1,-1,-1,-1,1,-1,-1,-1,59979,295016,2024-09-27 13:45:00+00:00,2024-09-27 13:45:00+00:00,20.3,34,34,6.0,DR-4829-SC,Hurricane,4829.0,SC,2370,0,6,5990,4418,3692,3873,1859,297,1853,469,0,2819,213,851,0,5.4,0.3,1.7,47.1,71.7,45.9,0.0
"Carter County, Tennessee","POLYGON ((-82.342282 36.263977, -82.32578 36.295584, -82.322038 36.306275, -82.320759 36.309906, -82.316528 36.322296, -82.315109 36.326356, -82.301759 36.365105, -82.299968 36.37114, -82.299859 36.396505, -82.288615 36.39517, -82.262316 36.413033, -82.241995 36.421977, -82.201354 36.401107, -82.185355 36.402321, -82.164652 36.416209, -82.138575 36.430926, -82.099049 36.45901, -82.075348 36.458612, -82.039946 36.485612, -82.027791 36.487453, -81.9979 36.49271, -81.986944 36.510614, -81.983843 36.508314, -81.987503 36.499142, -81.951482 36.473863, -81.951844 36.470291, -81.965978 36.462947, -82.032544 36.389416, -82.058946 36.367415, -82.042145 36.362816, -82.030543 36.333817, -81.999842 36.331524, -81.982535 36.288073, -81.9515 36.261763, -81.933019683861 36.2648426504234, -81.938897 36.256067, -81.960101 36.228131, -81.9757231867985 36.2051436889906, -81.9897007174947 36.1845764118609, -82.02664 36.130222, -82.02634 36.129222, -82.02874 36.124322, -82.033141 36.120422, -82.037941 36.121122, -82.043941 36.125421, -82.054142 36.126821, -82.056042 36.123921, -82.056042 36.120721, -82.061342 36.113121, -82.067142 36.11202, -82.079743 36.10652, -82.080143 36.10572, -82.080944957901 36.1057614805811, -82.085943 36.10602, -82.098544 36.105719, -82.101644 36.106219, -82.105444 36.108119, -82.109145 36.107218, -82.1104459359574 36.1066635027067, -82.115245 36.104618, -82.127146 36.104417, -82.130646 36.106417, -82.137974 36.119576, -82.136546 36.123717, -82.136547 36.128817, -82.140847 36.136216, -82.144147 36.144216, -82.147948 36.149516, -82.1484717152983 36.1494242843584, -82.155948 36.148115, -82.160883 36.146548, -82.169249 36.146614, -82.172149 36.146414, -82.173849 36.145314, -82.17561 36.14387, -82.178861 36.143296, -82.182549 36.143714, -82.18365 36.144414, -82.18475 36.145414, -82.18785 36.147886, -82.19195 36.148813, -82.19535 36.150013, -82.199251 36.152713, -82.201812 36.154963, -82.204872 36.157067, -82.211251 36.159012, -82.213852 36.159112, -82.218451 36.157832, -82.222052 36.156911, -82.228953 36.19051, -82.247455 36.206809, -82.267955 36.210109, -82.254955 36.224848, -82.256356 36.233208, -82.269894 36.239345, -82.284691 36.251686, -82.319588 36.260347, -82.335384 36.253077, -82.34046 36.252807, -82.342282 36.263977))",47019,1,1,1,1,EM-3620-TN,DR-4832-TN,56207,17283,2536,30.75,4.51,23567,2608,41.93,4.64,15357,2180,27.32,3.88,No,80.16,57.15,89.56,81.04,45.26,92.62,0.0,0.0,0.0,57434,56462,0,27982,69,24188,420,86.4,1.5,17916,580,74.1,2.0,6272,504,25.9,2.0,67.1,0.6,1572,302,6.5,1.2,1206,271,5.0,1.1,3510,389,14.5,1.5,15.4,1.6,10082,89,17.9,0.2,12593,104,22.3,0.2,12598,806,22.6,1.5,377,152,0.7,0.3,22958,56356,24317,854,883854427.0,40.7,3.5,165.14,1,48885,4670,9386,1702,16.9,3.1,55638,3.7,855,23034,3.5,805,23297,3.4,808,23525,3.2,743,23535,3.4,800,23365,4.5,1048,23487,4.4,1026,23331,4.5,1036,23218,4.1,970,23472,4.3,1014,23692,4.4,1047,23637,4.3,1020,23529,4.5,1068,23483,3.9,919,23639,3.8,909,23860,3.4,827,24048,3.7,889,23792,4.5,1079,23810,-1,1,-1,0,0,1,1,1,1,1,1,-1,1,1,-1,0,30846,2024-09-26 08:30:00+00:00,2024-09-26 08:30:00+00:00,0.0,34,34,8.1,DR-4832-TN,Tropical Storm,4832.0,TN,1004,0,11,2981,2582,1949,2464,1850,539,1840,784,7,1999,497,1335,7,12.3,2.2,7.6,67.1,92.2,72.6,100.0
"Claiborne County, Tennessee","POLYGON ((-83.9876109506828 36.5895922860725, -83.9307607839439 36.5876942581124, -83.894421 36.586481, -83.8404634007862 36.5851500281398, -83.789017 36.583881, -83.6907980433735 36.5825821114247, -83.690714 36.582581, -83.688814 36.584382, -83.687514 36.587182, -83.683014 36.592182, -83.679514 36.594082, -83.677114 36.596582, -83.6761382396998 36.5978830137336, -83.675614 36.598582, -83.675413 36.600814, -83.670141 36.600797, -83.670128 36.600764, -83.645586 36.600002, -83.622624 36.598061, -83.622050248072 36.5980550980634, -83.55681 36.597384, -83.472108 36.597284, -83.432626 36.573098, -83.410409 36.548926, -83.398303 36.534885, -83.392631 36.522843, -83.369401 36.459186, -83.373094 36.43086, -83.377027 36.430722, -83.3868 36.413186, -83.415357 36.42063, -83.417073 36.411362, -83.439113 36.412854, -83.449481 36.387719, -83.460002 36.389186, -83.449201 36.374286, -83.466002 36.369186, -83.482603 36.379586, -83.497003 36.378885, -83.496303 36.362186, -83.506503 36.372485, -83.517805 36.357381, -83.531004 36.366185, -83.534704 36.352485, -83.550905 36.368284, -83.558405 36.363484, -83.591888 36.368769, -83.614806 36.345583, -83.661107 36.332482, -83.667408 36.344381, -83.696909 36.365681, -83.711109 36.346181, -83.733054 36.345043, -83.764512 36.398779, -83.782413 36.408779, -83.805515 36.435879, -83.833282 36.419654, -83.861217 36.434679, -83.884737 36.421325, -83.890517 36.431279, -83.893717 36.419679, -83.905638 36.419979, -83.899796 36.42315, -83.922618 36.427779, -83.943139 36.473564, -83.984634 36.560482, -83.982492 36.585315, -83.9876109506828 36.5895922860725))",47025,1,0,0,1,,DR-4832-TN,31600,8980,1586,28.42,5.02,14692,1658,46.49,5.25,7928,1431,25.09,4.53,No,68.74,38.23,85.46,62.1,25.26,87.36,0.0,0.0,0.0,33070,32221,0,15437,43,13456,340,87.2,2.2,9635,417,71.6,3.1,3821,448,28.4,3.1,63.4,1.0,1248,237,9.3,1.8,732,250,5.4,1.9,2014,341,15.0,2.5,15.5,2.5,6118,113,19.0,0.4,6384,70,19.8,0.2,7728,674,24.3,2.1,78,70,0.3,0.2,22856,32043,13198,550,1125619421.0,71.3,4.2,73.73,2,53195,4720,5818,1131,18.6,3.6,31293,4.0,516,12775,3.8,488,12796,3.8,490,12805,3.3,414,12674,3.4,431,12636,4.8,607,12534,4.9,613,12547,4.3,539,12523,4.1,517,12619,4.1,517,12763,4.0,514,12772,3.9,498,12773,4.4,561,12768,3.9,497,12808,3.6,466,12839,3.3,420,12904,3.7,482,12870,5.0,639,12752,-1,1,-1,-1,0,1,0,1,1,1,1,-1,1,1,-1,4873,21807,2024-09-27 21:00:00+00:00,2024-09-27 21:00:00+00:00,22.3,34,34,5.1,,,,,0,0,0,0,0,0,0,0,0,0,0,0,0,0,0,0,0.0,0.0,0.0,0.0,0.0,0.0,0.0
"Cocke County, Tennessee","POLYGON ((-83.310782 35.895846, -83.297853 35.901516, -83.281021 35.982804, -83.276677 36.007652, -83.262056 35.997425, -83.256686 36.044321, -83.240085 36.057295, -83.253886 36.082194, -83.234585 36.085094, -83.228453 36.081353, -83.226887 36.092501, -83.246086 36.123694, -83.219686 36.127494, -83.217194 36.150196, -83.195281 36.128892, -83.175098 36.127357, -83.185014 36.176866, -83.166085 36.180894, -83.172085 36.156295, -83.139683 36.129196, -83.102761 36.120909, -83.067443 36.096604, -83.055249 36.087069, -83.052177 36.077899, -82.934357 35.9789, -82.8984628586303 35.9450880979247, -82.898505 35.945101, -82.901713 35.937713, -82.901577 35.931446, -82.902374 35.929852, -82.903436 35.928524, -82.906358 35.927196, -82.910608 35.92693, -82.911405 35.925868, -82.911936 35.921618, -82.911671 35.914711, -82.906917 35.907397, -82.904543 35.897011, -82.901843 35.89293, -82.901843 35.890274, -82.903702 35.887617, -82.903968 35.885492, -82.901046 35.882305, -82.899718 35.879914, -82.899186 35.877524, -82.899718 35.874602, -82.901301 35.872593, -82.916452 35.866102, -82.918312 35.863977, -82.919374 35.860523, -82.920974 35.851073, -82.919108 35.844851, -82.920171 35.841664, -82.923358 35.839273, -82.927569 35.838586, -82.931859 35.836351, -82.933221 35.832915, -82.937437 35.82732, -82.94383 35.825638, -82.945515 35.824662, -82.952026 35.816183, -82.955751 35.809802, -82.956127 35.807874, -82.95895 35.803323, -82.961724 35.800491, -82.962842 35.795126, -82.962206 35.792755, -82.9628979027128 35.7917347927587, -82.964088 35.78998, -82.969648 35.789663, -82.974463 35.78679, -82.978414 35.78261, -82.98397 35.77801, -82.992053 35.773948, -82.995803 35.773128, -83.001473 35.773752, -83.006067 35.778404, -83.012377 35.779818, -83.0249098431397 35.7838078741566, -83.036209 35.787405, -83.03951 35.786777, -83.042666 35.785407, -83.044108 35.785347, -83.046307 35.785853, -83.04853 35.787706, -83.052677 35.789548, -83.05834 35.788241, -83.061507 35.786774, -83.063975 35.786643, -83.072221 35.78831, -83.07403 35.790016, -83.078732 35.789472, -83.085205 35.785794, -83.086054 35.783627, -83.097193 35.776067, -83.0980540104817 35.7756972652879, -83.100225 35.774765, -83.100329 35.774804, -83.100233 35.774745, -83.10232 35.775071, -83.104584 35.77423, -83.104805 35.77348, -83.110491 35.770913, -83.1111464364102 35.7707678986566, -83.1112053033996 35.7707548666079, -83.113662 35.770211, -83.120183 35.766234, -83.127707 35.768093, -83.14697 35.765124, -83.14808 35.764295, -83.15408 35.76428, -83.159208 35.764892, -83.161537 35.763363, -83.164909 35.759965, -83.165427 35.7587, -83.16477 35.754618, -83.170173 35.746107, -83.171867 35.745978, -83.177499 35.743913, -83.180836 35.738882, -83.182097 35.735492, -83.185685 35.72989, -83.18837 35.729798, -83.198267 35.725494, -83.200126 35.725331, -83.203752 35.726553, -83.214501 35.724434, -83.216972 35.725752, -83.219981 35.726601, -83.222627 35.726138, -83.232042 35.726098, -83.240669 35.72676, -83.242132 35.723638, -83.243501 35.722533, -83.251247 35.719916, -83.255351 35.71623, -83.255476179897 35.7150906815168, -83.276413 35.713591, -83.278151 35.7599, -83.275055 35.769644, -83.287445 35.795267, -83.279019 35.823222, -83.26246 35.822908, -83.293702 35.854563, -83.291206 35.859311, -83.288918 35.866396, -83.309655 35.880631, -83.316827 35.890819, -83.310782 35.895846))",47029,1,1,1,1,EM-3620-TN,DR-4832-TN,37380,9434,1935,25.24,5.18,17254,2035,46.16,5.44,10692,1766,28.6,4.72,No,84.74,59.98,93.28,88.41,49.47,95.78,0.0,0.0,0.0,37596,36503,0,17883,28,15123,451,84.6,2.5,10762,544,71.2,3.3,4361,546,28.8,3.3,73.5,1.0,1101,295,7.3,1.9,273,139,1.8,0.9,2814,450,18.6,2.9,18.9,3.0,7486,30,20.5,0.1,7981,114,21.9,0.3,8215,700,22.7,1.9,377,137,1.1,0.4,24441,35999,15246,697,1129584562.0,67.9,4.6,82.54,2,47491,5200,7563,1405,20.4,3.8,37155,5.4,796,14656,5.2,759,14724,4.1,614,14828,3.5,522,14823,3.7,551,15010,4.8,734,15138,4.9,741,15234,4.4,666,15133,4.3,637,14947,5.6,839,15055,5.2,772,14878,5.0,747,14888,7.0,1052,15124,6.5,985,15080,5.1,763,14974,4.4,665,15272,4.2,640,15351,5.2,797,15402,-1,1,-1,-1,0,1,1,1,0,1,1,-1,1,1,-1,5232,19464,2024-09-28 01:00:00+00:00,2024-09-28 01:00:00+00:00,26.9,34,34,10.4,DR-4832-TN,Tropical Storm,4832.0,TN,1351,0,62,2483,1814,1150,1730,1221,250,1220,407,15,1268,220,695,15,16.4,1.7,8.1,51.1,88.0,57.0,100.0
"Grainger County, Tennessee","POLYGON ((-83.732704 36.164583, -83.714904 36.173483, -83.729905 36.186382, -83.700205 36.207583, -83.695606 36.254382, -83.70392 36.260344, -83.682147 36.292038, -83.689107 36.295981, -83.667408 36.344381, -83.661107 36.332482, -83.614806 36.345583, -83.591888 36.368769, -83.558405 36.363484, -83.550905 36.368284, -83.534704 36.352485, -83.531004 36.366185, -83.517805 36.357381, -83.506503 36.372485, -83.496303 36.362186, -83.497003 36.378885, -83.482603 36.379586, -83.466002 36.369186, -83.449201 36.374286, -83.460002 36.389186, -83.449481 36.387719, -83.439113 36.412854, -83.417073 36.411362, -83.415357 36.42063, -83.3868 36.413186, -83.389443 36.408162, -83.352099 36.419787, -83.340998 36.408388, -83.308597 36.399589, -83.304197 36.388189, -83.292996 36.392489, -83.280595 36.394689, -83.288896 36.378789, -83.273295 36.37019, -83.264498 36.344993, -83.27369 36.319086, -83.255292 36.289092, -83.263286 36.288487, -83.284111 36.261996, -83.287892 36.262293, -83.30507 36.268186, -83.327095 36.29669, -83.333495 36.28409, -83.362996 36.27899, -83.362196 36.26769, -83.389831 36.262743, -83.396297 36.253689, -83.407397 36.249589, -83.419897 36.236289, -83.416096 36.219389, -83.437561 36.211483, -83.441898 36.222789, -83.449498 36.217989, -83.449097 36.190289, -83.465897 36.188888, -83.467097 36.174688, -83.484397 36.166888, -83.504385 36.168556, -83.517993 36.178384, -83.528262 36.162559, -83.536999 36.180787, -83.5591 36.180486, -83.563013 36.191976, -83.564399 36.166486, -83.597766 36.164182, -83.604223 36.138299, -83.637701 36.143685, -83.628063 36.113443, -83.641323 36.09707, -83.654559 36.105672, -83.651522 36.125151, -83.673681 36.125495, -83.672188 36.110526, -83.67033 36.106295, -83.669564 36.102002, -83.667578 36.099022, -83.662187 36.093784, -83.660048 36.091278, -83.659171 36.087848, -83.659387 36.085533, -83.66746 36.080587, -83.691433 36.122027, -83.717445 36.132969, -83.723703 36.137483, -83.732704 36.164583))",47057,1,0,0,1,,DR-4832-TN,24607,7283,1301,29.6,5.29,11003,1366,44.71,5.55,6321,1180,25.69,4.8,No,71.8,40.23,87.87,69.47,27.37,90.52,0.0,0.0,0.0,25073,23929,0,11746,19,9566,241,81.4,2.1,7525,338,78.7,3.4,2041,342,21.3,3.4,69.8,1.9,660,145,6.9,1.5,185,84,1.9,0.9,1172,260,12.3,2.7,13.4,2.5,4732,108,19.8,0.5,5107,127,21.3,0.5,5333,414,22.4,1.7,210,158,0.9,0.7,19864,23527,9663,406,726715759.0,84.4,4.2,83.85,2,57132,6995,3800,813,15.5,3.3,24445,3.4,349,10187,3.3,343,10297,3.4,351,10323,3.0,312,10346,3.1,322,10284,4.3,444,10435,4.2,439,10457,3.8,388,10323,3.7,379,10375,3.6,381,10455,3.8,401,10464,3.7,384,10477,4.2,437,10452,3.7,386,10473,3.5,365,10524,3.0,315,10565,3.5,373,10547,4.4,461,10588,-1,1,-1,-1,0,1,1,1,0,0,0,-1,1,1,-1,5826,13739,2024-09-27 17:45:00+00:00,2024-09-27 17:45:00+00:00,42.4,34,34,5.7,,,,,0,0,0,0,0,0,0,0,0,0,0,0,0,0,0,0,0.0,0.0,0.0,0.0,0.0,0.0,0.0
"Greene County, Tennessee","POLYGON ((-83.166085 36.180894, -83.14219 36.18739, -83.111954 36.220759, -83.082312 36.242296, -83.073679 36.241932, -83.031705 36.276696, -83.02395 36.274147, -83.023597 36.271815, -82.976783 36.301497, -82.967583 36.316397, -82.937183 36.334797, -82.929689 36.33332, -82.916082 36.328598, -82.885082 36.353398, -82.858182 36.365098, -82.827517 36.367163, -82.813281 36.363399, -82.779718 36.388243, -82.75148 36.3858, -82.721894 36.403904, -82.715579 36.4016, -82.702566 36.410412, -82.631794 36.418769, -82.63052 36.39984, -82.633032 36.364769, -82.628624 36.359342, -82.63357 36.356347, -82.636661 36.312102, -82.643057 36.225907, -82.651122 36.209103, -82.649583 36.199527, -82.651856 36.180727, -82.646202 36.176646, -82.647038 36.159135, -82.63662 36.14347, -82.627535 36.12798, -82.595065 36.096205, -82.5772 36.078387, -82.602877 36.039833, -82.606163 36.041006, -82.609663 36.044906, -82.613563 36.046406, -82.618164 36.047005, -82.618064 36.051205, -82.617264 36.054205, -82.618664 36.056105, -82.628365 36.062105, -82.632265 36.065705, -82.637165 36.065805, -82.643565 36.062805, -82.650165 36.057805, -82.654815 36.056225, -82.657249 36.056636, -82.662665 36.055005, -82.668365 36.052905, -82.672965 36.050405, -82.683565 36.046104, -82.684765 36.045004, -82.685565 36.042004, -82.688865 36.038604, -82.701065 36.034404, -82.703165 36.032404, -82.707465 36.030104, -82.715165 36.028604, -82.715565 36.026904, -82.715365 36.024253, -82.715965 36.022804, -82.725065 36.018204, -82.727865 36.018504, -82.731865 36.017604, -82.750065 36.006004, -82.754465 36.004304, -82.759165 36.004203, -82.765365 36.003003, -82.776001 36.000103, -82.777283 35.998811, -82.778589 35.997001, -82.779397 35.992511, -82.785267 35.987927, -82.7852918582795 35.98706148767, -82.785558 35.977795, -82.781809 35.974562, -82.780319 35.974365, -82.778625 35.974792, -82.776434 35.973886, -82.774905 35.971978, -82.777751 35.966912, -82.783085 35.964982, -82.784536 35.963905, -82.785356 35.96253, -82.785191 35.959231, -82.787465 35.952163, -82.7876265911168 35.9520631988537, -82.800431 35.944155, -82.805851 35.937938, -82.806174 35.936908, -82.805771 35.935316, -82.802769 35.930129, -82.802892 35.929013, -82.804997 35.927168, -82.809038 35.927241, -82.811067 35.926801, -82.81613 35.923986, -82.821861 35.921839, -82.82257 35.922531, -82.826045 35.929721, -82.828933 35.932932, -82.830112 35.932972, -82.833268 35.934993, -82.839994 35.940166, -82.841259 35.941721, -82.849849 35.947772, -82.852554 35.949089, -82.860724 35.94743, -82.869315 35.950565, -82.870666 35.95199, -82.874159 35.952698, -82.883933 35.949192, -82.892659 35.945182, -82.896947 35.944624, -82.8984628586303 35.9450880979247, -82.934357 35.9789, -83.052177 36.077899, -83.055249 36.087069, -83.067443 36.096604, -83.102761 36.120909, -83.139683 36.129196, -83.172085 36.156295, -83.166085 36.180894))",47059,1,1,1,1,EM-3620-TN,DR-4832-TN,71046,23134,2921,32.56,4.11,29504,3083,41.53,4.34,18408,2690,25.91,3.79,No,73.1,48.72,85.71,70.52,35.79,87.36,0.0,0.0,0.0,73398,70919,0,32470,44,28093,512,86.5,1.6,21325,655,75.9,2.1,6768,636,24.1,2.1,69.3,0.8,2243,382,8.0,1.3,720,238,2.6,0.9,3057,484,10.9,1.7,11.7,1.8,13605,28,19.2,0.1,15436,194,21.8,0.3,15634,1065,22.3,1.5,646,162,1.0,0.2,47233,70152,28738,1166,1611409726.0,67.3,4.1,112.75,2,54188,4493,10430,1780,14.8,2.5,70554,4.6,1290,27976,4.0,1130,28008,3.9,1095,28208,3.3,944,28398,3.9,1098,28236,5.7,1620,28295,5.8,1658,28408,4.7,1338,28173,4.5,1265,27918,4.8,1339,28097,5.0,1401,28248,4.9,1395,28234,4.9,1389,28356,4.4,1254,28431,4.2,1192,28522,3.7,1080,28835,4.2,1205,28703,5.5,1575,28579,-1,1,-1,0,0,1,1,1,0,0,0,-1,1,1,-1,8785,41722,2024-09-28 00:30:00+00:00,2024-09-28 00:30:00+00:00,21.1,34,34,8.9,DR-4832-TN,Tropical Storm,4832.0,TN,1585,0,33,2572,1798,1276,1687,1108,218,1108,286,31,1547,201,779,31,9.2,0.8,3.9,60.1,92.2,70.3,100.0
"Hamblen County, Tennessee","POLYGON ((-83.465897 36.188888, -83.449097 36.190289, -83.449498 36.217989, -83.441898 36.222789, -83.437561 36.211483, -83.416096 36.219389, -83.419897 36.236289, -83.407397 36.249589, -83.396297 36.253689, -83.389831 36.262743, -83.362196 36.26769, -83.362996 36.27899, -83.333495 36.28409, -83.327095 36.29669, -83.30507 36.268186, -83.287892 36.262293, -83.284111 36.261996, -83.263286 36.288487, -83.255292 36.289092, -83.232291 36.282392, -83.232107 36.287996, -83.200291 36.306993, -83.196691 36.322192, -83.17499 36.313493, -83.182491 36.336192, -83.15429 36.342293, -83.159889 36.332893, -83.134458 36.296285, -83.103533 36.278285, -83.082312 36.242296, -83.111954 36.220759, -83.14219 36.18739, -83.166085 36.180894, -83.185014 36.176866, -83.175098 36.127357, -83.195281 36.128892, -83.217194 36.150196, -83.219686 36.127494, -83.246086 36.123694, -83.226887 36.092501, -83.228453 36.081353, -83.234585 36.085094, -83.25535 36.117069, -83.281486 36.13251, -83.287003 36.135576, -83.331391 36.145892, -83.341013 36.146017, -83.388293 36.15359, -83.386393 36.142391, -83.393894 36.155191, -83.426814 36.15457, -83.458694 36.155389, -83.467097 36.174688, -83.465897 36.188888))",47063,1,1,1,1,EM-3620-TN,DR-4832-TN,66215,22672,3230,34.24,4.88,27362,3359,41.32,5.07,16181,2827,24.44,4.27,No,64.74,35.46,82.59,51.57,23.16,83.15,0.0,0.0,0.0,67715,64930,0,27805,41,25758,411,92.6,1.5,17602,675,68.3,2.6,8156,702,31.7,2.6,71.8,1.3,1832,450,7.1,1.7,488,197,1.9,0.8,3557,492,13.8,2.0,14.7,1.9,15518,25,23.9,0.1,11616,284,17.9,0.4,12600,1152,19.6,1.8,3947,694,6.5,1.1,14616,64499,25265,1148,417476229.0,22.7,4.5,400.15,1,55904,5706,11359,1730,17.3,2.6,65701,3.7,986,26903,3.3,899,27223,3.1,853,27448,2.9,795,27425,3.1,845,27494,4.2,1168,27740,4.0,1122,27867,3.8,1049,27508,3.6,994,27667,3.6,1013,27837,3.7,1027,27717,3.5,974,27709,4.0,1099,27708,3.6,1010,27902,3.4,949,28203,3.0,835,28222,3.4,966,28191,4.3,1218,28304,1,1,-1,0,0,0,1,1,0,0,0,1,1,1,-1,8088,32655,2024-09-27 15:30:00+00:00,2024-09-27 15:30:00+00:00,24.8,34,34,7.5,DR-4832-TN,Tropical Storm,4832.0,TN,193,0,3,426,263,219,229,105,25,105,38,2,234,24,70,2,1.7,0.1,0.4,54.9,96.0,66.7,100.0
"Hancock County, Tennessee","POLYGON ((-83.472108 36.597284, -83.374904 36.597386, -83.3082877900125 36.5979271503002, -83.2876129183054 36.5980951006089, -83.2763 36.598187, -83.261099 36.593887, -83.250304 36.593935, -83.249899 36.593898, -83.248933 36.593827, -83.1017155812756 36.593871049895, -83.028357 36.593893, -83.02725 36.593847, -82.9851235492625 36.5937302148783, -82.888013 36.593461, -82.830433 36.593761, -82.849782 36.586436, -82.936363 36.549454, -82.942691 36.546294, -82.960772 36.555155, -82.98388 36.544489, -82.99016 36.561895, -83.010789 36.563691, -83.040489 36.551891, -83.120966 36.513883, -83.134432 36.497301, -83.167194 36.47129, -83.162093 36.46159, -83.206937 36.441559, -83.193894 36.42429, -83.235495 36.40609, -83.280595 36.394689, -83.292996 36.392489, -83.304197 36.388189, -83.308597 36.399589, -83.340998 36.408388, -83.352099 36.419787, -83.389443 36.408162, -83.3868 36.413186, -83.377027 36.430722, -83.373094 36.43086, -83.369401 36.459186, -83.392631 36.522843, -83.398303 36.534885, -83.410409 36.548926, -83.432626 36.573098, -83.472108 36.597284))",47067,1,0,0,1,,DR-4832-TN,6832,1922,586,28.13,8.58,2550,613,37.32,8.97,2360,530,34.54,7.76,No,96.49,75.15,99.04,98.94,72.62,99.99,0.0,0.0,0.0,7038,6790,0,3667,18,2773,156,75.6,4.2,2015,150,72.7,5.1,758,160,27.3,5.1,77.9,1.3,386,132,13.9,4.5,247,83,8.9,2.9,970,193,35.0,6.2,35.9,6.3,1453,13,21.4,0.2,1521,25,22.4,0.4,1695,196,25.5,2.9,37,33,0.6,0.5,6662,6662,2827,98,575816010.0,100.0,3.5,29.97,3,39077,5158,1807,370,26.7,5.5,6779,4.5,104,2335,4.3,101,2367,4.0,94,2340,3.3,77,2308,3.9,92,2330,5.2,122,2340,5.3,124,2327,4.9,117,2367,4.5,108,2398,4.6,112,2420,4.8,116,2427,4.5,108,2412,4.6,113,2433,4.0,97,2440,4.1,101,2460,3.7,90,2460,4.2,103,2473,5.1,125,2452,-1,1,-1,0,0,1,1,1,1,1,1,-1,1,1,-1,1984,4359,2024-09-27 20:30:00+00:00,2024-09-27 20:30:00+00:00,45.5,34,34,6.9,,,,,0,0,0,0,0,0,0,0,0,0,0,0,0,0,0,0,0.0,0.0,0.0,0.0,0.0,0.0,0.0
"Hawkins County, Tennessee","POLYGON ((-83.280595 36.394689, -83.235495 36.40609, -83.193894 36.42429, -83.206937 36.441559, -83.162093 36.46159, -83.167194 36.47129, -83.134432 36.497301, -83.120966 36.513883, -83.040489 36.551891, -83.010789 36.563691, -82.99016 36.561895, -82.98388 36.544489, -82.960772 36.555155, -82.942691 36.546294, -82.936363 36.549454, -82.849782 36.586436, -82.830433 36.593761, -82.69578 36.593698, -82.6881447837838 36.593698, -82.679879 36.593698, -82.6540774589595 36.5938443363359, -82.609176 36.594099, -82.601479 36.579976, -82.616576 36.579199, -82.61495 36.554195, -82.611985 36.545532, -82.610779 36.527936, -82.610175 36.5193, -82.627676 36.513599, -82.626776 36.4954, -82.702279 36.455799, -82.680677 36.4318, -82.676177 36.4234, -82.702566 36.410412, -82.715579 36.4016, -82.721894 36.403904, -82.75148 36.3858, -82.779718 36.388243, -82.813281 36.363399, -82.827517 36.367163, -82.858182 36.365098, -82.885082 36.353398, -82.916082 36.328598, -82.929689 36.33332, -82.937183 36.334797, -82.967583 36.316397, -82.976783 36.301497, -83.023597 36.271815, -83.02395 36.274147, -83.031705 36.276696, -83.073679 36.241932, -83.082312 36.242296, -83.103533 36.278285, -83.134458 36.296285, -83.159889 36.332893, -83.15429 36.342293, -83.182491 36.336192, -83.17499 36.313493, -83.196691 36.322192, -83.200291 36.306993, -83.232107 36.287996, -83.232291 36.282392, -83.255292 36.289092, -83.27369 36.319086, -83.264498 36.344993, -83.273295 36.37019, -83.288896 36.378789, -83.280595 36.394689))",47073,1,1,1,1,EM-3620-TN,DR-4832-TN,58411,17987,2480,30.79,4.25,25205,2584,43.15,4.42,15219,2207,26.06,3.78,No,73.75,49.71,86.09,71.57,36.84,88.41,0.0,0.0,0.0,59371,57446,0,27299,38,23090,469,84.6,1.7,18350,480,79.5,2.0,4740,493,20.5,2.0,69.1,0.5,1397,319,6.1,1.4,353,105,1.5,0.5,3205,411,13.9,1.7,14.2,1.8,11046,20,19.2,0.1,12436,109,21.6,0.2,13101,995,23.0,1.7,267,143,0.5,0.3,35210,56721,23669,978,1261468092.0,62.1,4.1,116.46,2,54454,5987,9995,1743,17.2,3.0,58030,4.1,905,21982,3.9,848,21990,3.8,844,22345,3.4,746,22170,3.6,803,22154,4.7,1044,22408,4.5,1012,22312,4.3,957,22211,4.1,919,22315,4.2,943,22356,4.4,995,22367,4.2,942,22327,4.5,1019,22417,4.0,898,22407,4.0,907,22688,3.4,783,22805,3.8,873,22749,4.7,1071,22765,-1,1,-1,0,0,1,1,0,-1,1,0,-1,1,1,-1,15092,32121,2024-09-27 14:30:00+00:00,2024-09-27 14:30:00+00:00,47.0,34,34,7.7,DR-4832-TN,Tropical Storm,4832.0,TN,285,0,1,742,508,412,450,210,38,209,64,0,487,38,148,0,3.2,0.2,0.9,65.6,100.0,70.8,0.0
"Jefferson County, Tennessee","POLYGON ((-83.707976 36.094264, -83.691292 36.09463, -83.66746 36.080587, -83.659387 36.085533, -83.659171 36.087848, -83.660048 36.091278, -83.662187 36.093784, -83.667578 36.099022, -83.669564 36.102002, -83.67033 36.106295, -83.672188 36.110526, -83.673681 36.125495, -83.651522 36.125151, -83.654559 36.105672, -83.641323 36.09707, -83.628063 36.113443, -83.637701 36.143685, -83.604223 36.138299, -83.597766 36.164182, -83.564399 36.166486, -83.563013 36.191976, -83.5591 36.180486, -83.536999 36.180787, -83.528262 36.162559, -83.517993 36.178384, -83.504385 36.168556, -83.484397 36.166888, -83.467097 36.174688, -83.458694 36.155389, -83.426814 36.15457, -83.393894 36.155191, -83.386393 36.142391, -83.388293 36.15359, -83.341013 36.146017, -83.331391 36.145892, -83.287003 36.135576, -83.281486 36.13251, -83.25535 36.117069, -83.234585 36.085094, -83.253886 36.082194, -83.240085 36.057295, -83.256686 36.044321, -83.262056 35.997425, -83.276677 36.007652, -83.281021 35.982804, -83.297853 35.901516, -83.310782 35.895846, -83.353374 35.919628, -83.387457 35.913605, -83.395377 35.93308, -83.470863 35.923082, -83.490299 35.928044, -83.508303 35.939409, -83.524522 35.964224, -83.525858 35.964796, -83.569259 35.992054, -83.569934 35.992479, -83.607494 36.015685, -83.618852 36.019299, -83.655597 36.043119, -83.65636 36.034589, -83.673297 36.038486, -83.671169 36.053105, -83.692177 36.05804, -83.694599 36.058249, -83.707976 36.094264))",47089,1,0,0,1,,DR-4832-TN,56975,17324,2407,30.41,4.22,26630,2534,46.74,4.45,13021,2210,22.85,3.88,No,53.16,27.73,75.06,34.73,16.84,71.57,0.0,0.0,0.0,59217,55835,0,25223,43,21351,484,84.6,1.9,15807,549,74.0,2.5,5544,581,26.0,2.5,65.4,0.6,1101,222,5.2,1.1,240,108,1.1,0.5,2402,417,11.3,1.9,11.6,1.9,10763,0,19.3,0.0,11318,124,20.3,0.2,10730,855,19.5,1.6,993,346,1.9,0.6,41459,54683,21461,934,712648025.0,75.8,4.4,198.74,2,62730,5597,7279,1486,12.9,2.6,56242,4.0,1036,25830,3.8,995,26145,3.1,808,26124,2.8,720,26060,3.0,778,26108,3.9,1019,26330,3.8,997,26458,3.7,973,26173,3.5,918,26289,3.4,905,26444,3.6,942,26418,3.4,892,26459,4.4,1168,26577,4.1,1084,26722,3.3,885,26823,2.9,782,26828,3.4,905,26790,4.0,1081,26855,-1,1,-1,-1,0,0,1,0,-1,0,0,-1,1,1,-1,9007,39222,2024-09-27 15:45:00+00:00,2024-09-27 15:45:00+00:00,23.0,34,34,9.4,,,,,0,0,0,0,0,0,0,0,0,0,0,0,0,0,0,0,0.0,0.0,0.0,0.0,0.0,0.0,0.0
"Johnson County, Tennessee","POLYGON ((-82.058946 36.367415, -82.032544 36.389416, -81.965978 36.462947, -81.951844 36.470291, -81.951482 36.473863, -81.987503 36.499142, -81.983843 36.508314, -81.964945 36.531517, -81.931743 36.552214, -81.928044 36.567914, -81.875067 36.588258, -81.871443 36.602015, -81.826742 36.614215, -81.7705260627446 36.6130656663459, -81.7546361214299 36.6127407968302, -81.73694 36.612379, -81.6469 36.611918, -81.677535 36.588117, -81.680137 36.585518, -81.679036 36.578918, -81.677236 36.574406, -81.677036 36.570718, -81.679936 36.568618, -81.686436 36.567918, -81.690236 36.568718, -81.692506 36.565748, -81.692167 36.562695, -81.690132 36.559643, -81.689115 36.555912, -81.69003 36.552154, -81.693844 36.549083, -81.697539 36.544359, -81.699962 36.539714, -81.699962 36.536829, -81.707963 36.536209, -81.708262 36.532113, -81.707573 36.526101, -81.702543 36.520317, -81.700553 36.51519, -81.700093 36.514158, -81.699601 36.512883, -81.699446 36.511504, -81.697744 36.508448, -81.697829 36.507544, -81.69729 36.504887, -81.69797 36.504063, -81.699923 36.500865, -81.700238 36.500475, -81.699928 36.498018, -81.698265 36.497221, -81.697261 36.496141, -81.696835 36.493393, -81.695907 36.49158, -81.697287 36.484738, -81.696281 36.475499, -81.694829 36.474463, -81.694533 36.473283, -81.695311 36.467912, -81.697975 36.464741, -81.699223 36.463959, -81.701076 36.464212, -81.708247 36.462217, -81.71489 36.45722, -81.715082 36.453365, -81.714277 36.450978, -81.714212 36.447045, -81.715229 36.444332, -81.715569 36.44128, -81.715229 36.438567, -81.715229 36.436532, -81.716925 36.43314, -81.717939 36.428762, -81.720734 36.422537, -81.729924 36.415422, -81.734312 36.413342, -81.738292 36.410756, -81.739648 36.406686, -81.739648 36.401599, -81.737952 36.39719, -81.733877 36.39457, -81.731509 36.392103, -81.730491 36.390407, -81.729813 36.388033, -81.730737 36.382943, -81.732187 36.379894, -81.732865 36.376502, -81.731178 36.374062, -81.726082 36.368893, -81.724047 36.364293, -81.724047 36.360901, -81.723708 36.358527, -81.722691 36.354797, -81.721334 36.353101, -81.718282 36.350388, -81.713873 36.34937, -81.707785 36.346007, -81.705299 36.341852, -81.705966 36.338496, -81.707438 36.335171, -81.713194 36.334108, -81.717186 36.336169, -81.721015 36.338645, -81.725938 36.340364, -81.730976 36.341187, -81.7349 36.340891, -81.739498 36.339757, -81.7403376084011 36.3394222055156, -81.744461 36.337778, -81.747842 36.337356, -81.75442 36.337044, -81.757962 36.3375, -81.760675 36.338178, -81.762371 36.338856, -81.766102 36.338517, -81.768977 36.341042, -81.777972 36.346318, -81.781318 36.347656, -81.784077 36.347674, -81.787468 36.348692, -81.790181 36.351744, -81.791877 36.354797, -81.795269 36.357849, -81.7963949112567 36.3578944995709, -81.800812 36.358073, -81.808255 36.354121, -81.812904 36.351066, -81.822493 36.348819, -81.833202 36.347339, -81.841268 36.343321, -81.845638 36.34036, -81.850889 36.3375, -81.857333 36.334787, -81.863148 36.330209, -81.874336 36.31919, -81.876182 36.316075, -81.879382 36.313767, -81.887243 36.309193, -81.894569 36.307183, -81.897701 36.307446, -81.908137 36.302013, -81.9181112586581 36.2871132062802, -81.932994 36.264881, -81.933019683861 36.2648426504234, -81.9515 36.261763, -81.982535 36.288073, -81.999842 36.331524, -82.030543 36.333817, -82.042145 36.362816, -82.058946 36.367415))",47091,1,1,1,1,EM-3620-TN,DR-4832-TN,16883,5214,1040,30.88,6.16,6597,1110,39.07,6.57,5072,987,30.04,5.85,No,88.97,61.76,96.17,92.62,51.57,97.88,0.0,0.0,0.0,18506,18073,0,8755,59,7172,273,81.9,3.4,5637,284,78.6,3.5,1535,269,21.4,3.5,66.9,0.7,557,175,7.8,2.4,307,119,4.3,1.6,1153,218,16.1,2.9,16.7,3.0,3032,17,16.8,0.1,4212,43,23.3,0.2,3238,361,19.7,2.2,277,140,1.6,0.8,17948,17948,7205,274,772956196.0,100.0,3.8,60.14,3,51597,2999,3505,790,20.9,4.7,16754,4.5,260,5838,4.3,250,5816,4.4,255,5841,3.8,222,5789,3.9,227,5795,5.1,293,5762,5.0,288,5726,5.0,294,5823,4.9,285,5804,5.3,312,5919,5.1,300,5894,5.2,308,5977,6.4,376,5914,5.8,336,5836,5.2,300,5809,5.2,307,5902,4.9,285,5824,5.9,339,5745,-1,1,-1,0,0,1,1,1,0,1,1,-1,1,1,-1,0,0,-888888888,-888888888,0.0,34,34,7.4,DR-4832-TN,Tropical Storm,4832.0,TN,810,0,23,2028,1770,1336,1682,1310,412,1304,563,15,1500,395,1012,15,28.3,5.7,18.2,74.0,95.9,77.6,100.0
"Sevier County, Tennessee","POLYGON ((-83.794275 35.887125, -83.767242 35.911862, -83.743876 35.920582, -83.738506 35.916966, -83.694578 35.943887, -83.683965 35.936692, -83.686586 35.949967, -83.667341 35.961643, -83.659711 35.985887, -83.650947 35.986481, -83.650917 35.987063, -83.67749 36.027721, -83.673297 36.038486, -83.65636 36.034589, -83.655597 36.043119, -83.618852 36.019299, -83.607494 36.015685, -83.569934 35.992479, -83.569259 35.992054, -83.525858 35.964796, -83.524522 35.964224, -83.508303 35.939409, -83.490299 35.928044, -83.470863 35.923082, -83.395377 35.93308, -83.387457 35.913605, -83.353374 35.919628, -83.310782 35.895846, -83.316827 35.890819, -83.309655 35.880631, -83.288918 35.866396, -83.291206 35.859311, -83.293702 35.854563, -83.26246 35.822908, -83.279019 35.823222, -83.287445 35.795267, -83.275055 35.769644, -83.278151 35.7599, -83.276413 35.713591, -83.255476179897 35.7150906815168, -83.255489 35.714974, -83.254481 35.712362, -83.25423 35.709478, -83.255108 35.707096, -83.256111 35.703961, -83.255126 35.701493, -83.25561 35.696061, -83.258117 35.691924, -83.261252 35.689165, -83.26539 35.687535, -83.269277 35.685403, -83.271378 35.681476, -83.27548 35.679463, -83.281178 35.677802, -83.289165 35.674509, -83.290682 35.672638, -83.291075 35.667131, -83.293676 35.661919, -83.297154 35.65775, -83.302279 35.656064, -83.31049 35.654452, -83.312757 35.654809, -83.317905 35.659015, -83.321101 35.662815, -83.334965 35.665471, -83.337683 35.663074, -83.347262 35.660474, -83.349255 35.660854, -83.35156 35.659858, -83.353776 35.657478, -83.355537 35.654632, -83.355367 35.652338, -83.356202 35.650019, -83.358209 35.647277, -83.366941 35.638728, -83.368162 35.638202, -83.370369 35.638204, -83.372174 35.63931, -83.373712 35.638935, -83.376785 35.636638, -83.377984 35.634496, -83.380251 35.634705, -83.388722 35.633584, -83.388602 35.632352, -83.392652 35.625095, -83.396626 35.62272, -83.403569 35.621313, -83.406061 35.620185, -83.411852 35.61692, -83.42037 35.613467, -83.420964 35.611596, -83.421576 35.611186, -83.432298 35.609941, -83.441197 35.611739, -83.445802 35.611803, -83.447137 35.608664, -83.452431 35.602918, -83.455722 35.598045, -83.462678 35.5926, -83.471362 35.590304, -83.472668 35.589125, -83.472684 35.586552, -83.475367 35.584775, -83.479082 35.583316, -83.479317 35.582764, -83.478523 35.579202, -83.480617 35.576633, -83.485527 35.568204, -83.491647 35.566867, -83.498335 35.562981, -83.517564 35.562871, -83.520469 35.565602, -83.534169 35.564668, -83.540826 35.565702, -83.552167 35.564346, -83.559264 35.564796, -83.56609 35.565993, -83.572424 35.565518, -83.576345 35.564019, -83.582 35.562684, -83.58559 35.562941, -83.58714 35.564017, -83.587827 35.566963, -83.59427 35.572912, -83.601854 35.578228, -83.604806 35.57934, -83.608889 35.579451, -83.615312 35.574026, -83.629734 35.567889, -83.632358 35.569093, -83.635832 35.568169, -83.637182 35.567096, -83.640498 35.566075, -83.645481 35.565825, -83.653159 35.568309, -83.657933 35.569211, -83.660925 35.568207, -83.662957 35.569138, -83.6630236045826 35.5691430430619, -83.662814 35.690618, -83.679138 35.688353, -83.681704 35.698463, -83.705269 35.711161, -83.734186 35.772657, -83.747317 35.798398, -83.738535 35.811138, -83.749895 35.808725, -83.764022 35.830257, -83.773792 35.853189, -83.778602 35.853778, -83.782892 35.8548, -83.788115 35.882904, -83.794275 35.887125))",47155,1,0,0,1,,DR-4832-TN,99283,30553,3863,30.77,3.89,45854,4072,46.19,4.1,22876,3515,23.04,3.54,No,54.78,31.1,74.32,36.84,20.0,70.52,0.0,0.0,0.0,100184,98802,0,57809,51,39221,730,67.8,1.3,28230,778,72.0,1.8,10991,788,28.0,1.8,69.0,0.5,2029,349,5.2,0.9,1292,360,3.3,0.9,3132,515,8.0,1.3,8.7,1.3,20658,0,20.9,0.0,19698,182,19.9,0.2,15986,1006,16.3,1.0,4168,563,4.5,0.6,52501,98380,39520,1836,1534615545.0,53.4,4.6,166.04,2,60704,5198,12045,2316,12.2,2.3,98640,4.7,2398,50876,4.6,2327,50643,2.9,1493,51603,2.4,1229,52194,2.4,1282,52812,3.1,1656,53542,3.0,1600,53617,3.0,1580,52791,2.9,1528,52440,2.9,1538,52418,3.0,1587,52172,3.0,1542,51988,5.2,2675,51938,4.9,2541,51447,3.4,1725,51034,2.4,1307,54115,2.7,1458,54738,3.2,1751,55357,-1,1,-1,-1,0,0,1,0,0,-1,-1,-1,1,1,-1,7106,72455,2024-10-03 11:00:00+00:00,2024-10-03 11:00:00+00:00,9.8,34,34,8.9,,,,,0,0,0,0,0,0,0,0,0,0,0,0,0,0,0,0,0.0,0.0,0.0,0.0,0.0,0.0,0.0
"Sullivan County, Tennessee","POLYGON ((-82.702279 36.455799, -82.626776 36.4954, -82.627676 36.513599, -82.610175 36.5193, -82.610779 36.527936, -82.611985 36.545532, -82.61495 36.554195, -82.616576 36.579199, -82.601479 36.579976, -82.609176 36.594099, -82.5721345801877 36.5946388119681, -82.561074 36.5948, -82.559774 36.5948, -82.554294 36.594876, -82.5455829729465 36.5949988917858, -82.5172711030511 36.5953983046485, -82.4938325003088 36.5957289673513, -82.487238 36.595822, -82.478668 36.595588, -82.466613 36.594481, -82.3869092861722 36.5950556892547, -82.296995 36.595704, -82.2941391924011 36.595705583357, -82.24409004842 36.5957333323066, -82.2426815243427 36.5957341132403, -82.2350650373334 36.5957383360801, -82.226653 36.595743, -82.225716 36.595744, -82.223445 36.595721, -82.221713 36.595814, -82.211005 36.59586, -82.210497 36.595772, -82.2089950157338 36.5957315257353, -82.1897574570275 36.595213127466, -82.188491 36.595179, -82.1808198838466 36.5949305868721, -82.18074 36.594928, -82.1800850352466 36.5948979987516, -82.1800833242883 36.5948979203796, -82.177247 36.594768, -82.173982 36.594607, -82.1512694710039 36.5946714604134, -82.150727 36.594673, -82.148569 36.594718, -82.1455730331036 36.594710944091, -82.1022994618737 36.594609028953, -82.0537298775231 36.5944946409847, -81.934144 36.594213, -81.922644 36.616213, -81.8693876360908 36.6151034692802, -81.826742 36.614215, -81.871443 36.602015, -81.875067 36.588258, -81.928044 36.567914, -81.931743 36.552214, -81.964945 36.531517, -81.983843 36.508314, -81.986944 36.510614, -81.9979 36.49271, -82.027791 36.487453, -82.039946 36.485612, -82.075348 36.458612, -82.099049 36.45901, -82.138575 36.430926, -82.164652 36.416209, -82.185355 36.402321, -82.201354 36.401107, -82.241995 36.421977, -82.262316 36.413033, -82.288615 36.39517, -82.299859 36.396505, -82.346099 36.397165, -82.348298 36.401381, -82.366262 36.402904, -82.370547 36.40224, -82.386163 36.392104, -82.374535 36.420098, -82.408571 36.426284, -82.420713 36.446966, -82.437266 36.437603, -82.438355 36.445639, -82.441662 36.445204, -82.523281 36.434278, -82.570178 36.427566, -82.601474 36.4232, -82.627921 36.433117, -82.662877 36.4425, -82.680677 36.4318, -82.702279 36.455799))",47163,1,0,0,1,,DR-4832-TN,161161,56613,5688,35.13,3.53,70574,5818,43.79,3.61,33974,4774,21.08,2.96,No,40.23,22.52,61.0,24.21,12.63,50.52,0.0,0.0,0.0,162703,159693,0,75917,116,68408,717,90.1,0.9,49889,1070,72.9,1.3,18519,884,27.1,1.3,70.2,0.2,4840,532,7.1,0.8,1294,347,1.9,0.5,8792,730,12.9,1.1,13.1,1.1,30629,0,19.2,0.0,35212,113,22.0,0.1,29120,1213,18.4,0.8,1011,255,0.7,0.2,41970,158163,67853,2485,1071072982.0,26.5,3.7,382.46,1,57016,3061,21649,3179,13.5,2.0,160065,3.5,2407,69198,3.3,2256,69243,3.2,2255,70511,3.0,2073,70095,3.2,2225,69994,4.1,2935,70779,4.0,2856,70589,3.9,2719,70328,3.7,2598,70563,3.7,2624,70634,3.8,2685,70392,3.7,2605,70397,3.9,2729,70534,3.4,2377,70587,3.3,2375,71457,3.0,2124,71994,3.4,2445,71801,4.2,3007,71780,0,1,-1,0,0,0,1,1,-1,0,0,-1,1,1,-1,21584,84349,2024-09-27 18:00:00+00:00,2024-09-27 18:00:00+00:00,25.6,34,34,7.6,,,,,0,0,0,0,0,0,0,0,0,0,0,0,0,0,0,0,0.0,0.0,0.0,0.0,0.0,0.0,0.0
"Unicoi County, Tennessee","POLYGON ((-82.614362 36.003506, -82.613862 36.004706, -82.611862 36.006206, -82.604327 36.018187, -82.600089 36.021774, -82.595525 36.026012, -82.594873 36.029598, -82.596177 36.03188, -82.598785 36.034162, -82.600741 36.037422, -82.602877 36.039833, -82.5772 36.078387, -82.595065 36.096205, -82.527909 36.148716, -82.487564 36.155706, -82.441518 36.154779, -82.420661 36.163207, -82.416662 36.179207, -82.391561 36.19925, -82.370647 36.209879, -82.355761 36.242807, -82.34046 36.252807, -82.335384 36.253077, -82.319588 36.260347, -82.284691 36.251686, -82.269894 36.239345, -82.256356 36.233208, -82.254955 36.224848, -82.267955 36.210109, -82.247455 36.206809, -82.228953 36.19051, -82.222052 36.156911, -82.223232 36.154772, -82.224852 36.150011, -82.228288 36.146622, -82.234807 36.14172, -82.235479 36.140748, -82.236415 36.139926, -82.237737 36.139189, -82.241553 36.137111, -82.243353 36.134311, -82.244461 36.132777, -82.247521 36.130865, -82.251853 36.13221, -82.253253 36.13371, -82.256319 36.133925, -82.260353 36.13371, -82.263354 36.13011, -82.26569 36.127614, -82.26875 36.12704, -82.270954 36.12761, -82.274054 36.12941, -82.278654 36.12851, -82.280354 36.12881, -82.288455 36.13541, -82.289455 36.13571, -82.297655 36.13351, -82.302855 36.13131, -82.307255 36.12851, -82.308655 36.12651, -82.318156 36.12091, -82.321448 36.119551, -82.325169 36.119363, -82.329177 36.117427, -82.332289 36.116935, -82.336756 36.114909, -82.346857 36.115209, -82.348422 36.115929, -82.349957 36.117109, -82.355157 36.115609, -82.360357 36.111609, -82.360919 36.110614, -82.3609852894429 36.1105792059662, -82.366566 36.10765, -82.371383 36.106388, -82.375558 36.105609, -82.378758 36.102809, -82.380458 36.099309, -82.389958 36.096909, -82.404458 36.087609, -82.409458 36.083409, -82.4166607727019 36.0727736559322, -82.460658 36.007809, -82.464558 36.006508, -82.47419 36.000108, -82.482292 35.997823, -82.483498 35.996284, -82.483666 35.993866, -82.484678 35.992849, -82.487411 35.991634, -82.487451 35.991557, -82.500206 35.982561, -82.505384 35.97768, -82.5054541504531 35.9776714603071, -82.507068 35.977475, -82.512598 35.975664, -82.516444 35.975958, -82.52066 35.974633, -82.522702 35.973436, -82.531292 35.972188, -82.534763 35.969887, -82.539273 35.969115, -82.542463 35.967994, -82.549682 35.964275, -82.553192 35.960627, -82.557874 35.953901, -82.567503 35.955552, -82.57517 35.958384, -82.576678 35.959255, -82.577719 35.964196, -82.581003 35.965557, -82.591977 35.966385, -82.59486 35.965347, -82.60037 35.964626, -82.607761 35.966023, -82.610889 35.967409, -82.611602 35.971418, -82.610885 35.974442, -82.60674 35.984446, -82.604239 35.987319, -82.606944 35.99217, -82.612604 35.993488, -82.613028 35.994, -82.615062 36.000306, -82.614362 36.003506))",47171,1,1,1,1,EM-3620-TN,DR-4832-TN,17680,5949,1241,33.65,7.02,7546,1319,42.68,7.46,4185,1172,23.67,6.63,No,59.31,16.82,87.4,44.21,9.47,89.46,0.0,0.0,0.0,17872,17779,0,8740,27,7803,240,89.3,2.7,5678,301,72.8,3.8,2125,319,27.2,3.8,70.5,1.2,448,157,5.7,2.0,446,185,5.7,2.4,1158,285,14.8,3.6,15.7,3.7,3245,0,18.3,0.0,4105,74,23.1,0.4,3468,410,19.9,2.4,218,87,1.3,0.5,9223,17928,7638,245,481902934.0,51.4,3.2,96.35,2,54955,6448,2153,556,12.3,3.2,17434,4.3,321,7544,3.7,281,7613,3.4,262,7675,3.1,235,7674,3.2,241,7611,4.3,325,7643,4.2,319,7590,4.0,299,7526,3.9,295,7637,5.4,425,7823,5.7,446,7814,5.5,429,7759,5.8,450,7758,5.0,393,7803,4.7,366,7860,4.9,393,7976,4.2,330,7814,5.0,388,7811,0,1,-1,0,0,0,1,0,1,0,0,-1,1,1,-1,0,12296,2024-09-27 06:15:00+00:00,2024-09-27 06:15:00+00:00,0.0,34,34,8.7,DR-4832-TN,Tropical Storm,4832.0,TN,582,0,30,1340,1085,744,1035,728,203,727,276,14,883,184,525,14,17.2,2.6,9.3,65.9,90.6,72.2,100.0
"Washington County, Tennessee","POLYGON ((-82.676177 36.4234, -82.680677 36.4318, -82.662877 36.4425, -82.627921 36.433117, -82.601474 36.4232, -82.570178 36.427566, -82.523281 36.434278, -82.441662 36.445204, -82.438355 36.445639, -82.437266 36.437603, -82.420713 36.446966, -82.408571 36.426284, -82.374535 36.420098, -82.386163 36.392104, -82.370547 36.40224, -82.366262 36.402904, -82.348298 36.401381, -82.346099 36.397165, -82.299859 36.396505, -82.299968 36.37114, -82.301759 36.365105, -82.315109 36.326356, -82.316528 36.322296, -82.320759 36.309906, -82.322038 36.306275, -82.32578 36.295584, -82.342282 36.263977, -82.34046 36.252807, -82.355761 36.242807, -82.370647 36.209879, -82.391561 36.19925, -82.416662 36.179207, -82.420661 36.163207, -82.441518 36.154779, -82.487564 36.155706, -82.527909 36.148716, -82.595065 36.096205, -82.627535 36.12798, -82.63662 36.14347, -82.647038 36.159135, -82.646202 36.176646, -82.651856 36.180727, -82.649583 36.199527, -82.651122 36.209103, -82.643057 36.225907, -82.636661 36.312102, -82.63357 36.356347, -82.628624 36.359342, -82.633032 36.364769, -82.63052 36.39984, -82.631794 36.418769, -82.702566 36.410412, -82.676177 36.4234))",47179,1,1,1,1,EM-3620-TN,DR-4832-TN,134199,47126,5291,35.12,3.94,60023,5396,44.73,4.02,27050,4370,20.16,3.26,No,33.79,16.12,57.15,18.95,8.42,46.31,0.0,0.0,0.0,139642,134693,0,61426,59,56234,644,91.5,1.1,36241,954,64.4,1.6,19993,982,35.6,1.6,59.7,0.2,2858,504,5.1,0.9,889,276,1.6,0.5,4744,637,8.4,1.1,8.9,1.2,25347,0,18.8,0.0,25019,118,18.6,0.1,21962,1307,16.5,1.0,2502,561,1.9,0.4,34261,133001,55428,1674,845756033.0,25.8,3.0,407.29,1,62028,5459,21645,2828,16.3,2.1,133162,3.1,2038,64806,2.9,1875,65530,2.9,1908,66234,2.6,1722,66264,2.9,1922,65820,3.8,2491,66029,3.7,2427,65603,3.7,2407,65235,3.4,2276,66005,3.5,2300,66520,3.5,2352,66291,3.4,2251,65958,3.5,2324,65763,3.0,2015,66332,3.0,2003,66982,2.7,1811,67562,3.2,2128,66971,4.0,2665,67020,1,0,0,0,0,0,-1,0,-1,-1,-1,-1,1,1,-1,28622,72401,2024-09-27 20:45:00+00:00,2024-09-27 20:45:00+00:00,39.5,34,34,7.5,DR-4832-TN,Tropical Storm,4832.0,TN,897,0,86,1980,1415,996,1338,877,218,875,300,71,1271,207,643,71,3.5,0.4,1.6,64.2,95.0,73.5,100.0
"Albemarle County, Virginia","POLYGON ((-78.792788 38.069504, -78.7792 38.08347, -78.77891 38.084369, -78.778945 38.087004, -78.779306 38.089297, -78.779069 38.089961, -78.777688 38.091206, -78.777309 38.092062, -78.777203 38.093217, -78.777887 38.094478, -78.779569 38.095579, -78.781173 38.097185, -78.781152 38.097835, -78.788073 38.126404, -78.772112 38.153362, -78.771769 38.166101, -78.749396 38.206648, -78.742136 38.21772, -78.726443 38.229972, -78.706566 38.246438, -78.681032 38.254905, -78.655347 38.26026, -78.663145 38.277933, -78.606539 38.258172, -78.465449 38.214047, -78.438379 38.205844, -78.368984 38.184146, -78.344325 38.177786, -78.332451 38.173829, -78.209384 38.131128, -78.253686 38.06327, -78.306763 38.006474, -78.324615 37.986009, -78.351164 37.955804, -78.366568 37.938288, -78.467764 37.823414, -78.491345 37.796956, -78.497714 37.7631, -78.512848 37.757222, -78.544774 37.763941, -78.580797 37.754047, -78.612023 37.756321, -78.643918 37.733084, -78.668862 37.724752, -78.686087 37.737505, -78.683104 37.759992, -78.667455 37.759409, -78.708046 37.825101, -78.732117 37.865174, -78.760379 37.914346, -78.838874 38.04737, -78.792788 38.069504), (-78.52368 38.022327, -78.520375 38.018355, -78.519333 38.010678, -78.505442 38.010324, -78.503313 38.0102, -78.485365 38.015923, -78.475109 38.013917, -78.462089 38.022528, -78.454668 38.021604, -78.452213 38.027733, -78.458535 38.034559, -78.455013 38.037399, -78.446488 38.048728, -78.449214 38.058929, -78.46613 38.0457, -78.472213 38.052543, -78.464405 38.064699, -78.466889 38.06783, -78.471754 38.070509, -78.485202 38.068974, -78.495034 38.065337, -78.503748 38.057069, -78.507616 38.056269, -78.504839 38.047275, -78.513997 38.044161, -78.515527 38.036644, -78.501248 38.040409, -78.498922 38.032907, -78.520179 38.029781, -78.523035 38.026329, -78.52368 38.022327))",51003,1,0,0,1,,DR-4831-VA,109631,43670,4037,39.83,3.68,44309,4209,40.42,3.84,21652,3437,19.75,3.14,No,30.66,14.69,53.72,33.08,19.55,55.63,0.0,0.0,0.0,117313,113683,0,48360,88,45064,398,93.2,0.8,29720,696,66.0,1.5,15344,710,34.0,1.5,65.6,0.3,1100,228,2.4,0.5,668,228,1.5,0.5,1723,315,3.8,0.7,4.6,0.8,22432,0,19.7,0.0,22616,110,19.9,0.1,11014,780,9.8,0.7,4803,662,4.4,0.6,45379,112395,43468,1161,1866027153.0,40.4,2.7,156.0,1,102750,7605,8610,1659,8.0,1.5,108199,2.4,1435,60346,2.5,1563,61666,2.4,1489,62444,2.1,1316,62229,2.6,1596,61685,3.1,1903,61892,3.1,1900,61648,3.1,1886,61458,2.6,1580,61783,2.5,1572,61956,2.6,1583,61560,2.2,1328,61548,2.7,1672,61787,3.1,1914,62002,3.1,1951,62224,3.0,1832,62041,3.3,1996,61209,3.7,2239,61215,1,0,0,1,-1,0,1,-1,-1,-1,-1,-1,1,-1,-1,2697,86427,2024-09-26 09:30:00+00:00,2024-09-26 09:30:00+00:00,3.1,0,0,4.6,,,,,0,0,0,0,0,0,0,0,0,0,0,0,0,0,0,0,0.0,0.0,0.0,0.0,0.0,0.0,0.0
"Appomattox County, Virginia","POLYGON ((-79.010943 37.445055, -78.97623 37.468301, -78.943609 37.481579, -78.949942 37.503142, -78.923725 37.497553, -78.89554 37.513242, -78.898741 37.530242, -78.869245 37.542092, -78.824938 37.537342, -78.825238 37.552542, -78.705011 37.456593, -78.683224 37.428974, -78.635714 37.416193, -78.63065 37.384437, -78.594436 37.397974, -78.601434 37.351367, -78.594483 37.344949, -78.632979 37.314325, -78.679791 37.2588, -78.681573 37.248759, -78.720331 37.237098, -78.734854 37.220229, -78.777293 37.229107, -78.808198 37.201852, -78.824209 37.205361, -78.856928 37.212008, -78.863198 37.24049, -78.892712 37.248638, -78.919869 37.245545, -78.922067 37.247968, -78.92901 37.278684, -78.949703 37.292501, -78.953447 37.317112, -78.967596 37.340386, -78.973397 37.349927, -79.021687 37.429243, -79.010943 37.445055))",51011,1,0,0,1,,DR-4831-VA,16864,5188,989,30.76,5.86,8157,1045,48.37,6.2,3519,888,20.87,5.27,No,38.58,10.4,72.16,45.86,15.04,72.17,0.0,0.0,0.0,16957,16424,0,7380,37,6563,205,88.9,2.7,5092,285,77.6,3.9,1471,266,22.4,3.9,74.0,0.9,345,107,5.3,1.6,222,92,3.4,1.4,906,181,13.8,2.7,14.2,2.7,3591,20,21.9,0.1,3396,40,20.7,0.2,2270,337,13.9,2.1,37,35,0.2,0.2,16119,16119,6470,260,865635287.0,100.0,4.0,48.23,3,64701,7751,1917,447,11.4,2.7,16759,3.6,294,8108,3.4,275,8144,3.0,250,8208,2.8,229,8187,3.1,247,8073,3.2,262,8085,3.4,277,8073,3.5,280,8090,3.1,253,8074,3.1,252,8124,3.2,256,8068,2.8,227,8037,3.6,288,8080,3.6,289,8042,3.5,286,8077,3.2,259,8042,3.4,268,7978,3.7,297,8004,0,1,-1,0,0,0,1,0,0,0,0,-1,1,0,-1,495,9552,2024-09-28 04:00:00+00:00,2024-09-28 04:00:00+00:00,5.2,0,0,3.5,,,,,0,0,0,0,0,0,0,0,0,0,0,0,0,0,0,0,0.0,0.0,0.0,0.0,0.0,0.0,0.0
"Bedford County, Virginia","POLYGON ((-79.850993 37.284442, -79.839607 37.300414, -79.847476 37.309352, -79.844198 37.31775, -79.820209 37.33103, -79.788671 37.349385, -79.779208 37.370823, -79.776984 37.380839, -79.797385 37.385158, -79.814203 37.403654, -79.786615 37.410957, -79.762841 37.423703, -79.757369 37.424743, -79.719076 37.448957, -79.69006 37.476374, -79.659606 37.485073, -79.634206 37.457021, -79.626124 37.455284, -79.588526 37.449596, -79.567365 37.487717, -79.555176 37.499061, -79.546351 37.489194, -79.518941 37.508447, -79.498699 37.532797, -79.478987 37.548379, -79.434068 37.572327, -79.446226 37.576255, -79.457967 37.605835, -79.436947 37.617057, -79.424213 37.601078, -79.404525 37.607514, -79.384118 37.594329, -79.367342 37.551148, -79.345314 37.521041, -79.339299 37.516608, -79.32727 37.512275, -79.313804 37.510224, -79.302683 37.504856, -79.298105 37.500925, -79.262593 37.508055, -79.258075 37.494165, -79.223714 37.506344, -79.225093 37.494444, -79.209467 37.477518, -79.185702 37.46582, -79.209961 37.46897, -79.220767 37.459851, -79.246499 37.447286, -79.266986 37.447868, -79.26838 37.431251, -79.241444 37.419145, -79.246468 37.40085, -79.232639 37.394622, -79.250356 37.367085, -79.254424 37.361068, -79.257955 37.355816, -79.269812 37.336416, -79.282155 37.316788, -79.290055 37.305056, -79.330477 37.238418, -79.350182 37.206178, -79.39946 37.126242, -79.442859 37.055867, -79.489516 37.0625, -79.487418 37.052758, -79.483272 37.03529, -79.458993 37.016944, -79.475454 37.010771, -79.535614 37.041127, -79.548938 37.053218, -79.562621 37.035017, -79.594069 37.042206, -79.593061 37.052868, -79.622408 37.078611, -79.611628 37.086487, -79.641069 37.103113, -79.649006 37.118231, -79.650888 37.126175, -79.666536 37.145417, -79.702476 37.149103, -79.71173 37.173593, -79.722359 37.192307, -79.751251 37.189156, -79.776606 37.202627, -79.782145 37.232729, -79.806065 37.215174, -79.818161 37.226201, -79.842677 37.216547, -79.847217 37.225406, -79.846901 37.241304, -79.858405 37.267155, -79.850993 37.284442))",51019,1,1,1,1,EM-3621-VA,DR-4831-VA,81441,30160,2962,37.03,3.64,35458,3097,43.54,3.8,15823,2566,19.43,3.15,No,28.34,13.2,51.78,32.33,18.04,54.13,0.0,0.0,0.0,82182,80254,0,37383,39,32698,526,87.5,1.4,27536,576,84.2,1.4,5162,482,15.8,1.4,73.4,0.4,1135,214,3.5,0.6,839,191,2.6,0.6,2084,323,6.4,1.0,7.1,1.0,15735,0,19.6,0.0,18224,95,22.7,0.1,10400,690,13.0,0.9,798,218,1.0,0.3,56207,79462,32486,1136,1968691310.0,70.7,3.5,104.54,2,72742,6490,8029,1406,9.9,1.7,80866,2.9,1131,38781,2.9,1119,39068,2.6,1018,39423,2.4,961,39327,2.9,1125,38915,3.2,1244,38968,3.4,1317,38894,3.3,1300,38938,3.1,1183,38741,3.0,1167,38926,3.1,1181,38616,2.7,1036,38484,3.3,1288,38727,3.4,1310,38536,3.4,1313,38821,3.4,1310,38828,3.5,1351,38510,3.9,1493,38624,-1,1,-1,0,0,0,1,-1,0,-1,-1,-1,1,0,-1,15420,48809,2024-09-27 18:45:00+00:00,2024-09-27 18:45:00+00:00,31.6,34,34,4.7,DR-4831-VA,Tropical Storm,4831.0,VA,26,0,0,53,21,19,18,7,2,7,2,0,25,2,7,0,0.2,0.0,0.0,47.2,100.0,100.0,0.0
"Bland County, Virginia","POLYGON ((-81.462279 37.035402, -81.436602 37.041137, -81.399281 37.057678, -81.357998 37.058295, -81.326273 37.067374, -81.270078 37.093012, -81.261318 37.114727, -81.269362 37.12779, -81.32814 37.138949, -81.333009 37.149137, -81.31376 37.159447, -81.263864 37.173018, -81.283786 37.213749, -81.243553 37.224062, -81.225104 37.234874, -81.204774 37.243013, -81.1844879477754 37.2544167132402, -81.178151 37.257979, -81.167029 37.262881, -81.1602707804801 37.2649767603248, -81.158964 37.265382, -81.142404 37.269165, -81.1236616608042 37.2750326700676, -81.1234048818848 37.2751130599252, -81.112596 37.278497, -81.09482 37.28264, -81.084012 37.284401, -81.037191 37.290251, -81.021937 37.294143, -81.008457 37.296073, -81.000576 37.297868, -80.996013 37.299545, -80.979589 37.302279, -80.979106 37.300581, -80.982173 37.296023, -80.981322 37.293465, -80.980146 37.292743, -81.014489 37.275385, -80.993872 37.260672, -80.894041 37.179375, -80.871306 37.193766, -80.861545 37.178499, -80.881129 37.171058, -80.854627 37.147482, -80.887031 37.127274, -80.896151 37.122989, -80.930627 37.115087, -80.912674 37.073349, -80.972963 37.054817, -81.032514 37.046858, -81.106884 37.025146, -81.114319 37.022612, -81.131036 37.038095, -81.166057 37.024653, -81.178854 37.025099, -81.191819 37.037035, -81.224624 37.047835, -81.286458 37.018993, -81.315425 36.998517, -81.338326 36.975417, -81.355827 36.964517, -81.367228 36.967217, -81.379402 36.952442, -81.43673 37.010135, -81.462279 37.035402))",51021,1,1,1,1,EM-3621-VA,DR-4831-VA,5542,1792,481,32.33,8.68,2446,511,44.14,9.22,1304,440,23.53,7.94,No,58.22,10.5,89.97,57.89,15.79,91.72,0.0,0.0,0.0,6186,6211,0,3205,18,2345,169,73.2,5.2,1896,193,80.9,5.7,449,135,19.1,5.7,63.0,1.7,88,50,3.8,2.1,66,47,2.8,2.0,174,77,7.4,3.3,8.2,3.6,879,31,14.2,0.5,1522,35,24.5,0.6,883,143,16.7,2.7,0,19,0.0,0.7,6270,6270,2505,66,926296565.0,100.0,2.6,17.53,3,57748,7280,764,185,13.9,3.4,5485,3.3,89,2671,3.2,84,2653,2.9,78,2660,2.7,73,2663,3.3,87,2619,3.6,98,2687,3.9,104,2663,3.6,96,2657,3.1,81,2632,3.5,92,2661,3.2,83,2611,2.6,67,2577,3.1,82,2633,3.4,88,2618,3.9,104,2688,3.5,93,2673,3.6,95,2627,4.8,129,2697,-1,1,-1,0,0,0,0,0,0,-1,-1,-1,1,1,-1,3958,3961,2024-09-27 19:15:00+00:00,2024-09-27 19:15:00+00:00,99.9,34,34,7.2,DR-4831-VA,Tropical Storm,4831.0,VA,51,0,0,167,128,108,109,65,28,64,34,0,147,28,59,0,7.1,1.2,2.7,88.0,100.0,92.2,0.0
"Botetourt County, Virginia","POLYGON ((-80.074119 37.422469, -80.047594 37.443103, -80.009496 37.510827, -79.969071 37.544408, -80.027621 37.624218, -80.032033 37.638563, -80.020554 37.647442, -79.957365 37.683782, -79.941717 37.698951, -79.91756 37.701848, -79.910182 37.712176, -79.890347 37.738063, -79.86708 37.748685, -79.844455 37.774588, -79.845321 37.782314, -79.816721 37.800973, -79.674162 37.763093, -79.68877 37.734747, -79.676341 37.698803, -79.667733 37.694509, -79.683554 37.661763, -79.673048 37.655446, -79.608748 37.616751, -79.573231 37.595569, -79.57791 37.580807, -79.498699 37.532797, -79.518941 37.508447, -79.546351 37.489194, -79.555176 37.499061, -79.567365 37.487717, -79.588526 37.449596, -79.626124 37.455284, -79.634206 37.457021, -79.659606 37.485073, -79.69006 37.476374, -79.719076 37.448957, -79.757369 37.424743, -79.762841 37.423703, -79.786615 37.410957, -79.814203 37.403654, -79.797385 37.385158, -79.776984 37.380839, -79.779208 37.370823, -79.788671 37.349385, -79.820209 37.33103, -79.844198 37.31775, -79.847476 37.309352, -79.857699 37.320408, -79.865684 37.328668, -79.887589 37.338102, -79.920321 37.352193, -79.945616 37.362997, -79.94604 37.363176, -80.051755 37.404087, -80.062622 37.408325, -80.074119 37.422469))",51023,1,0,0,1,,DR-4831-VA,34007,13319,1667,39.17,4.9,14890,1737,43.79,5.11,5798,1433,17.05,4.21,No,13.1,3.5,42.93,17.29,5.26,45.86,0.0,0.0,0.0,34129,33875,0,15010,46,13105,319,87.3,2.1,11245,387,85.8,1.9,1860,257,14.2,1.9,73.6,1.1,476,151,3.6,1.2,187,110,1.4,0.8,357,100,2.7,0.8,3.5,1.0,6355,25,18.8,0.1,8005,110,23.6,0.3,3788,414,11.3,1.2,112,93,0.3,0.3,19969,33596,13498,446,1401898973.0,59.4,3.3,62.07,2,84395,6469,2131,514,6.3,1.5,33694,2.7,459,17305,2.6,460,17409,2.2,391,17541,2.1,372,17514,2.5,438,17481,2.8,488,17506,2.9,515,17601,2.9,506,17415,2.6,449,17413,2.5,440,17455,2.5,435,17326,2.2,376,17308,2.7,476,17326,2.8,478,17270,2.8,486,17377,2.9,504,17335,3.1,531,17206,3.4,586,17282,-1,1,-1,0,0,0,1,-1,-1,-1,-1,-1,1,-1,-1,3423,20350,2024-09-28 00:45:00+00:00,2024-09-28 00:45:00+00:00,16.8,34,34,4.9,,,,,0,0,0,0,0,0,0,0,0,0,0,0,0,0,0,0,0.0,0.0,0.0,0.0,0.0,0.0,0.0
"Bristol City, Virginia","POLYGON ((-82.2426815243427 36.5957341132403, -82.233384 36.604083, -82.18927 36.621861, -82.178693 36.62703, -82.15784 36.626745, -82.114325 36.638403, -82.133135 36.675593, -82.129019 36.676005, -82.10299 36.646397, -82.110509 36.6349, -82.105678 36.629731, -82.132973 36.608502, -82.1455730331036 36.594710944091, -82.148569 36.594718, -82.150727 36.594673, -82.1512694710039 36.5946714604134, -82.173982 36.594607, -82.177247 36.594768, -82.1800833242883 36.5948979203796, -82.1800850352466 36.5948979987516, -82.18074 36.594928, -82.1808198838466 36.5949305868721, -82.188491 36.595179, -82.1897574570275 36.595213127466, -82.2089950157338 36.5957315257353, -82.210497 36.595772, -82.211005 36.59586, -82.221713 36.595814, -82.223445 36.595721, -82.225716 36.595744, -82.226653 36.595743, -82.2350650373334 36.5957383360801, -82.2426815243427 36.5957341132403))",51520,1,1,0,1,EM-3621-VA,DR-4831-VA,16671,5743,1223,34.45,7.34,6066,1226,36.39,7.35,4862,923,29.16,5.54,No,86.71,58.42,95.06,89.46,59.39,96.98,0.0,0.0,0.0,16316,17024,0,8654,24,7327,265,84.7,3.0,4627,335,63.1,4.6,2700,372,36.9,4.6,76.2,2.3,558,179,7.6,2.4,326,152,4.4,2.1,1557,305,21.3,4.0,22.0,4.1,3433,96,20.2,0.6,3928,69,23.1,0.4,3533,487,21.1,2.9,106,67,0.7,0.4,176,17219,7721,253,33336228.0,1.0,3.3,1337.79,1,45240,5587,3601,634,21.8,3.8,16512,3.4,257,7528,3.5,262,7547,3.4,260,7679,3.1,237,7585,3.6,273,7595,3.9,293,7610,4.0,301,7570,4.0,301,7584,3.7,280,7637,3.5,268,7597,3.6,270,7554,3.1,234,7544,4.0,299,7554,4.1,312,7576,4.0,302,7573,3.9,296,7584,4.0,299,7518,4.4,329,7531,-1,0,0,0,-1,1,1,1,0,1,1,-1,1,1,-1,0,0,-888888888,-888888888,0.0,34,34,7.3,,,,,0,0,0,0,0,0,0,0,0,0,0,0,0,0,0,0,0.0,0.0,0.0,0.0,0.0,0.0,0.0
"Buchanan County, Virginia","POLYGON ((-82.309415 37.300066, -82.291908 37.311642, -82.2864525052966 37.3154337983343, -82.2544624321979 37.3376682449765, -82.254352 37.337745, -82.202688 37.374041, -82.201745 37.375108, -82.1498258152267 37.4103307484948, -82.124854 37.427272, -82.062809 37.470911, -82.050888 37.480527, -81.968297 37.537798, -81.969279 37.534325, -81.967583 37.532815, -81.959362 37.53522, -81.957379 37.535198, -81.956947 37.534259, -81.957436 37.533206, -81.957693 37.529841, -81.95663 37.52849, -81.953524 37.528056, -81.946022 37.531742, -81.94401 37.530964, -81.943981 37.5303, -81.947545 37.52753, -81.94766 37.52508, -81.947085 37.523913, -81.943693 37.521212, -81.933088 37.518968, -81.926391 37.514207, -81.926736 37.51304, -81.9277586640962 37.5122085217842, -81.92787 37.512118, -81.932279 37.511961, -81.941151 37.509483, -81.943045 37.508609, -81.944188 37.506976, -81.943912 37.502929, -81.945957 37.501901, -81.949188 37.502376, -81.951831 37.50205, -81.953147 37.501314, -81.954077 37.499822, -81.954364 37.496084, -81.954167 37.495302, -81.952735 37.494162, -81.952681 37.492274, -81.953264 37.491763, -81.957213 37.491504, -81.964986 37.493488, -81.97073 37.489904, -81.977593 37.484603, -81.979169 37.484604, -81.980327 37.485447, -81.985703 37.485681, -81.989849 37.484879, -81.992916 37.482969, -81.996578 37.476705, -81.995649 37.469833, -81.99227 37.460916, -81.987006 37.454878, -81.984891 37.454315, -81.980013 37.45721, -81.976176 37.457186, -81.968795 37.451496, -81.969342 37.450324, -81.965582 37.446918, -81.958672 37.448045, -81.9541415827977 37.4468969372635, -81.949367 37.445687, -81.945765 37.440214, -81.942856 37.439929, -81.941175 37.440485, -81.938843 37.440463, -81.935621 37.438397, -81.935316 37.43639, -81.937838 37.432111, -81.940553 37.429058, -81.93695 37.41992, -81.932468 37.415217, -81.923481 37.411379, -81.924506 37.407613, -81.925764 37.406874, -81.927338 37.406844, -81.930042 37.405291, -81.930786 37.401656, -81.92828 37.398059, -81.928778 37.393845, -81.933601 37.389217, -81.936744 37.38073, -81.935872 37.378554, -81.93388 37.377796, -81.932763 37.374229, -81.933895 37.372747, -81.930194 37.366728, -81.9299369841502 37.366599952677, -81.929915 37.366589, -81.926697 37.364618, -81.928497 37.360645, -81.926589 37.358942, -81.925643 37.357316, -81.921571 37.356423, -81.920711 37.355416, -81.920279 37.353402, -81.916678 37.349346, -81.911951 37.349339, -81.911487 37.348839, -81.910875 37.348729, -81.907895 37.343783, -81.907322 37.343119, -81.906368 37.34276, -81.905945 37.342775, -81.903795 37.34305, -81.902992 37.34234, -81.899495 37.341102, -81.899459 37.340277, -81.8963764047878 37.3328691439523, -81.896001 37.331967, -81.895489 37.332022, -81.894797 37.332012, -81.894768 37.331381, -81.893773 37.330105, -81.892876 37.330134, -81.887722 37.331156, -81.886952 37.330725, -81.885075 37.330665, -81.880886 37.331146, -81.879601 37.332074, -81.878713 37.331753, -81.878343 37.328837, -81.873213 37.325065, -81.872662 37.323314, -81.87018 37.320667, -81.867425 37.320838, -81.860267 37.315715, -81.859928 37.313965, -81.863712 37.31223, -81.865429 37.31012, -81.865683 37.309484, -81.865219 37.308839, -81.86476 37.308404, -81.862031 37.305648, -81.859624 37.304765, -81.856032 37.306742, -81.85446 37.30657, -81.853645 37.300779, -81.853978 37.300418, -81.854465 37.299937, -81.853488 37.294763, -81.854059 37.291352, -81.853551 37.287701, -81.849949 37.285227, -81.846807 37.284649, -81.843167 37.285586, -81.84231 37.285556, -81.838762 37.286343, -81.834432 37.285416, -81.833406 37.284535, -81.834387 37.283086, -81.83447 37.281763, -81.825065 37.279536, -81.819625 37.279411, -81.816702 37.279865, -81.813222 37.281091, -81.810559 37.28298, -81.809184 37.283003, -81.807232 37.283175, -81.805382 37.285622, -81.803275 37.285916, -81.793595 37.284838, -81.793115 37.283538, -81.793639 37.282188, -81.793425 37.281674, -81.789294 37.284416, -81.7884619911651 37.2841685002883, -81.783122 37.28258, -81.779362 37.279982, -81.77935 37.277394, -81.777319 37.275873, -81.774747 37.274847, -81.774684 37.274807, -81.767837 37.274216, -81.765195 37.275099, -81.763836 37.275218, -81.762776 37.275391, -81.761752 37.275713, -81.76022 37.275254, -81.757631 37.274003, -81.75773 37.271934, -81.757714 37.271124, -81.757531 37.27001, -81.755012 37.26772, -81.752912 37.266614, -81.752123 37.265568, -81.75129 37.265131, -81.747656 37.264329, -81.746109 37.263597, -81.745505 37.26133, -81.745445 37.258125, -81.743008 37.255127, -81.7417015805407 37.2547940862745, -81.741662 37.254784, -81.740974 37.254052, -81.743505 37.247601, -81.74342 37.245858, -81.744291 37.244178, -81.744003 37.242528, -81.7392766866866 37.2388369743647, -81.761894 37.201927, -81.786977 37.191498, -81.821729 37.178675, -81.857503 37.1743, -81.870608 37.166838, -81.866285 37.158765, -81.875186 37.153141, -81.897262 37.152228, -81.900892 37.142553, -81.914916 37.130706, -81.991447 37.12833, -82.001471 37.117849, -82.007037 37.120198, -82.027235 37.065971, -82.045338 37.046669, -82.075701 37.038217, -82.101748 37.050963, -82.110953 37.041228, -82.13629 37.04378, -82.149375 37.041641, -82.136024 37.061303, -82.157589 37.088641, -82.168322 37.113975, -82.172349 37.128869, -82.201173 37.155885, -82.236308 37.212014, -82.250647 37.273201, -82.293007 37.305996, -82.3143123901533 37.296224662827, -82.309415 37.300066))",51027,1,1,0,1,EM-3621-VA,DR-4831-VA,17936,5278,1008,29.43,5.62,7545,1057,42.07,5.89,5113,893,28.51,4.98,No,84.6,57.91,93.6,84.95,58.64,95.48,0.0,0.0,0.0,18632,19857,0,10340,32,7351,342,71.1,3.3,6038,334,82.1,3.0,1313,240,17.9,3.0,68.2,0.5,603,202,8.2,2.8,183,83,2.5,1.1,1868,274,25.4,3.5,25.9,3.5,3392,32,17.1,0.2,4661,21,23.5,0.2,6618,577,35.2,3.1,62,57,0.3,0.3,20355,20355,8483,272,1302387764.0,100.0,3.2,40.48,3,43446,4765,4049,871,22.8,4.9,17787,4.4,273,6233,4.5,281,6294,3.9,248,6291,3.7,229,6266,3.9,246,6232,4.6,287,6290,5.0,312,6261,4.5,277,6196,4.2,262,6293,4.1,257,6341,4.2,267,6349,3.8,239,6252,4.9,309,6332,5.1,320,6305,5.2,331,6313,5.4,339,6308,5.8,361,6254,6.3,393,6288,-1,1,-1,0,0,1,1,1,0,1,1,-1,1,1,-1,4770,11818,2024-09-28 00:00:00+00:00,2024-09-28 00:00:00+00:00,40.4,34,34,7.3,,,,,0,0,0,0,0,0,0,0,0,0,0,0,0,0,0,0,0.0,0.0,0.0,0.0,0.0,0.0,0.0
"Buckingham County, Virginia","POLYGON ((-78.82914 37.594642, -78.811042 37.601741, -78.82124 37.631842, -78.788128 37.642038, -78.739437 37.631542, -78.719279 37.635386, -78.71904 37.661543, -78.688241 37.678643, -78.695737 37.692943, -78.677134 37.69624, -78.664359 37.680181, -78.641666 37.683675, -78.655935 37.703543, -78.643918 37.733084, -78.612023 37.756321, -78.580797 37.754047, -78.544774 37.763941, -78.512848 37.757222, -78.497714 37.7631, -78.491345 37.796956, -78.464149 37.7602, -78.405596 37.735263, -78.365616 37.731897, -78.324226 37.714565, -78.302422 37.710463, -78.261569 37.692483, -78.239748 37.690495, -78.249021 37.635546, -78.302315 37.563517, -78.30759 37.556578, -78.465089 37.339677, -78.47154 37.340623, -78.486567 37.340052, -78.490165 37.329612, -78.511491 37.329724, -78.536469 37.350462, -78.548482 37.346728, -78.569751 37.372218, -78.578951 37.364115, -78.579357 37.377362, -78.591669 37.3806, -78.580828 37.391515, -78.594436 37.397974, -78.63065 37.384437, -78.635714 37.416193, -78.683224 37.428974, -78.705011 37.456593, -78.825238 37.552542, -78.813339 37.568152, -78.830339 37.580942, -78.82914 37.594642))",51029,1,0,0,1,,DR-4831-VA,14927,4217,920,28.25,6.16,6507,984,43.59,6.59,4203,857,28.16,5.74,No,83.15,50.73,94.07,82.7,52.63,96.23,0.0,0.0,0.0,17115,16914,0,7233,35,6062,192,83.8,2.7,4633,222,76.4,3.4,1429,225,23.6,3.4,62.1,1.1,289,116,4.8,1.9,132,60,2.2,1.0,1063,213,17.5,3.4,17.8,3.4,3060,80,18.1,0.5,3419,53,20.2,0.3,2839,344,19.1,2.3,212,98,1.3,0.6,16824,16824,5991,311,1501215443.0,100.0,5.2,29.03,3,57701,5264,2682,646,18.1,4.4,14822,4.2,302,7251,4.0,289,7258,3.6,262,7308,2.8,206,7251,3.2,231,7166,3.4,249,7247,3.6,262,7186,3.6,265,7269,3.2,230,7225,3.0,218,7298,3.5,252,7259,3.2,231,7157,4.0,288,7282,4.0,286,7233,4.0,293,7320,3.5,255,7235,3.9,276,7156,4.1,295,7149,-1,1,-1,-1,0,1,-1,0,0,1,1,-1,1,1,-1,342,8399,2024-10-01 12:45:00+00:00,2024-10-01 12:45:00+00:00,4.1,0,0,2.7,,,,,0,0,0,0,0,0,0,0,0,0,0,0,0,0,0,0,0.0,0.0,0.0,0.0,0.0,0.0,0.0
"Carroll County, Virginia","POLYGON ((-81.030306 36.814522, -81.022269 36.811313, -80.951778 36.827191, -80.860193 36.847356, -80.856422 36.848196, -80.812735 36.853232, -80.794776 36.863387, -80.740483 36.879001, -80.68259 36.895144, -80.67613 36.908037, -80.633987 36.93178, -80.567009 36.843305, -80.46418 36.708718, -80.45377 36.700447, -80.45811 36.696526, -80.465776 36.67342, -80.489307 36.661633, -80.488737 36.650354, -80.500701 36.656551, -80.525522 36.644114, -80.549872 36.642479, -80.552399 36.652112, -80.594947 36.661372, -80.591767 36.657226, -80.621751 36.619833, -80.625704 36.604287, -80.615254 36.588909, -80.6120580996221 36.5578718895589, -80.624788 36.558408, -80.6329592503052 36.5586405978256, -80.653349 36.559221, -80.6533824177394 36.5592230109583, -80.6960472824307 36.5617904277412, -80.704831 36.562319, -80.730351 36.562349, -80.7450526069525 36.5616558738133, -80.7450534648508 36.5616558333666, -80.773663 36.560307, -80.80392 36.560813, -80.837089 36.559154, -80.837641 36.559118, -80.8379544979468 36.5591308803947, -80.906706 36.641356, -80.914173 36.650246, -80.900242 36.663898, -80.900219 36.665606, -80.888758 36.675437, -80.878301 36.692618, -80.883689 36.694731, -80.917573 36.694133, -80.932271 36.671593, -81.042428 36.806448, -81.030306 36.814522))",51035,1,1,1,1,EM-3621-VA,DR-4831-VA,29230,8976,1432,30.71,4.9,12289,1516,42.04,5.19,7965,1286,27.25,4.4,No,79.7,53.53,90.51,78.94,54.88,92.47,0.0,0.0,0.0,29242,29158,0,16645,25,12493,486,75.1,2.9,9724,490,77.8,2.9,2769,388,22.2,2.9,77.0,0.6,637,204,5.1,1.7,187,78,1.5,0.6,1791,317,14.3,2.4,14.7,2.4,5207,11,17.9,0.1,7477,51,25.6,0.2,5088,484,17.5,1.7,367,126,1.3,0.4,28463,29155,12744,349,1229575930.0,97.6,2.7,61.41,2,53694,5609,4675,889,16.1,3.1,29057,3.9,482,12306,3.8,470,12341,3.6,447,12523,3.1,383,12457,3.4,430,12491,3.8,475,12497,3.9,478,12338,5.3,656,12423,3.6,444,12346,3.8,479,12458,3.5,432,12245,3.2,389,12176,4.6,576,12412,4.3,528,12316,4.3,531,12494,3.9,484,12443,4.0,489,12334,5.4,668,12470,-1,1,-1,0,0,1,1,0,-1,1,0,-1,1,1,-1,16866,19106,2024-09-27 18:30:00+00:00,2024-09-27 18:30:00+00:00,88.3,34,34,6.5,DR-4831-VA,Tropical Storm,4831.0,VA,194,0,1,492,389,305,332,188,45,188,66,1,359,41,134,1,3.9,0.4,1.5,73.0,91.1,71.3,100.0
"Charlotte County, Virginia","POLYGON ((-78.902227 37.026799, -78.830889 37.189887, -78.824209 37.205361, -78.808198 37.201852, -78.777293 37.229107, -78.734854 37.220229, -78.720331 37.237098, -78.681573 37.248759, -78.692432 37.203673, -78.644621 37.194323, -78.634927 37.170064, -78.592817 37.143974, -78.547468 37.150487, -78.541917 37.140776, -78.515336 37.132722, -78.503764 37.106854, -78.475129 37.086049, -78.447977 37.078171, -78.443644 37.079371, -78.47794 36.950062, -78.493028 36.89122, -78.507365 36.872868, -78.563265 36.803598, -78.648541 36.697909, -78.665822 36.706763, -78.6909 36.73876, -78.687824 36.744845, -78.666145 36.764363, -78.682652 36.797222, -78.666995 36.811822, -78.686878 36.824331, -78.666554 36.846452, -78.701854 36.883308, -78.723376 36.90567, -78.749727 36.920065, -78.748461 36.929295, -78.727686 36.937454, -78.7337 36.949163, -78.740441 37.001564, -78.749727 37.008483, -78.757614 36.997722, -78.748358 36.987057, -78.774715 36.980976, -78.775898 36.955481, -78.794862 36.955988, -78.805039 36.976566, -78.817455 36.98402, -78.870371 36.986068, -78.897094 36.977685, -78.891773 37.00269, -78.904587 37.022288, -78.902227 37.026799))",51037,1,0,0,1,,DR-4831-VA,11267,2947,658,26.16,5.84,4677,706,41.51,6.27,3643,618,32.33,5.49,No,94.14,75.6,97.48,96.98,75.18,99.24,0.0,0.0,0.0,11258,11475,0,5973,20,4621,214,77.4,3.5,3287,272,71.1,4.7,1334,223,28.9,4.7,81.1,1.7,514,110,11.1,2.4,114,57,2.5,1.2,1161,185,25.1,3.9,26.2,4.0,2585,46,22.5,0.4,2552,30,22.2,0.3,2612,309,23.1,2.7,46,40,0.4,0.4,11529,11529,4899,187,1231010115.0,100.0,3.8,24.26,3,50878,6088,2324,434,20.8,3.9,11172,3.5,172,4930,3.5,174,4923,3.1,154,4952,2.8,137,4924,3.4,166,4868,3.8,189,4912,3.8,190,4941,3.9,188,4859,3.3,160,4850,3.1,154,4901,3.2,156,4854,3.0,146,4844,3.8,186,4927,3.8,186,4885,3.8,187,4974,3.9,193,4930,4.0,193,4860,4.6,227,4921,-1,1,-1,-1,0,1,1,1,0,1,1,0,1,1,-1,513,9892,2024-09-27 20:30:00+00:00,2024-09-27 20:30:00+00:00,5.2,0,0,3.3,,,,,0,0,0,0,0,0,0,0,0,0,0,0,0,0,0,0,0.0,0.0,0.0,0.0,0.0,0.0,0.0
"Covington City, Virginia","POLYGON ((-79.998426 37.775748, -80.001295 37.790703, -79.994108 37.796032, -79.999279 37.805782, -79.987314 37.813561, -79.967071 37.803405, -79.975766 37.776721, -79.975699 37.776551, -79.966509 37.757109, -79.992566 37.748244, -80.008015 37.760481, -79.998426 37.775748))",51580,1,1,0,1,EM-3621-VA,DR-4831-VA,5477,1723,514,31.46,9.38,2516,541,45.94,9.88,1238,453,22.6,8.27,No,51.01,6.74,88.7,51.12,10.53,90.22,0.0,0.0,0.0,5663,5671,0,3038,24,2493,132,82.1,4.4,1781,146,71.4,5.8,712,161,28.6,5.8,73.1,4.4,160,83,6.4,3.3,45,38,1.8,1.5,387,142,15.5,5.7,15.8,5.7,1291,46,22.8,0.8,1103,85,19.4,1.5,733,161,13.1,2.9,85,69,1.6,1.3,37,5737,2576,73,14163840.0,0.6,2.8,1049.06,1,49519,6344,966,200,17.7,3.7,5458,5.1,116,2264,4.5,102,2248,4.0,90,2254,3.5,77,2224,3.7,82,2199,4.1,91,2211,4.5,99,2199,4.4,96,2179,4.0,89,2202,3.6,78,2191,4.0,88,2173,3.8,83,2166,5.0,111,2204,5.0,110,2203,4.8,105,2187,4.4,96,2181,4.8,103,2165,5.0,109,2164,-1,1,-1,0,0,0,1,0,0,0,0,0,1,0,-1,67,3468,2024-09-27 23:30:00+00:00,2024-09-27 23:30:00+00:00,1.9,34,34,5.2,,,,,0,0,0,0,0,0,0,0,0,0,0,0,0,0,0,0,0.0,0.0,0.0,0.0,0.0,0.0,0.0
"Craig County, Virginia","POLYGON ((-80.46482 37.426144, -80.457313 37.432267, -80.451367 37.434039, -80.443025 37.438126, -80.425656 37.449876, -80.402816 37.460322, -80.39988 37.462314, -80.382535 37.470367, -80.378308 37.471381, -80.371952 37.474069, -80.369449 37.476599, -80.36317 37.480001, -80.366838 37.484879, -80.343789 37.492148, -80.332038 37.493744, -80.327103 37.495376, -80.320627 37.49888, -80.314806 37.500943, -80.309331 37.50288, -80.309833 37.503827, -80.299789 37.508271, -80.282385 37.533517, -80.291644 37.536505, -80.309346 37.527381, -80.330306 37.536244, -80.327489 37.540022, -80.324384 37.541052, -80.321249 37.541419, -80.314464 37.54412, -80.312393 37.546239, -80.328504 37.564315, -80.294882 37.57877, -80.28244 37.585481, -80.270342 37.591149, -80.26356 37.593374, -80.258919 37.595499, -80.24978 37.602117, -80.240272 37.606961, -80.226017 37.620059, -80.223386 37.623185, -80.220984 37.627767, -80.205198 37.616293, -80.178175 37.615134, -80.145565 37.596428, -80.104798 37.62269, -80.087462 37.626671, -80.032705 37.66029, -80.020554 37.647442, -80.032033 37.638563, -80.027621 37.624218, -79.969071 37.544408, -80.009496 37.510827, -80.047594 37.443103, -80.074119 37.422469, -80.147679 37.382492, -80.200301 37.378356, -80.246508 37.353942, -80.262184 37.341526, -80.32484 37.368833, -80.351522 37.349193, -80.430943 37.316378, -80.443721 37.321124, -80.436053 37.339744, -80.4727968266129 37.4237800299575, -80.46482 37.426144))",51045,1,1,0,1,EM-3621-VA,DR-4831-VA,4843,1295,553,26.74,11.42,2262,580,46.71,11.98,1286,485,26.55,10.01,No,76.22,14.28,96.71,73.68,19.55,98.49,0.0,0.0,0.0,4829,4881,0,2397,240,1752,220,73.1,7.0,1455,204,83.0,7.9,297,151,17.0,7.9,79.5,12.8,68,62,3.9,3.5,62,51,3.5,2.9,235,102,13.4,6.4,15.8,7.2,1223,174,25.1,3.6,939,180,19.2,3.7,667,252,13.7,5.2,30,36,0.7,0.8,4892,4892,2111,79,849770441.0,100.0,3.7,14.91,3,61531,7572,596,133,12.3,2.8,4831,3.3,70,2091,3.4,72,2107,2.9,61,2120,3.0,64,2122,3.1,66,2113,3.5,75,2119,3.5,75,2126,3.7,79,2109,3.4,71,2102,3.2,67,2103,3.4,70,2089,3.0,62,2086,3.8,80,2098,3.8,80,2089,3.5,73,2099,3.4,72,2092,3.7,77,2079,4.2,87,2091,-1,1,-1,0,0,0,1,0,0,0,0,0,0,0,-1,3261,2805,2024-09-28 18:30:00+00:00,2024-09-28 18:30:00+00:00,100.0,34,34,6.4,,,,,0,0,0,0,0,0,0,0,0,0,0,0,0,0,0,0,0.0,0.0,0.0,0.0,0.0,0.0,0.0
"Danville City, Virginia","POLYGON ((-79.500848 36.618262, -79.443219 36.606204, -79.428731 36.598908, -79.419418 36.606467, -79.415663 36.617967, -79.404291 36.629754, -79.399619 36.643446, -79.369323 36.634436, -79.368776 36.616894, -79.36426 36.608109, -79.354662 36.609288, -79.349263 36.599625, -79.330969 36.601669, -79.328445 36.582292, -79.305566 36.582294, -79.304635 36.580776, -79.305589 36.569616, -79.327208 36.569958, -79.333988 36.573348, -79.351535 36.55124, -79.3431171666517 36.5411766468951, -79.445687 36.541218, -79.445961 36.541195, -79.4569018293564 36.5411177041552, -79.4700322670177 36.5410249389508, -79.472112 36.560621, -79.456537 36.576699, -79.478272 36.584375, -79.490187 36.580621, -79.518995 36.603359, -79.500848 36.618262))",51590,1,1,0,1,EM-3621-VA,DR-4831-VA,41070,11715,2188,28.52,5.33,17369,2328,42.29,5.67,11986,1969,29.18,4.79,No,86.81,63.13,94.2,90.22,63.15,96.23,0.0,0.0,0.0,41993,42239,0,22309,35,18632,428,83.5,1.9,9137,514,49.0,2.6,9495,548,51.0,2.6,76.3,0.8,1785,287,9.6,1.5,2972,433,16.0,2.2,4802,399,25.8,2.1,27.0,2.1,9439,20,22.3,0.1,8842,103,20.9,0.2,7692,611,18.7,1.5,1072,258,2.7,0.6,1374,42590,19015,761,110858218.0,3.2,4.0,995.03,1,45423,4274,9452,1734,23.4,4.3,40338,5.4,987,18160,5.1,933,18214,5.2,949,18348,4.6,837,18146,5.3,955,18096,5.4,974,18091,6.6,1200,18076,5.6,998,17937,4.9,884,17930,4.6,828,17893,4.6,828,17861,4.3,766,17899,4.9,875,17878,4.9,873,17861,5.1,909,17939,5.0,889,17910,5.5,974,17782,6.2,1106,17931,-1,-1,1,-1,0,1,1,1,1,1,1,0,1,1,-1,95,35902,2024-10-04 14:15:00+00:00,2024-10-04 14:15:00+00:00,0.3,34,34,2.9,,,,,0,0,0,0,0,0,0,0,0,0,0,0,0,0,0,0,0.0,0.0,0.0,0.0,0.0,0.0,0.0
"Dickenson County, Virginia","POLYGON ((-82.553835 37.202841, -82.550372 37.204458, -82.5359190760644 37.2103985911188, -82.531787 37.212097, -82.528746 37.213742, -82.524464 37.214957, -82.508342 37.222385, -82.507895 37.222727, -82.498858 37.227044, -82.496308 37.227562, -82.487317 37.230578, -82.486439 37.231204, -82.473275 37.235569, -82.463073 37.238292, -82.457016 37.238288, -82.451998 37.242559, -82.449164 37.243908, -82.435728 37.246491, -82.431022 37.246773, -82.418085 37.251331, -82.3860983414952 37.2595195530069, -82.385663 37.259631, -82.383285 37.260154, -82.3794587766288 37.2600087293369, -82.376595 37.2599, -82.364535 37.264415, -82.355343 37.26522, -82.350948 37.267077, -82.342068 37.274109, -82.341849 37.280886, -82.336942 37.279737, -82.33157 37.282211, -82.324619 37.28318, -82.318957 37.287524, -82.317395 37.290975, -82.317083 37.293635, -82.316028 37.294879, -82.3143123901533 37.296224662827, -82.293007 37.305996, -82.250647 37.273201, -82.236308 37.212014, -82.201173 37.155885, -82.172349 37.128869, -82.168322 37.113975, -82.157589 37.088641, -82.136024 37.061303, -82.149375 37.041641, -82.168374 37.041159, -82.184013 37.026797, -82.196419 37.03103, -82.246603 36.995716, -82.261926 36.98945, -82.284965 36.998429, -82.32783 36.970982, -82.362386 36.955717, -82.378821 36.980806, -82.394444 36.982159, -82.403702 36.98589, -82.450648 37.012582, -82.467071 37.021968, -82.4787 37.022976, -82.494358 37.059954, -82.497601 37.064584, -82.544164 37.124935, -82.546535 37.129195, -82.5538643292855 37.2028191532953, -82.553835 37.202841))",51051,1,1,0,1,EM-3621-VA,DR-4831-VA,13333,4208,831,31.56,6.23,5687,870,42.65,6.53,3438,729,25.79,5.47,No,72.27,36.57,89.59,69.92,40.6,90.97,0.0,0.0,0.0,13411,13920,0,7352,20,5717,234,77.8,3.2,4265,308,74.6,4.2,1452,243,25.4,4.2,77.1,1.0,566,158,9.9,2.8,155,74,2.7,1.3,1553,257,27.2,4.2,28.6,4.3,2686,28,19.3,0.2,3372,45,24.2,0.3,5080,505,37.7,3.8,8,13,0.1,0.1,14124,14124,6054,181,855841910.0,100.0,3.0,42.74,3,48157,4377,2563,616,19.4,4.7,13217,4.2,199,4738,4.2,203,4832,3.7,180,4842,3.5,167,4833,4.0,192,4848,4.3,211,4872,4.7,228,4833,4.7,222,4713,4.2,204,4828,4.3,208,4830,4.2,202,4784,3.8,178,4738,4.6,215,4720,4.6,221,4810,4.6,220,4792,5.0,244,4834,5.0,241,4782,5.3,254,4790,-1,1,-1,0,0,0,1,1,0,1,1,-1,1,1,-1,3853,8750,2024-09-27 21:00:00+00:00,2024-09-27 21:00:00+00:00,44.0,34,34,6.6,,,,,0,0,0,0,0,0,0,0,0,0,0,0,0,0,0,0,0.0,0.0,0.0,0.0,0.0,0.0,0.0
"Floyd County, Virginia","POLYGON ((-80.597585 36.94309, -80.552847 36.970239, -80.543933 36.984639, -80.520714 36.996968, -80.515619 37.011125, -80.491806 36.9818, -80.485986 36.999096, -80.471583 36.993452, -80.463009 37.008378, -80.451612 37.021453, -80.442416 37.007141, -80.42641 37.014303, -80.42237 37.002493, -80.389465 37.0217, -80.345412 37.026506, -80.288837 37.074418, -80.283675 37.07883, -80.178125 37.1134, -80.173492 37.109095, -80.133247 37.119347, -80.128674 37.122901, -80.113024 37.098109, -80.10822 37.078006, -80.122798 37.055642, -80.104413 37.026449, -80.117142 37.025145, -80.113542 37.009215, -80.135867 37.004085, -80.121247 36.991669, -80.143946 36.980188, -80.139539 36.970786, -80.134607 36.965284, -80.144809 36.949532, -80.172041 36.953449, -80.197797 36.921076, -80.198854 36.901524, -80.235455 36.87213, -80.28999 36.857579, -80.305165 36.842286, -80.321006 36.84082, -80.341953 36.833249, -80.344442 36.813471, -80.386909 36.797676, -80.394658 36.744867, -80.409332 36.742676, -80.443794 36.747859, -80.458572 36.738359, -80.46418 36.708718, -80.567009 36.843305, -80.633987 36.93178, -80.597585 36.94309))",51063,1,0,0,1,,DR-4831-VA,15679,5925,883,37.79,5.63,6603,932,42.11,5.94,3151,791,20.1,5.04,No,33.43,8.65,67.26,38.34,12.78,66.91,0.0,0.0,0.0,15658,15560,0,7946,28,6649,257,83.7,3.2,5582,295,84.0,3.7,1067,256,16.0,3.7,73.5,2.4,206,95,3.1,1.4,106,72,1.6,1.1,485,133,7.3,2.0,7.4,2.0,2885,110,18.5,0.7,3706,67,23.8,0.4,2055,348,13.3,2.3,78,69,0.5,0.5,15476,15476,6639,147,986585624.0,100.0,2.2,40.63,3,61164,6735,1720,408,11.1,2.6,15541,2.8,242,8572,2.8,251,8965,2.5,221,8933,2.3,203,8944,2.6,219,8564,2.8,237,8467,2.9,247,8493,3.1,263,8436,2.6,224,8773,2.7,236,8842,2.5,223,8800,2.2,189,8699,2.9,240,8344,3.1,264,8633,3.0,264,8688,2.9,248,8662,3.1,256,8384,3.9,327,8329,-1,1,-1,0,0,0,1,-1,0,-1,-1,-1,1,0,-1,5067,9995,2024-09-28 17:30:00+00:00,2024-09-28 17:30:00+00:00,50.7,34,34,5.7,,,,,0,0,0,0,0,0,0,0,0,0,0,0,0,0,0,0,0.0,0.0,0.0,0.0,0.0,0.0,0.0
"Galax City, Virginia","POLYGON ((-80.945491 36.647496, -80.941704 36.678158, -80.932271 36.671593, -80.917573 36.694133, -80.883689 36.694731, -80.878301 36.692618, -80.888758 36.675437, -80.900219 36.665606, -80.900242 36.663898, -80.914173 36.650246, -80.921073 36.625549, -80.921711 36.643533, -80.945328 36.647437, -80.945491 36.647496))",51640,1,1,1,1,EM-3621-VA,DR-4831-VA,6717,1810,626,26.95,9.32,3033,672,45.15,10.0,1874,586,27.9,8.72,No,82.28,28.85,96.75,81.95,33.83,98.49,0.0,0.0,0.0,6739,6698,0,3213,268,2729,235,84.9,4.2,1682,246,61.6,7.9,1047,243,38.4,7.9,79.3,11.6,199,102,7.3,3.7,92,81,3.4,2.9,544,164,19.9,6.0,20.2,6.1,1632,193,24.4,2.9,1331,215,19.9,3.2,908,180,14.0,2.8,292,112,4.7,1.8,662,6720,2830,113,21332077.0,9.9,4.0,815.89,1,46891,6137,1350,282,20.8,4.4,6475,3.5,105,2998,3.3,98,2943,3.4,102,3000,2.7,80,2973,3.2,93,2938,3.6,106,2962,3.7,111,2981,6.4,191,2970,3.2,95,2997,3.1,92,3009,2.9,86,2987,2.7,80,2969,5.3,163,3083,3.5,106,2999,3.6,109,3014,3.1,93,2979,3.3,98,2940,3.9,115,2943,-1,0,0,0,0,0,1,0,0,1,1,0,0,0,-1,3815,3803,2024-09-27 18:15:00+00:00,2024-09-27 18:15:00+00:00,100.0,34,34,7.4,DR-4831-VA,Tropical Storm,4831.0,VA,418,0,0,1093,687,553,628,371,60,370,100,0,655,53,239,0,40.1,2.2,13.6,59.9,88.3,64.6,0.0
"Giles County, Virginia","POLYGON ((-81.014489 37.275385, -80.980146 37.292743, -80.973889 37.291444, -80.966556 37.292158, -80.947896 37.295872, -80.938135 37.300278, -80.931118 37.302872, -80.92704 37.303683, -80.919259 37.306163, -80.900535 37.315, -80.880103 37.328903, -80.868986 37.338573, -80.865321 37.340523, -80.849451 37.346909, -80.876558219407 37.3766044667966, -80.883248 37.383933, -80.862761 37.411829, -80.864455 37.41418, -80.865174 37.416996, -80.865148 37.419927, -80.863142 37.424644, -80.85956311282 37.429558233261, -80.859556 37.429568, -80.8588604663498 37.4287538301754, -80.8584733682993 37.4283007053671, -80.85836 37.428168, -80.856997 37.427052, -80.853163 37.426902, -80.850656 37.426062, -80.846324 37.423394, -80.844213 37.423555, -80.841672 37.425971, -80.837678 37.425658, -80.836446 37.424355, -80.811639 37.407507, -80.808769 37.406271, -80.806358 37.404119, -80.807134 37.401348, -80.806129 37.398074, -80.800447 37.395738, -80.798869 37.395807, -80.790317 37.395668, -80.784188 37.394587, -80.783324 37.392793, -80.783382 37.390649, -80.782295 37.389016, -80.776766 37.384131, -80.776649 37.383679, -80.770082 37.372363, -80.759886 37.374882, -80.748722 37.38005, -80.745527 37.380111, -80.73804 37.382547, -80.731589 37.38471, -80.723596 37.388261, -80.715479 37.390707, -80.7135189072823 37.3914530025904, -80.705203 37.394618, -80.691709 37.401749, -80.684576 37.40463, -80.664971 37.414215, -80.664112 37.41422, -80.656687 37.417585, -80.653589 37.419514, -80.645893 37.422147, -80.636947 37.427471, -80.637554 37.428556, -80.637379 37.429372, -80.63439 37.431227, -80.632365 37.432125, -80.6318538926435 37.432227477025, -80.626365 37.433328, -80.622664 37.433307, -80.622117 37.435969, -80.616802 37.439443, -80.600204 37.446173, -80.591377 37.45144, -80.59024 37.453296, -80.585856 37.456654, -80.566297 37.466575, -80.561442 37.469775, -80.552036 37.473563, -80.544836 37.474695, -80.539786 37.474527, -80.533449 37.476406, -80.532372 37.477124, -80.528349 37.477368, -80.523481 37.476905, -80.5215568481343 37.4772881235014, -80.515139 37.478566, -80.513409 37.479446, -80.511391 37.481672, -80.492981 37.457749, -80.4968041237195 37.4462147095505, -80.49728 37.444779, -80.494867 37.43507, -80.475601 37.422949, -80.4727968266129 37.4237800299575, -80.436053 37.339744, -80.443721 37.321124, -80.430943 37.316378, -80.467436 37.293831, -80.479194 37.285258, -80.520399 37.268893, -80.573592 37.256596, -80.606962 37.244871, -80.672201 37.224115, -80.72832 37.202218, -80.734248 37.19805, -80.734593 37.19799, -80.80149 37.179632, -80.854627 37.147482, -80.881129 37.171058, -80.861545 37.178499, -80.871306 37.193766, -80.894041 37.179375, -80.993872 37.260672, -81.014489 37.275385))",51071,1,1,1,1,EM-3621-VA,DR-4831-VA,16457,5612,979,34.1,5.95,6842,1019,41.58,6.19,4003,844,24.32,5.13,No,63.96,29.13,84.92,63.15,33.83,85.71,0.0,0.0,0.0,16533,16610,0,8316,21,6769,271,81.4,3.2,5339,315,78.9,3.8,1430,272,21.1,3.8,72.1,1.0,314,96,4.6,1.4,97,51,1.4,0.7,687,135,10.1,1.9,10.6,2.0,3297,30,19.8,0.2,3660,39,22.0,0.2,2279,238,13.8,1.4,242,151,1.5,1.0,16787,16787,7107,232,925207240.0,100.0,3.3,46.99,3,63384,7286,1835,427,11.3,2.6,16292,2.9,227,7770,2.8,226,8153,2.5,203,8138,2.5,201,8139,2.8,220,7810,3.3,256,7690,3.4,265,7729,3.9,297,7674,3.0,240,8037,4.0,324,8162,3.2,262,8101,2.9,234,8033,3.8,288,7642,4.3,344,7981,3.8,300,7940,3.4,267,7904,3.7,281,7654,5.7,439,7660,-1,1,-1,0,0,0,1,0,-1,0,-1,-1,1,0,-1,4054,11580,2024-09-27 18:00:00+00:00,2024-09-27 18:00:00+00:00,35.0,34,34,7.3,DR-4831-VA,Tropical Storm,4831.0,VA,105,0,17,255,187,142,178,125,67,124,93,5,175,62,94,5,3.8,1.0,1.8,68.6,92.5,75.8,100.0
"Grayson County, Virginia","POLYGON ((-81.6469 36.611918, -81.6109 36.616952, -81.605865 36.638079, -81.559965 36.65867, -81.547229 36.65648, -81.533047 36.676308, -81.531409 36.693595, -81.543957 36.701517, -81.467913 36.715064, -81.439214 36.716908, -81.38403 36.739987, -81.300897 36.753561, -81.261987 36.763033, -81.186016 36.758421, -81.172813 36.763226, -81.08851 36.767422, -81.084188 36.788097, -81.072309 36.790822, -81.042428 36.806448, -80.932271 36.671593, -80.941704 36.678158, -80.945491 36.647496, -80.945328 36.647437, -80.921711 36.643533, -80.921073 36.625549, -80.914173 36.650246, -80.906706 36.641356, -80.8379544979468 36.5591308803947, -80.9016647889236 36.5617484850782, -80.901726 36.561751, -80.944338 36.563058, -80.945988 36.563196, -81.003802 36.563629, -81.011402 36.564429, -81.058844 36.566976, -81.061866 36.56702, -81.0690845606748 36.5671241854118, -81.083206 36.567328, -81.0852022741728 36.5674191214252, -81.103399337148 36.5682497399525, -81.124809 36.569227, -81.14181 36.569527, -81.1535808021292 36.5701271099378, -81.1536053405208 36.5701283609768, -81.171212 36.571026, -81.176712 36.571926, -81.249816 36.573225, -81.262303 36.573924, -81.307511 36.575024, -81.32358106681 36.5749184120384, -81.3532592063955 36.5747234125838, -81.353322 36.574723, -81.374824 36.574673, -81.442228 36.576822, -81.47643 36.580421, -81.489387 36.579026, -81.4966613252149 36.5795790270223, -81.499831 36.57982, -81.521032 36.58052, -81.600934 36.587019, -81.6178926183888 36.5872620851163, -81.677535 36.588117, -81.6469 36.611918))",51077,1,1,1,1,EM-3621-VA,DR-4831-VA,14371,4521,824,31.46,5.73,5925,881,41.23,6.13,3925,760,27.31,5.29,No,80.05,47.8,92.17,79.69,50.37,93.98,0.0,0.0,0.0,15265,15323,0,8961,28,6202,270,69.2,3.0,5080,251,81.9,3.0,1122,206,18.1,3.0,72.8,1.5,437,143,7.0,2.3,237,108,3.8,1.8,1064,184,17.2,2.8,19.0,3.1,2521,16,16.5,0.1,3934,77,25.7,0.5,2887,321,20.1,2.2,194,108,1.3,0.7,15316,15333,6512,161,1144218745.0,99.9,2.5,34.71,2,42665,2399,2336,566,16.4,4.0,14214,3.3,234,7029,3.1,220,7141,3.0,217,7193,2.7,188,7065,2.8,196,6987,3.0,210,7084,3.4,234,6977,4.8,335,7021,2.7,197,7215,2.9,210,7321,2.8,203,7270,2.5,183,7200,4.1,299,7270,3.3,237,7205,3.2,236,7264,3.2,229,7148,3.4,244,7084,4.2,297,7139,-1,1,-1,0,0,1,1,0,0,1,1,-1,1,1,-1,10748,10737,2024-09-28 20:30:00+00:00,2024-09-28 20:30:00+00:00,100.0,34,34,8.5,DR-4831-VA,Tropical Storm,4831.0,VA,429,0,3,1195,1005,773,947,739,220,733,279,3,970,212,605,3,19.3,3.5,11.8,81.2,96.4,82.5,100.0
"Greene County, Virginia","POLYGON ((-78.651214 38.293463, -78.642031 38.29169, -78.602248 38.307485, -78.587506 38.32483, -78.551583 38.336318, -78.54541 38.356933, -78.522792 38.36951, -78.515141 38.39372, -78.493214 38.406286, -78.48574 38.421579, -78.465073 38.447, -78.452801 38.475527, -78.43489 38.450113, -78.440823 38.410075, -78.423755 38.383027, -78.429254 38.366411, -78.397698 38.332539, -78.381816 38.317923, -78.365763 38.317437, -78.34849 38.288536, -78.349501 38.277463, -78.34132 38.280185, -78.341132 38.280094, -78.31928 38.268728, -78.288837 38.272656, -78.292194 38.268293, -78.342678 38.214411, -78.35569 38.198044, -78.368984 38.184146, -78.438379 38.205844, -78.465449 38.214047, -78.606539 38.258172, -78.663145 38.277933, -78.651214 38.293463))",51079,1,0,0,1,,DR-4831-VA,21301,7535,1342,35.37,6.3,9343,1409,43.86,6.61,4423,1169,20.76,5.49,No,37.88,9.38,72.67,45.11,14.28,72.17,0.0,0.0,0.0,21744,20850,0,8687,25,7912,281,91.1,3.2,6296,330,79.6,3.9,1616,325,20.4,3.9,72.3,1.8,242,106,3.1,1.4,101,72,1.3,0.9,780,218,9.9,2.7,10.6,2.8,4861,48,23.3,0.2,3891,114,18.7,0.5,2843,360,13.8,1.7,600,185,3.1,0.9,20552,20552,7760,397,403900921.0,100.0,5.1,131.79,3,83927,9303,1888,392,8.9,1.9,21095,2.5,290,11617,2.5,291,11837,2.2,258,11962,2.0,240,11944,2.4,289,11828,2.8,327,11867,2.8,330,11814,2.7,321,11780,2.4,284,11817,2.4,283,11852,2.5,294,11768,2.2,256,11764,2.7,316,11841,2.8,326,11830,2.8,336,11910,2.8,333,11898,2.9,343,11715,3.2,373,11715,0,1,-1,0,0,0,1,-1,-1,0,0,1,1,0,-1,167,21055,2024-09-27 23:00:00+00:00,2024-09-27 23:00:00+00:00,0.8,0,0,5.4,,,,,0,0,0,0,0,0,0,0,0,0,0,0,0,0,0,0,0.0,0.0,0.0,0.0,0.0,0.0,0.0
"Lee County, Virginia","POLYGON ((-83.674614 36.603082, -83.6738978357588 36.6038459085239, -83.673114 36.604682, -83.665614 36.605782, -83.663614 36.606782, -83.657714 36.611782, -83.649513 36.616683, -83.648314 36.622683, -83.645213 36.624183, -83.639813 36.624783, -83.635013 36.622883, -83.628913 36.624083, -83.625013 36.625183, -83.619913 36.627983, -83.616413 36.631383, -83.614513 36.633983, -83.607913 36.637083, -83.605613 36.637783, -83.604313 36.637683, -83.603013 36.636883, -83.600713 36.637084, -83.584512 36.641384, -83.5842272676923 36.6413998184615, -83.577312 36.641784, -83.569812 36.645684, -83.565712 36.648384, -83.562612 36.651284, -83.554112 36.653784, -83.547312 36.654484, -83.541812 36.656584, -83.533112 36.661884, -83.533012 36.663284, -83.531912 36.664984, -83.529612 36.666184, -83.527112 36.665985, -83.516011 36.667585, -83.511711 36.669085, -83.506911 36.668685, -83.501411 36.669085, -83.499911 36.670185, -83.498011 36.670485, -83.493911 36.670085, -83.48891 36.667685, -83.48261 36.666185, -83.466483 36.6647, -83.4610151191699 36.6648782480975, -83.460808 36.664885, -83.458009 36.665785, -83.454709 36.664785, -83.448108 36.665285, -83.440808 36.666885, -83.436508 36.666185, -83.431708 36.666485, -83.423707 36.667385, -83.419507 36.668486, -83.411807 36.670786, -83.395806 36.676786, -83.394906 36.677586, -83.395607 36.678987, -83.395306 36.679486, -83.389306 36.684986, -83.386099 36.686589, -83.367505 36.692686, -83.364005 36.694586, -83.362105 36.694786, -83.360205 36.693586, -83.359205 36.693586, -83.356405 36.694686, -83.354606 36.696153, -83.353613 36.696699, -83.350805 36.697386, -83.350468678733 36.6976917466063, -83.349705 36.698386, -83.342804 36.701286, -83.315703 36.708187, -83.313003 36.709087, -83.311403 36.710287, -83.307103 36.711387, -83.287802 36.713787, -83.286902 36.713987, -83.285702 36.715187, -83.275501 36.717987, -83.272501 36.717787, -83.269301 36.718487, -83.263601 36.720987, -83.2555 36.721787, -83.2463 36.725287, -83.238499 36.727087, -83.236399 36.726887, -83.219999 36.731287, -83.199698 36.737487, -83.194597 36.739487, -83.175696 36.739587, -83.167396 36.739187, -83.161496 36.739887, -83.156696 36.742187, -83.146095 36.741788, -83.136395 36.743088, -83.134294 36.746588, -83.130994 36.749788, -83.127833 36.750828, -83.128272 36.75637, -83.128813 36.757864, -83.126719 36.761, -83.125728 36.761276, -83.125655 36.761407, -83.1256656539027 36.7614116710383, -83.132477 36.764398, -83.132286 36.76561, -83.131245 36.767105, -83.128894 36.769888, -83.128494 36.775588, -83.131694 36.781488, -83.128794 36.785388, -83.123341 36.786654, -83.119144 36.789531, -83.114693 36.796088, -83.110793 36.800388, -83.108029 36.802181, -83.103092 36.806689, -83.098492 36.814289, -83.098892 36.822989, -83.099792 36.824889, -83.101692 36.826689, -83.10205006042 36.8280317265751, -83.102092 36.828189, -83.101792 36.829089, -83.098892 36.831789, -83.091291 36.834389, -83.088991 36.835989, -83.086991 36.838189, -83.07969 36.840589, -83.07519 36.840889, -83.07379 36.844889, -83.07559 36.850589, -83.07274192 36.85438644, -83.07259 36.854589, -83.06929 36.853589, -83.066189 36.851889, -83.063989 36.851689, -83.060489 36.853789, -83.052489 36.851989, -83.047589 36.851789, -83.044288 36.852989, -83.042188 36.854389, -83.026887 36.855489, -83.025887 36.855289, -83.024387 36.851689, -83.021887 36.849989, -83.012587 36.847289, -83.009222 36.847295, -83.006086 36.847889, -83.003786 36.851789, -82.998376 36.85663, -82.988707 36.859137, -82.979227 36.859693, -82.973395 36.859097, -82.971934 36.857767, -82.970253 36.857686, -82.960955 36.862536, -82.951685 36.866152, -82.937573 36.867275, -82.92241 36.873925, -82.911824 36.874243, -82.91169 36.874248, -82.910315 36.874055, -82.907774 36.874706, -82.907276 36.875643, -82.908004 36.877233, -82.907981 36.878749, -82.906325 36.87974, -82.895445 36.882145, -82.890028 36.884287, -82.887627 36.88689, -82.884626 36.888477, -82.879492 36.889085, -82.878569 36.889585, -82.877862 36.891843, -82.8782081655467 36.8927955121479, -82.851532 36.870187, -82.845883 36.8469, -82.835564 36.847975, -82.823679 36.838584, -82.787543 36.811797, -82.771595 36.800031, -82.790289 36.776567, -82.818416 36.76109, -82.829812 36.747219, -82.824273 36.732071, -82.87502 36.71048, -82.947587 36.67587, -82.9851235492625 36.5937302148783, -83.02725 36.593847, -83.028357 36.593893, -83.1017155812756 36.593871049895, -83.248933 36.593827, -83.249899 36.593898, -83.250304 36.593935, -83.261099 36.593887, -83.2763 36.598187, -83.2876129183054 36.5980951006089, -83.3082877900125 36.5979271503002, -83.374904 36.597386, -83.472108 36.597284, -83.55681 36.597384, -83.622050248072 36.5980550980634, -83.622624 36.598061, -83.645586 36.600002, -83.670128 36.600764, -83.670141 36.600797, -83.675413 36.600814, -83.674614 36.603082))",51105,1,0,1,1,,DR-4831-VA,20364,5599,1113,27.49,5.47,8619,1165,42.32,5.72,6146,973,30.18,4.78,No,89.27,68.73,95.31,93.22,68.41,97.73,0.0,0.0,0.0,21780,22042,0,10857,32,8446,348,77.8,3.2,6242,401,73.9,3.6,2204,314,26.1,3.6,69.2,0.9,994,202,11.8,2.3,322,110,3.8,1.3,2320,325,27.5,3.4,28.3,3.5,4038,74,18.3,0.3,4977,50,22.6,0.2,6053,531,29.5,2.6,268,98,1.3,0.5,22173,22173,9067,310,1127622847.0,100.0,3.4,50.93,3,44110,5402,5053,923,25.0,4.6,20212,3.8,292,7731,3.7,289,7812,3.5,277,7944,3.1,246,7889,3.7,288,7860,3.9,311,7930,4.1,321,7757,4.1,321,7735,3.7,290,7760,3.6,280,7744,3.8,296,7695,3.4,259,7660,4.3,336,7750,4.4,342,7761,4.4,342,7827,4.2,333,7853,4.5,354,7786,5.0,392,7859,-1,1,-1,-1,0,1,1,1,0,1,1,-1,1,1,-1,7683,8911,2024-09-27 18:15:00+00:00,2024-09-27 18:15:00+00:00,86.2,34,34,6.9,DR-4831-VA,Tropical Storm,4831.0,VA,24,0,0,99,81,72,70,47,21,46,24,0,81,21,36,0,1.2,0.2,0.5,81.8,100.0,78.3,0.0
"Madison County, Virginia","POLYGON ((-78.441658 38.489952, -78.43888 38.51695, -78.442767 38.527775, -78.419754 38.534396, -78.41376 38.547201, -78.386752 38.556468, -78.383193 38.588319, -78.360018 38.613783, -78.338176 38.627312, -78.231803 38.532539, -78.181792 38.487378, -78.135218 38.445341, -78.131427 38.443741, -78.118822 38.434382, -78.126894 38.425882, -78.095819 38.403907, -78.093574 38.388339, -78.114975 38.383209, -78.117961 38.368822, -78.107784 38.343808, -78.091178 38.338835, -78.091203 38.327403, -78.104873 38.311839, -78.094498 38.311242, -78.125012 38.278309, -78.139561 38.281026, -78.14857 38.284028, -78.152165 38.265846, -78.183143 38.267554, -78.177738 38.254306, -78.217333 38.242475, -78.220025 38.231506, -78.252822 38.234483, -78.270424 38.250027, -78.267215 38.263244, -78.288837 38.272656, -78.31928 38.268728, -78.341132 38.280094, -78.34132 38.280185, -78.349501 38.277463, -78.34849 38.288536, -78.365763 38.317437, -78.381816 38.317923, -78.397698 38.332539, -78.429254 38.366411, -78.423755 38.383027, -78.440823 38.410075, -78.43489 38.450113, -78.452801 38.475527, -78.441658 38.489952))",51113,1,0,0,1,,DR-4831-VA,14055,4441,857,31.6,6.1,6792,905,48.32,6.44,2822,768,20.08,5.46,No,33.27,7.44,69.36,37.59,11.28,69.17,0.0,0.0,0.0,14252,13931,0,6110,21,5392,178,88.2,2.9,4290,250,79.6,4.3,1102,240,20.4,4.3,74.8,2.1,488,161,9.1,2.9,210,112,3.9,2.1,424,142,7.9,2.6,9.7,3.1,2792,20,20.0,0.1,3171,93,22.8,0.7,1872,249,13.6,1.8,167,62,1.3,0.5,13837,13837,5317,273,830450500.0,100.0,5.1,43.15,3,76864,7783,1409,330,10.1,2.4,13903,2.5,176,7159,2.5,183,7181,2.4,172,7252,2.3,165,7316,2.5,184,7283,2.7,201,7366,2.8,209,7362,2.8,208,7311,2.6,186,7262,2.4,179,7326,2.5,184,7251,2.2,159,7194,2.8,200,7230,2.8,200,7171,2.8,202,7249,2.9,213,7315,3.1,229,7281,3.5,254,7340,0,1,-1,0,0,0,1,1,0,-1,0,-1,1,0,-1,512,14179,2024-09-26 07:15:00+00:00,2024-09-26 07:15:00+00:00,3.6,0,0,5.0,,,,,0,0,0,0,0,0,0,0,0,0,0,0,0,0,0,0,0.0,0.0,0.0,0.0,0.0,0.0,0.0
"Montgomery County, Virginia","POLYGON ((-80.606962 37.244871, -80.573592 37.256596, -80.520399 37.268893, -80.479194 37.285258, -80.467436 37.293831, -80.430943 37.316378, -80.351522 37.349193, -80.32484 37.368833, -80.262184 37.341526, -80.258577 37.308702, -80.218979 37.263706, -80.205091 37.248116, -80.192536 37.234383, -80.189938 37.233437, -80.191109 37.231598, -80.183548 37.175898, -80.177677 37.133178, -80.178125 37.1134, -80.283675 37.07883, -80.288837 37.074418, -80.345412 37.026506, -80.389465 37.0217, -80.42237 37.002493, -80.42641 37.014303, -80.442416 37.007141, -80.451612 37.021453, -80.463009 37.008378, -80.471583 36.993452, -80.485986 36.999096, -80.491806 36.9818, -80.515619 37.011125, -80.520714 36.996968, -80.543933 36.984639, -80.555587 37.00958, -80.558159 37.038034, -80.543626 37.049576, -80.560091 37.082313, -80.578134 37.082819, -80.580469 37.089662, -80.578286 37.09325, -80.556803 37.099876, -80.549088 37.118304, -80.530959 37.110504, -80.532121 37.119029, -80.50854 37.135708, -80.511287 37.147782, -80.52476 37.147873, -80.526464 37.136307, -80.530711 37.132541, -80.529762 37.133842, -80.527158 37.14827, -80.55006 37.156228, -80.565363 37.177154, -80.551959 37.191544, -80.526019 37.191628, -80.518646 37.205561, -80.56483 37.197711, -80.58007 37.185147, -80.585999 37.182764, -80.601675 37.202283, -80.614295 37.214259, -80.606962 37.244871))",51121,1,1,1,1,EM-3621-VA,DR-4831-VA,88312,35298,3651,39.97,4.13,36456,3676,41.28,4.16,16558,2705,18.75,3.06,No,23.22,10.88,46.59,29.7,15.79,49.62,0.0,0.0,0.0,98998,99159,0,42229,130,36731,646,87.0,1.4,20105,690,54.7,1.9,16626,849,45.3,1.9,40.8,0.4,760,180,2.1,0.5,518,161,1.4,0.4,1696,307,4.6,0.8,5.2,0.9,15167,0,15.3,0.0,13583,196,13.7,0.2,10322,914,10.5,0.9,2145,366,2.2,0.4,26012,99721,38026,892,1001932837.0,26.1,2.3,257.78,1,67620,5986,20853,1566,23.8,1.8,87689,2.5,1237,49916,2.8,1457,52675,2.8,1494,52786,2.4,1246,52507,3.1,1579,50655,3.8,1920,49887,3.7,1874,50046,3.9,1924,49502,2.9,1478,51797,3.1,1614,52155,3.0,1554,52113,2.5,1296,51655,3.3,1599,49031,3.9,2021,51306,4.0,2031,51323,3.3,1695,51002,3.8,1862,49469,4.7,2317,48883,-1,-1,1,1,0,0,-1,-1,-1,-1,-1,-1,-1,-1,-1,4846,58675,2024-09-27 18:30:00+00:00,2024-09-27 18:30:00+00:00,8.3,34,34,4.6,DR-4831-VA,Tropical Storm,4831.0,VA,65,0,0,148,91,76,83,42,15,40,17,0,89,14,30,0,0.4,0.0,0.1,60.1,93.3,75.0,0.0
"Nelson County, Virginia","POLYGON ((-79.144388 37.856096, -79.15739 37.891003, -79.146639 37.888826, -79.118283 37.901083, -79.062283 37.91752, -79.044552 37.890888, -79.017225 37.89345, -79.00579 37.881587, -78.985157 37.901996, -78.942068 37.940237, -78.899093 37.948798, -78.901923 37.95325, -78.893611 37.977148, -78.906945 37.987538, -78.889757 37.995045, -78.873692 38.028624, -78.857456 38.03263, -78.854384 38.036452, -78.838874 38.04737, -78.760379 37.914346, -78.732117 37.865174, -78.708046 37.825101, -78.667455 37.759409, -78.683104 37.759992, -78.686087 37.737505, -78.668862 37.724752, -78.643918 37.733084, -78.655935 37.703543, -78.641666 37.683675, -78.664359 37.680181, -78.677134 37.69624, -78.695737 37.692943, -78.688241 37.678643, -78.71904 37.661543, -78.719279 37.635386, -78.739437 37.631542, -78.788128 37.642038, -78.82124 37.631842, -78.811042 37.601741, -78.82914 37.594642, -78.830339 37.580942, -78.813339 37.568152, -78.825238 37.552542, -78.824938 37.537342, -78.869245 37.542092, -78.897905 37.543857, -78.937508 37.616075, -78.954613 37.647048, -78.96696 37.676479, -78.983322 37.682554, -78.986017 37.695546, -79.005982 37.697475, -79.014477 37.705285, -79.030946 37.702646, -79.067355 37.720255, -79.065845 37.74634, -79.071417 37.778303, -79.089887 37.787891, -79.109485 37.784691, -79.121505 37.802418, -79.137964 37.814141, -79.172131 37.803097, -79.144388 37.856096))",51125,1,0,0,1,,DR-4831-VA,14705,4231,836,28.77,5.69,6778,916,46.09,6.23,3696,815,25.13,5.54,No,68.92,31.68,88.25,66.16,36.09,89.46,0.0,0.0,0.0,14766,14777,0,9947,24,6470,318,65.0,3.2,5124,358,79.2,4.6,1346,315,20.8,4.6,88.4,2.7,396,162,6.1,2.5,90,65,1.4,1.0,757,225,11.7,3.4,12.5,3.4,2610,0,17.7,0.0,4324,110,29.3,0.7,2009,363,13.6,2.5,285,179,2.0,1.3,14775,14775,6466,256,1219224540.0,100.0,4.0,31.39,3,77049,6127,2021,379,13.8,2.6,14626,2.8,201,7104,2.6,189,7189,2.4,174,7252,2.2,162,7274,2.5,178,7153,2.9,210,7247,3.0,219,7209,3.0,214,7213,2.7,194,7176,2.7,192,7217,2.8,203,7143,2.5,179,7107,3.2,233,7230,3.1,225,7178,3.1,227,7267,3.1,228,7251,3.3,239,7142,3.7,266,7191,-1,1,-1,-1,0,0,1,0,-1,0,0,-1,1,0,-1,1049,11907,2024-09-27 21:00:00+00:00,2024-09-27 21:00:00+00:00,8.8,0,0,4.8,,,,,0,0,0,0,0,0,0,0,0,0,0,0,0,0,0,0,0.0,0.0,0.0,0.0,0.0,0.0,0.0
"Norton City, Virginia","POLYGON ((-82.663289 36.920733, -82.634101 36.952248, -82.615761 36.956708, -82.611077 36.948653, -82.603422 36.959671, -82.589279 36.94339, -82.621684 36.929167, -82.618264 36.906756, -82.633959 36.90624, -82.643992 36.900116, -82.663289 36.920733))",51720,1,1,0,1,EM-3621-VA,DR-4831-VA,3492,1215,408,34.79,11.68,1202,421,34.42,12.06,1075,339,30.78,9.71,No,90.67,41.54,98.56,94.73,45.11,99.99,0.0,0.0,0.0,3478,3620,0,1748,162,1553,139,88.8,5.9,812,150,52.3,9.7,741,180,47.7,9.7,65.2,14.7,225,123,14.5,7.6,51,44,3.3,2.7,489,165,31.5,9.7,33.5,10.0,683,135,18.9,3.7,746,171,20.6,4.7,1088,303,30.5,8.5,2,7,0.1,0.2,365,3687,1678,57,19366553.0,9.9,3.4,493.08,1,42618,5615,712,157,20.6,4.5,3448,3.6,54,1500,3.0,46,1510,2.8,43,1520,2.6,40,1512,3.5,52,1505,4.1,62,1512,4.6,69,1500,4.2,63,1490,3.6,54,1517,3.3,51,1525,3.5,53,1523,3.3,50,1520,4.5,68,1511,4.2,64,1529,4.1,62,1517,3.8,58,1510,4.2,62,1489,4.2,63,1494,0,-1,1,0,0,1,0,1,0,1,1,0,0,1,-1,0,0,-888888888,-888888888,0.0,34,34,6.1,,,,,0,0,0,0,0,0,0,0,0,0,0,0,0,0,0,0,0.0,0.0,0.0,0.0,0.0,0.0,0.0
"Patrick County, Virginia","POLYGON ((-80.621751 36.619833, -80.591767 36.657226, -80.594947 36.661372, -80.552399 36.652112, -80.549872 36.642479, -80.525522 36.644114, -80.500701 36.656551, -80.488737 36.650354, -80.489307 36.661633, -80.465776 36.67342, -80.45811 36.696526, -80.45377 36.700447, -80.46418 36.708718, -80.458572 36.738359, -80.443794 36.747859, -80.409332 36.742676, -80.394658 36.744867, -80.386909 36.797676, -80.344442 36.813471, -80.341953 36.833249, -80.321006 36.84082, -80.305165 36.842286, -80.28999 36.857579, -80.235455 36.87213, -80.198285 36.864747, -80.066652 36.841604, -80.07267 36.823278, -80.041493 36.794365, -80.075721 36.790453, -80.094389 36.779552, -80.089908 36.753379, -80.089839 36.753211, -80.094744 36.746326, -80.094207 36.724581, -80.069095 36.674018, -80.059653 36.663544, -80.059501 36.632911, -80.050364 36.605752, -80.0534585356035 36.5425366652957, -80.122183 36.542646, -80.169535 36.54319, -80.171636 36.543219, -80.1729665072297 36.543232089309, -80.225339 36.5437473211895, -80.225408 36.543748, -80.228263 36.543867, -80.2765530911762 36.5439434220613, -80.295243 36.543973, -80.431605 36.550219, -80.432628 36.550302, -80.4401 36.55063, -80.4403411541913 36.5506401560323, -80.4802648117057 36.5523215116599, -80.4804875636461 36.5523308926949, -80.5638456739035 36.5558414585226, -80.6120580996221 36.5578718895589, -80.615254 36.588909, -80.625704 36.604287, -80.621751 36.619833))",51141,1,0,0,1,,DR-4831-VA,17388,4684,955,26.94,5.49,8646,1021,49.72,5.87,4058,890,23.34,5.12,No,57.15,23.18,81.73,54.88,28.57,81.95,0.0,0.0,0.0,17308,17606,0,10006,25,7797,335,77.9,3.3,6018,342,77.2,3.7,1779,316,22.8,3.7,79.7,2.5,636,195,8.2,2.5,218,100,2.8,1.3,955,224,12.2,2.8,12.8,2.8,3060,98,17.4,0.6,4746,109,27.0,0.6,3657,392,21.3,2.3,238,91,1.4,0.5,17608,17608,7839,186,1250852626.0,100.0,2.4,36.46,3,51200,6249,2466,575,14.4,3.4,17121,3.3,254,7804,3.4,263,7814,2.9,229,7885,2.7,212,7800,3.0,231,7766,3.4,265,7703,3.6,280,7714,3.6,279,7723,3.3,251,7665,3.2,249,7708,3.2,247,7623,2.8,213,7615,3.6,274,7628,3.8,286,7583,3.5,266,7620,3.6,281,7715,3.7,282,7637,4.2,319,7607,-1,1,-1,-1,0,0,1,1,0,0,0,-1,1,1,-1,4091,16526,2024-09-27 19:00:00+00:00,2024-09-27 19:00:00+00:00,24.8,34,34,5.6,,,,,0,0,0,0,0,0,0,0,0,0,0,0,0,0,0,0,0.0,0.0,0.0,0.0,0.0,0.0,0.0
"Pittsylvania County, Virginia","POLYGON ((-79.690513 36.645404, -79.689447 36.649864, -79.680921 36.685479, -79.640652 36.856139, -79.633407 36.88615, -79.621868 36.934753, -79.61232 36.975016, -79.594157 37.041928, -79.594069 37.042206, -79.562621 37.035017, -79.548938 37.053218, -79.535614 37.041127, -79.475454 37.010771, -79.458993 37.016944, -79.483272 37.03529, -79.487418 37.052758, -79.489516 37.0625, -79.442859 37.055867, -79.405242 37.063242, -79.404731 37.091777, -79.387549 37.092948, -79.362538 37.119797, -79.339519 37.137454, -79.321913 37.120921, -79.295256 37.104805, -79.282818 37.105627, -79.272657 37.111164, -79.269642 37.119063, -79.259288 37.131076, -79.25191 37.132441, -79.243837 37.123124, -79.227887 37.098529, -79.215907 37.118921, -79.200845 37.098401, -79.205975 37.076588, -79.193691 37.054911, -79.182374 37.069618, -79.143478 37.075852, -79.127139 37.089864, -79.111053 37.068737, -79.092264 37.061498, -79.112981 36.974635, -79.127736 36.915151, -79.164338 36.766236, -79.171374 36.736711, -79.180857 36.697709, -79.2184541869829 36.5414925778669, -79.24974 36.541139, -79.3428159854101 36.5411765254678, -79.3431171666517 36.5411766468951, -79.351535 36.55124, -79.333988 36.573348, -79.327208 36.569958, -79.305589 36.569616, -79.304635 36.580776, -79.305566 36.582294, -79.328445 36.582292, -79.330969 36.601669, -79.349263 36.599625, -79.354662 36.609288, -79.36426 36.608109, -79.368776 36.616894, -79.369323 36.634436, -79.399619 36.643446, -79.404291 36.629754, -79.415663 36.617967, -79.419418 36.606467, -79.428731 36.598908, -79.443219 36.606204, -79.500848 36.618262, -79.518995 36.603359, -79.490187 36.580621, -79.478272 36.584375, -79.456537 36.576699, -79.472112 36.560621, -79.4700322670177 36.5410249389508, -79.510647 36.540738, -79.5136470557863 36.5407578620674, -79.5178257644934 36.5407855274842, -79.6060285382053 36.5413694797702, -79.666827 36.541772, -79.667309 36.541772, -79.7148401962592 36.5420023594642, -79.690513 36.645404))",51143,1,1,1,1,EM-3621-VA,DR-4831-VA,58446,18384,2116,31.45,3.62,24368,2266,41.69,3.88,15694,1974,26.85,3.38,No,77.78,57.37,87.17,75.18,57.89,88.71,0.0,0.0,0.0,59410,60148,0,29468,48,24633,491,83.6,1.7,19397,630,78.7,2.0,5236,517,21.3,2.0,72.8,0.4,1416,256,5.7,1.0,1948,352,7.9,1.4,3400,432,13.8,1.7,14.9,1.7,10870,26,18.1,0.1,14475,76,24.1,0.1,11871,817,20.2,1.4,868,217,1.5,0.4,53883,60501,25315,991,2509705674.0,89.1,3.9,62.44,2,54627,3114,7968,1585,13.7,2.7,58176,3.5,993,28316,3.5,980,28396,3.2,920,28542,3.3,940,28674,3.2,910,28296,3.5,1007,28592,4.1,1163,28234,3.8,1058,28200,3.3,923,28266,3.2,903,28461,3.2,904,28204,2.8,788,28106,3.5,998,28312,3.5,1000,28230,3.6,1008,28371,3.7,1048,28448,4.0,1133,28211,4.5,1276,28416,-1,1,-1,0,0,1,1,0,1,1,1,-1,1,1,-1,1015,46870,2024-09-27 15:45:00+00:00,2024-09-27 15:45:00+00:00,2.2,34,34,4.4,DR-4831-VA,Tropical Storm,4831.0,VA,5,0,0,23,20,18,18,11,2,9,4,0,11,2,7,0,0.1,0.0,0.0,47.8,100.0,77.8,0.0
"Pulaski County, Virginia","POLYGON ((-80.930627 37.115087, -80.896151 37.122989, -80.887031 37.127274, -80.854627 37.147482, -80.80149 37.179632, -80.734593 37.19799, -80.734248 37.19805, -80.72832 37.202218, -80.672201 37.224115, -80.606962 37.244871, -80.614295 37.214259, -80.601675 37.202283, -80.585999 37.182764, -80.58007 37.185147, -80.56483 37.197711, -80.518646 37.205561, -80.526019 37.191628, -80.551959 37.191544, -80.565363 37.177154, -80.55006 37.156228, -80.527158 37.14827, -80.529762 37.133842, -80.544642 37.143705, -80.550105 37.14678, -80.568062 37.141675, -80.582596 37.134191, -80.595167 37.125125, -80.580469 37.089662, -80.578134 37.082819, -80.560091 37.082313, -80.543626 37.049576, -80.558159 37.038034, -80.555587 37.00958, -80.543933 36.984639, -80.552847 36.970239, -80.597585 36.94309, -80.633987 36.93178, -80.67613 36.908037, -80.68259 36.895144, -80.740483 36.879001, -80.789941 36.93357, -80.809293 36.940399, -80.809345 36.953385, -80.835014 36.978813, -80.835144 36.978942, -80.862576 37.003642, -80.865973 37.005754, -80.893249 37.027399, -80.912674 37.073349, -80.930627 37.115087))",51155,1,1,1,1,EM-3621-VA,DR-4831-VA,32792,10526,1613,32.1,4.92,13933,1695,42.49,5.17,8333,1429,25.41,4.36,No,70.59,41.54,85.9,67.66,45.11,87.21,0.0,0.0,0.0,33579,33771,0,17039,49,14386,367,84.4,2.2,10380,403,72.2,2.6,4006,407,27.8,2.6,68.2,1.2,598,176,4.2,1.2,320,98,2.2,0.7,2007,285,14.0,1.9,14.3,1.9,6033,39,17.9,0.1,7656,138,22.7,0.4,6355,502,19.5,1.5,204,109,0.6,0.3,14396,33800,14523,524,828380598.0,42.6,3.6,105.68,1,59839,5928,5365,850,16.5,2.6,32522,3.1,490,15903,2.9,479,16708,2.6,436,16698,2.4,396,16632,2.8,454,16021,3.1,486,15677,3.3,522,15778,4.4,697,15758,3.0,489,16406,4.5,745,16718,3.1,503,16481,2.5,410,16338,3.3,512,15515,4.8,782,16373,4.5,733,16332,3.5,573,16190,4.1,641,15723,8.0,1276,16017,-1,1,-1,0,0,1,1,0,0,1,0,-1,1,1,-1,3128,21208,2024-09-27 18:30:00+00:00,2024-09-27 18:30:00+00:00,14.7,34,34,5.1,DR-4831-VA,Tropical Storm,4831.0,VA,136,0,2,266,156,128,144,95,49,91,55,2,180,48,75,2,1.8,0.3,0.6,67.7,98.0,82.4,100.0
"Radford City, Virginia","POLYGON ((-80.582596 37.134191, -80.568062 37.141675, -80.550105 37.14678, -80.544642 37.143705, -80.529762 37.133842, -80.530711 37.132541, -80.526464 37.136307, -80.52476 37.147873, -80.511287 37.147782, -80.50854 37.135708, -80.532121 37.119029, -80.530959 37.110504, -80.549088 37.118304, -80.556803 37.099876, -80.578286 37.09325, -80.580469 37.089662, -80.595167 37.125125, -80.582596 37.134191))",51750,1,1,1,1,EM-3621-VA,DR-4831-VA,13619,5317,1066,39.04,7.83,5571,1061,40.91,7.79,2731,766,20.05,5.62,No,32.9,6.84,69.81,35.33,10.53,69.92,0.0,0.0,0.0,17273,16505,0,6457,35,5500,211,85.2,3.3,2347,214,42.7,4.1,3153,285,57.3,4.1,27.8,1.4,238,115,4.3,2.1,58,41,1.1,0.8,622,155,11.3,2.8,11.7,2.9,2038,96,12.3,0.6,1549,98,9.4,0.6,1958,304,12.0,1.9,77,68,0.5,0.4,674,16070,5789,108,25061729.0,4.2,1.9,1660.74,1,47325,5175,3562,661,26.4,4.9,13481,2.8,240,8724,3.2,300,9234,3.6,336,9285,2.8,261,9199,3.7,327,8889,4.7,408,8765,4.4,384,8780,4.9,424,8713,3.4,307,9085,4.0,372,9186,3.6,328,9149,3.0,275,9065,3.9,333,8601,5.1,465,9063,5.1,466,9058,3.9,346,8943,4.5,389,8689,6.0,522,8634,-1,-1,1,0,0,0,-1,0,-1,0,0,-1,-1,0,-1,7,2227,2024-09-27 19:00:00+00:00,2024-09-27 19:00:00+00:00,0.3,34,34,3.4,DR-4831-VA,Tropical Storm,4831.0,VA,99,0,0,166,61,40,55,19,2,19,6,0,60,2,11,0,3.0,0.0,0.3,36.1,100.0,57.9,0.0
"Roanoke County, Virginia","POLYGON ((-80.262184 37.341526, -80.246508 37.353942, -80.200301 37.378356, -80.147679 37.382492, -80.074119 37.422469, -80.062622 37.408325, -80.051755 37.404087, -79.94604 37.363176, -79.945616 37.362997, -79.920321 37.352193, -79.887589 37.338102, -79.865684 37.328668, -79.857699 37.320408, -79.847476 37.309352, -79.839607 37.300414, -79.850993 37.284442, -79.858405 37.267155, -79.846901 37.241304, -79.847217 37.225406, -79.893859 37.199308, -79.896686 37.180962, -79.911823 37.176955, -79.911878 37.169887, -79.962822 37.137274, -79.972429 37.139558, -80.001182 37.151665, -80.005309 37.167816, -80.030635 37.174806, -80.07739 37.15751, -80.086264 37.161947, -80.128674 37.122901, -80.133247 37.119347, -80.173492 37.109095, -80.178125 37.1134, -80.177677 37.133178, -80.183548 37.175898, -80.191109 37.231598, -80.189938 37.233437, -80.192536 37.234383, -80.205091 37.248116, -80.218979 37.263706, -80.258577 37.308702, -80.262184 37.341526), (-80.105716 37.280734, -80.105036 37.278118, -80.088464 37.28227, -80.074512 37.257062, -80.064726 37.260382, -80.051202 37.2522, -80.046455 37.253852, -80.033464 37.26289, -80.037477 37.251804, -80.02883 37.24365, -80.004179 37.24642, -79.998191 37.252158, -79.994117 37.241383, -79.994392 37.241179, -79.988175 37.237319, -79.975902 37.236707, -79.974073 37.231346, -79.973967 37.231265, -79.966665 37.219996, -79.957781 37.21272, -79.946282 37.218171, -79.936217 37.227136, -79.929166 37.222245, -79.901075 37.264305, -79.905032 37.266023, -79.904886 37.266259, -79.907393 37.275258, -79.907422 37.275336, -79.917959 37.279503, -79.883273 37.293765, -79.87855 37.29189, -79.879723 37.297104, -79.887867 37.3079, -79.918066 37.328414, -79.926634 37.324037, -79.929288 37.319974, -79.934026 37.320846, -79.949734 37.326254, -79.959013 37.320139, -79.964265 37.333846, -79.968835 37.337313, -79.971662 37.334878, -79.989021 37.327208, -80.004961 37.315644, -80.022226 37.308338, -80.027941 37.311026, -80.033596 37.324293, -80.038176 37.320277, -80.047729 37.317732, -80.058967 37.31259, -80.084224 37.297499, -80.12034 37.286886, -80.105716 37.280734))",51161,1,0,0,1,,DR-4831-VA,95609,39771,3824,41.6,4.0,38745,3870,40.52,4.05,17093,2973,17.88,3.11,No,17.65,7.79,41.06,25.56,12.03,44.36,0.0,0.0,0.0,97334,96793,0,42251,56,39231,457,92.9,1.1,29919,653,76.3,1.4,9312,577,23.7,1.4,71.4,0.3,1461,314,3.7,0.8,761,234,1.9,0.6,2512,435,6.4,1.1,6.9,1.1,19212,5,19.8,0.1,21104,109,21.8,0.1,13020,1019,13.7,1.1,2530,414,2.7,0.4,18814,96929,39777,1323,648917442.0,19.4,3.3,386.87,1,80929,5519,6804,1356,7.2,1.4,94827,2.6,1307,49524,2.7,1336,49919,2.4,1217,50423,2.3,1147,50237,2.6,1324,50235,2.9,1474,50137,3.1,1541,50470,3.1,1557,49890,2.8,1389,50189,2.7,1358,50271,2.7,1357,50033,2.4,1180,50075,2.9,1464,49848,3.0,1516,49859,3.0,1519,49910,3.1,1550,49772,3.3,1617,49410,3.6,1797,49535,1,1,-1,1,-1,0,1,-1,-1,-1,-1,-1,1,0,-1,12428,61549,2024-09-27 20:45:00+00:00,2024-09-27 20:45:00+00:00,20.2,34,34,5.8,,,,,0,0,0,0,0,0,0,0,0,0,0,0,0,0,0,0,0.0,0.0,0.0,0.0,0.0,0.0,0.0
"Roanoke City, Virginia","POLYGON ((-80.033464 37.26289, -80.018446 37.264254, -80.015672 37.271379, -80.014253 37.270984, -80.013916 37.280327, -80.023263 37.290266, -80.019215 37.299034, -80.022226 37.308338, -80.004961 37.315644, -79.989021 37.327208, -79.971662 37.334878, -79.968835 37.337313, -79.964265 37.333846, -79.959013 37.320139, -79.949734 37.326254, -79.934026 37.320846, -79.929288 37.319974, -79.926634 37.324037, -79.918066 37.328414, -79.887867 37.3079, -79.879723 37.297104, -79.87855 37.29189, -79.883273 37.293765, -79.917959 37.279503, -79.907422 37.275336, -79.907393 37.275258, -79.904886 37.266259, -79.905032 37.266023, -79.901075 37.264305, -79.929166 37.222245, -79.936217 37.227136, -79.946282 37.218171, -79.957781 37.21272, -79.966665 37.219996, -79.973967 37.231265, -79.974073 37.231346, -79.975902 37.236707, -79.988175 37.237319, -79.994392 37.241179, -79.994117 37.241383, -79.998191 37.252158, -80.004179 37.24642, -80.02883 37.24365, -80.037477 37.251804, -80.033464 37.26289))",51770,1,0,0,1,,DR-4831-VA,96730,32164,4598,33.25,4.75,40132,4761,41.49,4.92,24434,3838,25.26,3.97,No,69.63,43.03,84.34,66.91,45.86,85.71,0.0,0.0,0.0,97912,98677,0,48931,45,43429,713,88.8,1.5,22452,884,51.7,1.8,20977,847,48.3,1.8,66.9,0.3,3201,464,7.4,1.1,1846,364,4.3,0.8,7218,663,16.6,1.5,17.5,1.5,22331,0,22.6,0.0,17227,97,17.5,0.1,13625,938,14.0,1.0,4094,510,4.4,0.6,4,100011,44411,1629,110129888.0,0.0,3.7,2352.02,1,51782,3767,17522,2860,18.4,3.0,95204,3.2,1530,48396,3.2,1579,48757,3.2,1569,49326,2.8,1372,49064,3.2,1552,49009,3.4,1678,48966,3.7,1838,49390,3.8,1840,48832,3.3,1600,49112,3.2,1553,49225,3.2,1554,49005,2.8,1395,49027,3.5,1700,48809,3.6,1742,48811,3.7,1786,48850,3.6,1731,48585,3.7,1795,48230,4.0,1959,48378,0,-1,1,0,0,1,1,1,1,1,1,1,1,0,-1,7497,52169,2024-09-27 20:45:00+00:00,2024-09-27 20:45:00+00:00,14.4,34,34,5.3,,,,,0,0,0,0,0,0,0,0,0,0,0,0,0,0,0,0,0.0,0.0,0.0,0.0,0.0,0.0,0.0
"Russell County, Virginia","POLYGON ((-82.389739 36.885621, -82.376477 36.890131, -82.34261 36.896458, -82.336474 36.887155, -82.317169 36.908066, -82.309117 36.90212, -82.302121 36.913556, -82.32783 36.970982, -82.284965 36.998429, -82.261926 36.98945, -82.246603 36.995716, -82.196419 37.03103, -82.184013 37.026797, -82.168374 37.041159, -82.149375 37.041641, -82.13629 37.04378, -82.110953 37.041228, -82.101748 37.050963, -82.075701 37.038217, -82.045338 37.046669, -82.027235 37.065971, -82.007037 37.120198, -82.001471 37.117849, -81.991447 37.12833, -81.914916 37.130706, -81.900892 37.142553, -81.889809 37.111265, -81.840917 37.065584, -81.827205 37.053848, -81.815877 37.037943, -81.805419 37.018655, -81.800576 37.006988, -81.780545 36.958629, -81.818728 36.947258, -81.837096 36.929039, -81.885255 36.889544, -81.946975 36.864681, -81.976049 36.869502, -81.979884 36.881193, -82.078777 36.854725, -82.107931 36.835369, -82.114758 36.815613, -82.103704 36.798521, -82.224516 36.762904, -82.241382 36.753549, -82.308651 36.726674, -82.332078 36.708969, -82.348417 36.75752, -82.356356 36.779852, -82.406633 36.876356, -82.389739 36.885621))",51167,1,1,1,1,EM-3621-VA,DR-4831-VA,25414,8535,1232,33.58,4.85,10535,1287,41.45,5.06,6344,1071,24.96,4.21,No,67.9,39.47,84.09,65.41,42.85,84.95,0.0,0.0,0.0,25420,25635,0,12772,23,10470,321,82.0,2.5,7936,353,75.8,2.9,2534,322,24.2,2.9,71.5,1.1,921,230,8.8,2.1,378,131,3.6,1.2,2009,303,19.2,2.9,20.0,3.0,4793,64,18.7,0.2,5895,75,23.0,0.3,8218,533,32.4,2.1,13,18,0.1,0.1,25623,25781,11063,335,1226421372.0,99.4,3.0,54.44,2,51459,5528,4685,848,18.5,3.4,25314,4.1,399,9653,4.0,386,9626,3.4,334,9683,3.1,292,9510,3.6,343,9421,4.0,382,9500,4.4,413,9445,4.5,417,9275,4.0,375,9345,4.0,374,9377,4.1,384,9286,3.8,356,9248,4.7,441,9411,4.5,425,9351,4.4,415,9416,4.5,425,9384,4.8,443,9255,5.1,475,9321,-1,1,-1,0,0,1,1,1,0,1,1,-1,1,1,-1,15236,15339,2024-09-27 19:45:00+00:00,2024-09-27 19:45:00+00:00,99.3,34,34,8.1,DR-4831-VA,Tropical Storm,4831.0,VA,313,0,0,770,546,436,450,245,44,245,68,0,613,43,193,0,7.4,0.4,2.3,79.6,97.7,78.8,0.0
"Scott County, Virginia","POLYGON ((-82.947587 36.67587, -82.87502 36.71048, -82.824273 36.732071, -82.829812 36.747219, -82.818416 36.76109, -82.790289 36.776567, -82.771595 36.800031, -82.748646 36.832431, -82.691031 36.820582, -82.656819 36.845319, -82.634338 36.8786, -82.616175 36.880805, -82.554437 36.882086, -82.441544 36.884427, -82.402601 36.88464, -82.406633 36.876356, -82.356356 36.779852, -82.348417 36.75752, -82.332078 36.708969, -82.307823 36.619667, -82.2941391924011 36.595705583357, -82.296995 36.595704, -82.3869092861722 36.5950556892547, -82.466613 36.594481, -82.478668 36.595588, -82.487238 36.595822, -82.4938325003088 36.5957289673513, -82.5172711030511 36.5953983046485, -82.5455829729465 36.5949988917858, -82.554294 36.594876, -82.559774 36.5948, -82.561074 36.5948, -82.5721345801877 36.5946388119681, -82.609176 36.594099, -82.6540774589595 36.5938443363359, -82.679879 36.593698, -82.6881447837838 36.593698, -82.69578 36.593698, -82.830433 36.593761, -82.888013 36.593461, -82.9851235492625 36.5937302148783, -82.947587 36.67587))",51169,1,1,1,1,EM-3621-VA,DR-4831-VA,20857,6706,1057,32.15,5.07,8116,1112,38.91,5.33,6035,942,28.94,4.52,No,86.16,63.0,93.53,87.96,63.15,95.48,0.0,0.0,0.0,21388,21504,0,11776,24,8951,295,76.0,2.5,7011,296,78.3,2.6,1940,258,21.7,2.6,75.5,1.2,739,139,8.3,1.5,228,107,2.5,1.2,1877,267,21.0,2.8,21.3,2.8,3867,71,18.0,0.3,5382,94,25.0,0.4,6083,598,29.3,2.9,51,35,0.2,0.2,21211,21576,9254,302,1387786258.0,98.3,3.3,40.27,2,46015,5507,4226,719,20.5,3.5,20624,3.4,279,8132,3.4,275,8131,2.9,242,8236,2.9,235,8164,3.4,276,8162,3.7,307,8208,4.0,326,8175,3.8,313,8183,3.6,300,8262,3.4,279,8222,3.5,290,8186,3.1,251,8164,4.0,326,8178,4.0,329,8189,3.9,320,8179,4.0,328,8196,4.1,330,8121,4.5,364,8148,-1,1,-1,0,-1,1,1,1,0,1,1,-1,1,1,-1,12051,13135,2024-09-28 00:15:00+00:00,2024-09-28 00:15:00+00:00,91.7,34,34,7.9,DR-4831-VA,Tropical Storm,4831.0,VA,142,0,1,382,265,205,226,108,24,106,35,0,274,23,79,0,4.3,0.3,1.2,71.7,95.8,74.5,0.0
"Smyth County, Virginia","POLYGON ((-81.837096 36.929039, -81.818728 36.947258, -81.780545 36.958629, -81.708788 36.977011, -81.676851 36.933998, -81.640781 36.948506, -81.576142 36.989693, -81.533791 36.996065, -81.474539 37.018476, -81.480519 36.986291, -81.43673 37.010135, -81.379402 36.952442, -81.327673 36.900438, -81.326855 36.899459, -81.316608 36.876504, -81.272446 36.792109, -81.261987 36.763033, -81.300897 36.753561, -81.38403 36.739987, -81.439214 36.716908, -81.467913 36.715064, -81.543957 36.701517, -81.531409 36.693595, -81.533047 36.676308, -81.547229 36.65648, -81.559965 36.65867, -81.605865 36.638079, -81.61903 36.633997, -81.687177 36.765604, -81.696803 36.783804, -81.699561 36.789316, -81.727576 36.817764, -81.751766 36.84251, -81.836279 36.928213, -81.837096 36.929039))",51173,1,1,1,1,EM-3621-VA,DR-4831-VA,28972,9627,1369,33.23,4.73,11893,1428,41.05,4.93,7452,1189,25.72,4.1,No,71.96,45.42,86.09,69.17,48.12,87.21,0.0,0.0,0.0,29137,29585,0,15080,56,12530,338,83.1,2.2,8880,363,70.9,2.6,3650,363,29.1,2.6,72.6,0.9,1226,226,9.8,1.8,388,118,3.1,0.9,1989,262,15.9,2.0,16.5,2.0,5718,11,19.3,0.1,6728,83,22.7,0.3,6207,644,21.5,2.2,252,95,0.9,0.3,22519,29800,12819,485,1169221995.0,75.6,3.8,66.01,2,52646,5408,4330,938,15.1,3.3,28613,3.9,498,12700,3.9,487,12639,3.7,475,12724,3.2,404,12575,3.7,459,12498,3.9,488,12548,4.1,515,12440,4.0,485,12265,3.7,459,12279,3.6,444,12242,3.8,461,12163,3.4,410,12097,4.0,484,12186,4.2,510,12203,4.2,513,12220,4.0,486,12206,4.3,517,12114,4.7,574,12190,-1,1,-1,0,0,1,1,1,0,1,1,-1,1,1,-1,12160,17146,2024-09-27 18:30:00+00:00,2024-09-27 18:30:00+00:00,70.9,34,34,7.5,DR-4831-VA,Tropical Storm,4831.0,VA,445,0,1,1466,1168,981,1098,771,280,767,383,0,1007,265,582,0,11.7,2.2,6.1,68.7,94.6,75.9,0.0
"Tazewell County, Virginia","POLYGON ((-81.897262 37.152228, -81.875186 37.153141, -81.866285 37.158765, -81.870608 37.166838, -81.857503 37.1743, -81.821729 37.178675, -81.786977 37.191498, -81.761894 37.201927, -81.7392766866866 37.2388369743647, -81.738543 37.238264, -81.73332 37.238127, -81.728194 37.239823, -81.726171 37.240522, -81.723061 37.240493, -81.719554 37.237785, -81.716248 37.234321, -81.71573 37.228771, -81.698954 37.218201, -81.695113 37.21357, -81.686717 37.213105, -81.683544 37.211452, -81.684012 37.211098, -81.683268 37.205649, -81.681379 37.203634, -81.678603 37.202467, -81.67821 37.201483, -81.6366288229209 37.2033147854936, -81.560625 37.206663, -81.558353 37.208145, -81.557315 37.207697, -81.556892 37.207275, -81.556119 37.207413, -81.5536 37.208443, -81.549248 37.213732, -81.545211 37.220165, -81.544437 37.220761, -81.53307 37.223414, -81.527458 37.225817, -81.520729 37.226914, -81.508786 37.232564, -81.507325 37.2338, -81.50626 37.239272, -81.506428 37.244469, -81.50488 37.247697, -81.504168 37.250115, -81.50319 37.252579, -81.4989951769625 37.2578720969097, -81.498874 37.258025, -81.497775 37.257899, -81.497773 37.25719, -81.498445 37.256568, -81.498045 37.254659, -81.495738 37.252393, -81.492287 37.25096, -81.483559 37.250604, -81.480144 37.251121, -81.476431 37.255127, -81.462107 37.259899, -81.46 37.262547, -81.459874 37.263901, -81.460585 37.265527, -81.458895 37.266466, -81.4544345864767 37.2669722607342, -81.454199 37.266999, -81.449068 37.269583, -81.448285 37.270575, -81.43285 37.272697, -81.427946 37.271015, -81.416663 37.273214, -81.411593 37.28033, -81.409577 37.284025, -81.409729 37.284837, -81.409196 37.286071, -81.403764 37.296597, -81.40506 37.298794, -81.402195 37.30166, -81.398185 37.302965, -81.396817 37.304498, -81.397357 37.306358, -81.398702 37.307806, -81.398548 37.310635, -81.394287 37.316411, -81.388132 37.319903, -81.386727 37.320474, -81.38581 37.320085, -81.384914 37.318832, -81.384127 37.318596, -81.380159 37.317838, -81.377349 37.318447, -81.374455 37.318614, -81.37261 37.320195, -81.371315 37.324115, -81.367599 37.327569, -81.36803 37.329447, -81.369264 37.330568, -81.369379 37.331827, -81.36809 37.332423, -81.367052 37.334504, -81.366315 37.335927, -81.362156 37.337687, -81.320105 37.299323, -81.3178643846482 37.2978029589604, -81.2921503143867 37.280358446647, -81.2744856162342 37.2683746556213, -81.2569873300908 37.2565037590659, -81.2420528468917 37.246372155107, -81.2327302271123 37.2400476582895, -81.225104 37.234874, -81.243553 37.224062, -81.283786 37.213749, -81.263864 37.173018, -81.31376 37.159447, -81.333009 37.149137, -81.32814 37.138949, -81.269362 37.12779, -81.261318 37.114727, -81.270078 37.093012, -81.326273 37.067374, -81.357998 37.058295, -81.399281 37.057678, -81.436602 37.041137, -81.462279 37.035402, -81.43673 37.010135, -81.480519 36.986291, -81.474539 37.018476, -81.533791 36.996065, -81.576142 36.989693, -81.640781 36.948506, -81.676851 36.933998, -81.708788 36.977011, -81.780545 36.958629, -81.800576 37.006988, -81.805419 37.018655, -81.815877 37.037943, -81.827205 37.053848, -81.840917 37.065584, -81.889809 37.111265, -81.900892 37.142553, -81.897262 37.152228))",51185,1,1,1,1,EM-3621-VA,DR-4831-VA,37638,10398,1685,27.63,4.48,17202,1767,45.7,4.69,10038,1482,26.67,3.94,No,76.85,52.63,88.1,74.43,54.13,89.46,0.0,0.0,0.0,38875,39933,0,19804,36,15951,411,80.5,2.0,11652,498,73.0,2.6,4299,441,27.0,2.6,75.8,1.0,1130,210,7.1,1.3,430,158,2.7,1.0,2347,316,14.7,2.0,15.4,2.1,7935,108,19.9,0.3,9288,112,23.3,0.3,7799,645,20.2,1.7,189,82,0.5,0.2,21142,40429,16966,560,1343663016.0,52.3,3.3,77.93,2,45959,5093,7838,1225,21.0,3.3,37303,4.2,620,14850,4.3,639,15005,4.1,623,15164,3.6,533,14860,4.0,597,14812,4.5,662,14872,4.8,723,14938,4.6,673,14600,4.2,626,14866,4.0,600,14901,4.1,605,14790,3.7,545,14690,4.7,694,14807,4.9,728,14838,4.9,731,14886,4.8,716,14805,5.3,782,14664,5.9,865,14719,-1,1,-1,-1,0,1,1,1,0,1,1,-1,1,1,-1,18835,29559,2024-09-27 22:45:00+00:00,2024-09-27 22:45:00+00:00,63.7,34,34,7.5,DR-4831-VA,Tropical Storm,4831.0,VA,580,0,3,1673,1208,1014,1067,660,174,658,239,2,1230,166,510,2,10.5,1.1,4.1,73.5,95.4,77.5,100.0
"Washington County, Virginia","POLYGON ((-82.308651 36.726674, -82.241382 36.753549, -82.224516 36.762904, -82.103704 36.798521, -82.114758 36.815613, -82.107931 36.835369, -82.078777 36.854725, -81.979884 36.881193, -81.976049 36.869502, -81.946975 36.864681, -81.885255 36.889544, -81.837096 36.929039, -81.836279 36.928213, -81.751766 36.84251, -81.727576 36.817764, -81.699561 36.789316, -81.696803 36.783804, -81.687177 36.765604, -81.61903 36.633997, -81.605865 36.638079, -81.6109 36.616952, -81.6469 36.611918, -81.73694 36.612379, -81.7546361214299 36.6127407968302, -81.7705260627446 36.6130656663459, -81.826742 36.614215, -81.8693876360908 36.6151034692802, -81.922644 36.616213, -81.934144 36.594213, -82.0537298775231 36.5944946409847, -82.1022994618737 36.594609028953, -82.1455730331036 36.594710944091, -82.132973 36.608502, -82.105678 36.629731, -82.110509 36.6349, -82.10299 36.646397, -82.129019 36.676005, -82.133135 36.675593, -82.114325 36.638403, -82.15784 36.626745, -82.178693 36.62703, -82.18927 36.621861, -82.233384 36.604083, -82.2426815243427 36.5957341132403, -82.24409004842 36.5957333323066, -82.2941391924011 36.595705583357, -82.307823 36.619667, -82.332078 36.708969, -82.308651 36.726674))",51191,1,1,1,1,EM-3621-VA,DR-4831-VA,52505,16041,2154,30.55,4.1,24121,2269,45.94,4.32,12343,1914,23.51,3.65,No,58.1,33.39,76.96,57.14,37.59,76.68,0.0,0.0,0.0,54098,53913,0,25505,68,22118,342,86.7,1.3,16770,440,75.8,1.9,5348,442,24.2,1.9,71.3,0.6,1386,265,6.3,1.2,537,222,2.4,1.0,2740,429,12.4,1.9,13.0,1.9,9340,94,17.3,0.2,13106,47,24.3,0.1,11441,843,21.5,1.6,330,121,0.6,0.2,37309,53935,22616,795,1453483675.0,69.2,3.5,96.11,2,57758,5645,6659,1445,12.8,2.8,52169,3.0,745,24598,3.0,746,24615,2.7,680,24961,2.5,624,24722,3.0,732,24694,3.4,837,24864,3.7,907,24756,3.5,858,24782,3.0,756,24793,3.2,803,24772,3.3,799,24572,2.8,674,24481,3.5,860,24605,3.5,864,24584,3.5,853,24693,3.5,867,24755,3.7,919,24570,4.1,1012,24663,-1,1,-1,-1,0,0,1,0,0,0,0,-1,1,1,-1,18732,29680,2024-09-27 22:30:00+00:00,2024-09-27 22:30:00+00:00,63.1,34,34,7.5,DR-4831-VA,Tropical Storm,4831.0,VA,432,0,14,1098,864,661,783,520,163,515,229,12,741,147,356,12,5.0,0.7,2.3,67.5,90.2,69.1,100.0
"Wise County, Virginia","POLYGON ((-82.878639 36.893981, -82.876438 36.896238, -82.873213 36.897263, -82.870068 36.901735, -82.872561 36.903376, -82.877473 36.90796, -82.876215 36.910218, -82.8744623576499 36.9117140002996, -82.873777 36.912299, -82.872136 36.913456, -82.867116 36.917965, -82.865192 36.920923, -82.863468 36.922308, -82.861943 36.924236, -82.860032 36.925241, -82.858635 36.927785, -82.857965 36.929529, -82.858461 36.932717, -82.858784 36.933065, -82.860537 36.937439, -82.861684 36.939316, -82.861282 36.944848, -82.860633 36.94584, -82.859969 36.949074, -82.856099 36.952471, -82.855705 36.953808, -82.858443 36.954036, -82.860534 36.956015, -82.862866 36.957765, -82.864211 36.957983, -82.865404 36.958084, -82.867358 36.963182, -82.87023 36.965498, -82.870274 36.965993, -82.8694630847178 36.9720796959173, -82.869183 36.974182, -82.868455 36.976481, -82.867535 36.977518, -82.866689 36.978052, -82.866019 36.978272, -82.864909 36.97901, -82.862926 36.979975, -82.860561 36.978265, -82.857936 36.978276, -82.856768 36.979095, -82.856417 36.982216, -82.853729 36.985178, -82.852614 36.984963, -82.851397 36.984497, -82.849429 36.983479, -82.845002 36.983812, -82.841252 36.986858, -82.840051 36.987113, -82.838549 36.987027, -82.836008 36.988837, -82.833843 36.991973, -82.830802 36.993445, -82.829125 36.997541, -82.830588 37.000945, -82.829961 37.003555, -82.828592 37.005707, -82.825224 37.006279, -82.822684 37.004128, -82.821798 37.00438, -82.819715 37.006212, -82.818006 37.006161, -82.815748 37.007196, -82.813579 37.00532, -82.800531 37.007944, -82.797487 37.009654, -82.796187 37.008502, -82.795695 37.006702, -82.794824 37.005899, -82.793441 37.005491, -82.79089 37.00676, -82.790462 37.007263, -82.789092 37.007995, -82.788897 37.00816, -82.782144 37.008242, -82.778386 37.012521, -82.777368 37.015279, -82.7743562471201 37.0155151629299, -82.771795 37.015716, -82.767083 37.020935, -82.766408 37.023106, -82.759175 37.027333, -82.754051 37.026587, -82.751852 37.025624, -82.750715 37.024107, -82.747981 37.025214, -82.745562 37.029839, -82.743684 37.041397, -82.742454 37.04298, -82.733603 37.044525, -82.731722 37.043447, -82.726279 37.042098, -82.7250951724975 37.0425972499372, -82.724714 37.042758, -82.722472 37.045101, -82.723279 37.047616, -82.723128 37.052436, -82.722254 37.057948, -82.723904 37.062542, -82.726312 37.06687, -82.727022 37.073019, -82.723747 37.075525, -82.721676 37.07519, -82.718353 37.075706, -82.71674 37.07722, -82.717204 37.079544, -82.718183 37.080679, -82.720597 37.081833, -82.72304 37.084992, -82.724954 37.091905, -82.724358 37.09299, -82.722179 37.094309, -82.721617 37.101276, -82.721941 37.105689, -82.726294 37.111852, -82.7264401572135 37.1148062616125, -82.726449 37.114985, -82.726201 37.115882, -82.722097 37.120168, -82.718334 37.122267, -82.716334 37.122093, -82.70787 37.125488, -82.695667 37.131514, -82.684601 37.135835, -82.679428 37.135575, -82.676765 37.134965, -82.6743550722579 37.1365665546542, -82.67153 37.138444, -82.667717 37.141949, -82.662449 37.143865, -82.657468 37.145024, -82.65476 37.150601, -82.653268 37.151314, -82.651646 37.151908, -82.633493 37.154264, -82.6328527306302 37.1549082083456, -82.624878 37.162932, -82.617423 37.168129, -82.60829 37.173047, -82.597447 37.177088, -82.592766 37.180391, -82.593232 37.18206, -82.592451 37.182847, -82.586718 37.185623, -82.578988 37.188498, -82.5653752160821 37.1960922172527, -82.565329 37.196118, -82.558178 37.199606, -82.5538643292855 37.2028191532953, -82.546535 37.129195, -82.544164 37.124935, -82.497601 37.064584, -82.494358 37.059954, -82.4787 37.022976, -82.467071 37.021968, -82.450648 37.012582, -82.403702 36.98589, -82.394444 36.982159, -82.378821 36.980806, -82.362386 36.955717, -82.32783 36.970982, -82.302121 36.913556, -82.309117 36.90212, -82.317169 36.908066, -82.336474 36.887155, -82.34261 36.896458, -82.376477 36.890131, -82.389739 36.885621, -82.406633 36.876356, -82.402601 36.88464, -82.441544 36.884427, -82.554437 36.882086, -82.616175 36.880805, -82.634338 36.8786, -82.656819 36.845319, -82.691031 36.820582, -82.748646 36.832431, -82.771595 36.800031, -82.787543 36.811797, -82.823679 36.838584, -82.835564 36.847975, -82.845883 36.8469, -82.851532 36.870187, -82.8782081655467 36.8927955121479, -82.878639 36.893981), (-82.643992 36.900116, -82.633959 36.90624, -82.618264 36.906756, -82.621684 36.929167, -82.589279 36.94339, -82.603422 36.959671, -82.611077 36.948653, -82.615761 36.956708, -82.634101 36.952248, -82.663289 36.920733, -82.643992 36.900116))",51195,1,1,1,1,EM-3621-VA,DR-4831-VA,32899,9483,1528,28.82,4.64,15572,1591,47.33,4.84,7844,1320,23.84,4.01,No,60.59,33.43,79.64,60.14,37.59,79.69,0.0,0.0,0.0,34973,35727,0,16659,46,14055,342,84.4,2.1,10419,398,74.1,2.4,3636,354,25.9,2.4,64.5,1.9,1213,262,8.6,1.8,420,133,3.0,0.9,2980,396,21.2,2.8,22.0,2.8,6855,59,19.2,0.2,7157,247,20.0,0.7,8996,697,27.0,2.1,170,64,0.5,0.2,23624,36130,14367,565,1044913732.0,65.4,3.9,89.55,2,50442,2715,5924,1321,18.2,4.1,32558,3.7,474,12915,3.7,487,13232,3.4,447,13319,3.2,423,13342,3.8,502,13266,4.3,569,13280,4.5,589,13092,4.4,576,13024,3.9,520,13313,3.9,520,13404,3.9,522,13402,3.4,448,13318,4.4,581,13098,4.4,598,13449,4.6,611,13395,4.3,578,13374,4.6,602,13176,5.0,660,13254,-1,1,-1,-1,0,0,0,1,0,1,1,-1,1,1,-1,14703,10626,2024-09-27 17:45:00+00:00,2024-09-27 17:45:00+00:00,100.0,34,34,6.7,DR-4831-VA,Tropical Storm,4831.0,VA,113,0,0,377,289,232,248,137,30,136,49,0,225,28,90,0,2.7,0.2,1.0,59.7,93.3,66.2,0.0
"Wythe County, Virginia","POLYGON ((-81.367228 36.967217, -81.355827 36.964517, -81.338326 36.975417, -81.315425 36.998517, -81.286458 37.018993, -81.224624 37.047835, -81.191819 37.037035, -81.178854 37.025099, -81.166057 37.024653, -81.131036 37.038095, -81.114319 37.022612, -81.106884 37.025146, -81.032514 37.046858, -80.972963 37.054817, -80.912674 37.073349, -80.893249 37.027399, -80.865973 37.005754, -80.862576 37.003642, -80.835144 36.978942, -80.835014 36.978813, -80.809345 36.953385, -80.809293 36.940399, -80.789941 36.93357, -80.740483 36.879001, -80.794776 36.863387, -80.812735 36.853232, -80.856422 36.848196, -80.860193 36.847356, -80.951778 36.827191, -81.022269 36.811313, -81.030306 36.814522, -81.042428 36.806448, -81.072309 36.790822, -81.084188 36.788097, -81.08851 36.767422, -81.172813 36.763226, -81.186016 36.758421, -81.261987 36.763033, -81.272446 36.792109, -81.316608 36.876504, -81.326855 36.899459, -81.327673 36.900438, -81.379402 36.952442, -81.367228 36.967217))",51197,1,1,1,1,EM-3621-VA,DR-4831-VA,28085,9157,1402,32.6,4.99,11676,1464,41.57,5.21,7252,1218,25.82,4.34,No,72.56,44.3,87.05,71.42,47.36,88.71,0.0,0.0,0.0,28100,28219,0,14016,42,12396,324,88.4,2.3,9493,322,76.6,2.5,2903,342,23.4,2.5,70.9,1.4,617,188,5.0,1.5,332,145,2.7,1.2,1685,310,13.6,2.5,14.1,2.5,5506,35,19.5,0.1,6201,132,22.0,0.5,5527,581,19.7,2.1,259,86,1.0,0.3,21136,28290,12281,447,1196450505.0,74.7,3.6,61.24,2,59026,6812,3757,805,13.5,2.9,27894,3.0,426,14399,3.0,439,14517,2.7,397,14640,2.4,356,14581,2.7,387,14271,3.1,447,14418,3.2,467,14409,3.8,554,14404,3.0,429,14436,3.4,498,14541,2.9,417,14363,2.5,359,14278,3.2,462,14253,4.0,574,14401,4.0,587,14521,3.3,471,14436,3.4,490,14225,5.4,790,14577,0,1,-1,0,0,1,1,0,0,0,0,-1,1,1,-1,10068,17453,2024-09-27 20:15:00+00:00,2024-09-27 20:15:00+00:00,57.7,34,34,7.5,DR-4831-VA,Tropical Storm,4831.0,VA,163,0,5,585,480,388,434,321,113,314,135,4,459,111,266,4,4.7,0.9,2.5,78.5,98.2,84.7,100.0
"Mercer County, West Virginia","POLYGON ((-81.345012 37.3669, -81.325733 37.399824, -81.311201 37.424509, -81.292919 37.413178, -81.282565 37.420866, -81.307387 37.459486, -81.278521 37.472177, -81.258535 37.498832, -81.222121 37.510416, -81.199966 37.542374, -81.198869 37.575533, -81.135418 37.597916, -81.09463 37.588658, -80.971003 37.50483, -80.85956311282 37.429558233261, -80.863142 37.424644, -80.865148 37.419927, -80.865174 37.416996, -80.864455 37.41418, -80.862761 37.411829, -80.883248 37.383933, -80.876558219407 37.3766044667966, -80.849451 37.346909, -80.865321 37.340523, -80.868986 37.338573, -80.880103 37.328903, -80.900535 37.315, -80.919259 37.306163, -80.92704 37.303683, -80.931118 37.302872, -80.938135 37.300278, -80.947896 37.295872, -80.966556 37.292158, -80.973889 37.291444, -80.980146 37.292743, -80.981322 37.293465, -80.982173 37.296023, -80.979106 37.300581, -80.979589 37.302279, -80.996013 37.299545, -81.000576 37.297868, -81.008457 37.296073, -81.021937 37.294143, -81.037191 37.290251, -81.084012 37.284401, -81.09482 37.28264, -81.112596 37.278497, -81.1234048818848 37.2751130599252, -81.1236616608042 37.2750326700676, -81.142404 37.269165, -81.158964 37.265382, -81.1602707804801 37.2649767603248, -81.167029 37.262881, -81.178151 37.257979, -81.1844879477754 37.2544167132402, -81.204774 37.243013, -81.225104 37.234874, -81.2327302271123 37.2400476582895, -81.2420528468917 37.246372155107, -81.2569873300908 37.2565037590659, -81.2744856162342 37.2683746556213, -81.2921503143867 37.280358446647, -81.3178643846482 37.2978029589604, -81.320105 37.299323, -81.362156 37.337687, -81.345012 37.3669))",54055,1,0,1,0,,DR-4851-WV,57448,17588,2655,30.62,4.62,24978,2787,43.48,4.85,14882,2345,25.91,4.08,No,73.1,46.62,86.51,64.54,27.27,85.45,0.0,0.0,0.0,57524,59062,0,29358,35,24413,554,83.2,1.9,17025,669,69.7,2.6,7388,686,30.3,2.6,77.0,0.6,2175,468,8.9,1.9,518,181,2.1,0.7,5401,650,22.1,2.6,22.2,2.6,12361,106,20.9,0.2,13341,95,22.6,0.2,13070,976,22.3,1.7,356,245,0.6,0.4,24947,59664,25356,901,1085106063.0,41.8,3.6,142.41,1,47084,4399,11203,2003,19.7,3.5,56865,4.5,1029,22898,4.7,1080,23176,4.7,1088,23274,3.8,881,23160,3.9,911,23149,4.6,1070,23416,4.7,1095,23410,4.4,1028,23293,3.7,867,23465,3.6,832,23366,3.6,838,23015,3.6,817,22901,4.3,998,23142,4.1,950,23094,4.1,945,23166,3.5,828,23441,3.6,833,23245,4.5,1047,23463,-1,1,-1,0,0,1,1,1,0,1,1,-1,1,1,-1,24483,33864,2024-09-27 16:30:00+00:00,2024-09-27 16:30:00+00:00,72.3,34,34,6.8,DR-4851-WV,Tropical Storm,4851.0,WV,238,0,0,1146,1029,919,874,597,341,582,506,0,916,326,478,0,4.7,1.4,2.4,79.9,95.6,82.1,0.0
